,Unnamed: 0.19,Unnamed: 0.18,Unnamed: 0.17,Unnamed: 0.16,Unnamed: 0.15,Unnamed: 0.14,Unnamed: 0.13,Unnamed: 0.12,Unnamed: 0.11,Unnamed: 0.10,Unnamed: 0.9,Unnamed: 0.8,Unnamed: 0.7,Unnamed: 0.6,Unnamed: 0.5,Unnamed: 0.4,Unnamed: 0.3,Unnamed: 0.2,Unnamed: 0.1,Unnamed: 0,validation_f1_macro,validation_f1_micro,validation_f1_by_class,validation_auc_macro,validation_auc_micro,validation_auc_by_class,validation_p_5,validation_LRAP,validation_metrics_sample_size,train_f1_macro,train_f1_micro,train_f1_by_class,train_auc_macro,train_auc_micro,train_auc_by_class,train_p_5,train_LRAP,train_metrics_sample_size,epoch,curr_lr,run_name,project_path,base_checkpoint,num_attention_heads,num_layers,lr,max_chunks,grad_accumulation,use_positional_embeddings,use_reverse_positional_embeddings,priority_mode,priority_idxs,use_document_embeddings,use_reverse_document_embeddings,use_category_embeddings,num_labels,use_all_tokens,num_heads_labattn,final_aggregation,only_discharge_summary,patience_threshold,max_epochs,save_model,load_from_checkpoint,checkpoint_name,evaluate_temporal,use_multihead_attention,debug,weight_aux,setup,limit_ds,is_baseline,aux_task,apply_transformation,apply_weight,reduce_computation,apply_temporal_loss,random_sample,num_categories
0,0.0,0.0,0.0,0.0,0.0,0.0,0.0,0.0,0.0,0.0,0.0,0.0,0.0,0.0,0.0,0.0,0.0,0.0,0.0,,0.1004562162685953,0.21555639666919,"[0.37815976 0.26495726 0.52344932 0.41721854 0.61669506 0.00863931
 0.2987013  0.08813559 0.         0.26351351 0.46153846 0.24031008
 0.70987654 0.         0.         0.         0.171875   0.
 0.         0.         0.         0.         0.01408451 0.
 0.         0.56565657 0.         0.         0.         0.
 0.         0.         0.         0.         0.         0.
 0.         0.         0.         0.         0.         0.
 0.         0.         0.         0.         0.         0.
 0.         0.        ]",0.6674819413729335,0.7304200591487531,"[0.60866143 0.66030362 0.79207375 0.73667434 0.81628168 0.61380276
 0.73513538 0.70408332 0.5594095  0.74007152 0.80246782 0.76531158
 0.96845677 0.56908361 0.51660949 0.50884401 0.73569221 0.49241621
 0.58787872 0.50805189 0.85561827 0.55231604 0.74657238 0.67608696
 0.65885343 0.97831727 0.60551519 0.57457633 0.76519495 0.58130551
 0.6980002  0.48144076 0.61590285 0.50493774 0.76500172 0.73400144
 0.51161147 0.64959024 0.69288094 0.55884345 0.50545092 0.68246245
 0.64737231 0.87829974 0.59731251 0.81157096 0.70294037 0.62815523
 0.52254658 0.77010926]",0.3567676767676767,0.4115500689428014,1485.0,0.0701352746864955,0.1252206832535536,"[0.33841018 0.25823806 0.23255814 0.09419931 0.34460662 0.01474201
 0.09844909 0.00155642 0.03737024 0.14778325 0.05231388 0.04679376
 0.30402723 0.10490921 0.01038422 0.07244318 0.11324376 0.06926407
 0.08357349 0.00280112 0.06046512 0.0661157  0.05004634 0.06987952
 0.04225352 0.21178821 0.05722071 0.01936376 0.         0.01568627
 0.06808511 0.07250221 0.07392996 0.0518018  0.         0.
 0.         0.045      0.         0.         0.         0.00873362
 0.04545455 0.06458558 0.         0.         0.02053388 0.
 0.         0.03565062]",0.5603947751508531,0.6662000101554583,"[0.54972218 0.58569389 0.59792269 0.59139467 0.69460641 0.60008809
 0.59638188 0.55656137 0.52304671 0.60746139 0.59469588 0.59501702
 0.76011653 0.51680538 0.52907751 0.55332825 0.60595603 0.50910956
 0.56595075 0.50114448 0.68176997 0.49756449 0.52286795 0.5792544
 0.51393417 0.75722028 0.56407618 0.4917545  0.57287431 0.5468815
 0.6406627  0.48929204 0.51056971 0.51230513 0.5340779  0.55874941
 0.46338806 0.49187901 0.52603541 0.50300707 0.49531939 0.51478609
 0.53208201 0.68684163 0.53401533 0.52841623 0.53874579 0.51590336
 0.49600881 0.58537527]",0.2819029598594404,0.3446705918564625,7399.0,0.0,[5.217464962817069e-06],MMULA_evaluate,/home/carnelutti/Codes/ICD_Coding/Git_Codes/icd-continuous-prediction/,/home/carnelutti/Codes/CAML-DR/PLM_ICD_DIR/RoBERTa-base-PM-M3-Voc-distill-align/RoBERTa-base-PM-M3-Voc-distill-align-hf,1.0,1.0,5e-05,16.0,16.0,True,True,Last,[1],False,False,True,50.0,False,1.0,cls,False,3.0,20.0,True,False,Run_all_notes_last_second_transf,True,True,False,0.0,random,0.0,False,none,False,False,True,False,True,15.0
1,1.0,1.0,1.0,1.0,1.0,1.0,1.0,1.0,1.0,1.0,1.0,1.0,1.0,1.0,1.0,1.0,1.0,1.0,,,0.2042099608093625,0.3559417491350873,"[0.59194139 0.38211382 0.61119516 0.62318841 0.67388363 0.14095238
 0.35158501 0.16455696 0.11258278 0.40366972 0.62139918 0.46838407
 0.84771574 0.13877551 0.         0.10909091 0.28729282 0.
 0.         0.         0.52818991 0.20091324 0.07692308 0.03448276
 0.         0.84210526 0.18090452 0.         0.22516556 0.03896104
 0.07407407 0.         0.01449275 0.         0.11864407 0.07317073
 0.         0.         0.         0.         0.         0.35164835
 0.         0.59067358 0.04081633 0.14285714 0.         0.14814815
 0.         0.        ]",0.7451050861908928,0.7893613911984436,"[0.68173601 0.72617009 0.85677799 0.83019513 0.86233806 0.67478897
 0.78637566 0.76965011 0.67322377 0.80067553 0.85399686 0.80240272
 0.97330987 0.6579634  0.56533235 0.64469689 0.76755566 0.6146277
 0.60605854 0.60399911 0.90824543 0.68279514 0.78130347 0.72396825
 0.71180123 0.97999608 0.73678081 0.72890081 0.83195541 0.68996906
 0.77282777 0.51547891 0.69737387 0.58829906 0.82548074 0.78695027
 0.59162709 0.75652457 0.75001699 0.68158193 0.58349137 0.86357828
 0.73288683 0.94031977 0.75908959 0.87653304 0.74138594 0.83440473
 0.64458937 0.78522409]",0.4106397306397307,0.4881414540344631,1485.0,0.1921535256897823,0.3301290949472515,"[0.47181711 0.42075111 0.54186047 0.53282915 0.65514048 0.071875
 0.47586791 0.21334923 0.02235469 0.45021236 0.48045758 0.42477876
 0.77645844 0.03219316 0.         0.21618037 0.34629494 0.00250313
 0.05322416 0.         0.48391421 0.17120623 0.11178615 0.07936508
 0.01560062 0.73025801 0.09090909 0.00331126 0.24821683 0.03757829
 0.26362484 0.         0.01992032 0.         0.14117647 0.0880829
 0.         0.03928571 0.05952381 0.00477327 0.         0.38080495
 0.         0.2519685  0.         0.09933775 0.         0.08114558
 0.         0.01773836]",0.7210659753443361,0.7850846718349865,"[0.67636491 0.70521249 0.78919117 0.81192837 0.84729493 0.69259479
 0.77373252 0.73650066 0.60775792 0.7741319  0.81119531 0.80682599
 0.94592445 0.65216694 0.5777131  0.68023097 0.7604163  0.56201293
 0.6420456  0.56872978 0.8873107  0.72210381 0.72050733 0.69173234
 0.67129618 0.94806749 0.74455698 0.63647313 0.82199239 0.71379735
 0.81047893 0.55045824 0.7076294  0.60485205 0.797716   0.7364917
 0.59683751 0.71493184 0.71211074 0.62318873 0.64051309 0.82871149
 0.66094736 0.88343768 0.68497249 0.76826241 0.64850519 0.74747393
 0.64442363 0.7115476 ]",0.396649101472774,0.4878377391927082,7401.0,1.0,[1.4007186452355308e-05],MMULA_evaluate,/home/carnelutti/Codes/ICD_Coding/Git_Codes/icd-continuous-prediction/,/home/carnelutti/Codes/CAML-DR/PLM_ICD_DIR/RoBERTa-base-PM-M3-Voc-distill-align/RoBERTa-base-PM-M3-Voc-distill-align-hf,1.0,1.0,5e-05,16.0,16.0,True,True,Last,[1],False,False,True,50.0,False,1.0,cls,False,3.0,20.0,True,False,Run_all_notes_last_second_transf,True,True,False,0.0,random,0.0,False,none,False,False,True,False,True,15.0
2,2.0,2.0,2.0,2.0,2.0,2.0,2.0,2.0,2.0,2.0,2.0,2.0,2.0,2.0,2.0,2.0,2.0,,,,0.2877348022346526,0.3964483906770255,"[0.6293294  0.43082312 0.59881657 0.62820513 0.65273312 0.25042882
 0.36482085 0.47531993 0.33053221 0.41509434 0.45212766 0.45909091
 0.80916031 0.24291498 0.16129032 0.11764706 0.34361233 0.
 0.         0.34123223 0.46728972 0.37630662 0.33802817 0.14285714
 0.         0.84       0.2952381  0.         0.38423645 0.20212766
 0.24175824 0.         0.08974359 0.         0.31638418 0.23728814
 0.         0.38235294 0.20454545 0.06153846 0.         0.52336449
 0.         0.44444444 0.11111111 0.26315789 0.04958678 0.48
 0.01886792 0.21333333]",0.7621507863269636,0.7983722744586871,"[0.71634231 0.71803427 0.86093173 0.83948127 0.86657923 0.68906893
 0.81091596 0.78886484 0.68707819 0.803952   0.82886342 0.81016957
 0.96194754 0.70397973 0.62119116 0.68039468 0.78375207 0.62055303
 0.61923589 0.69630508 0.89204126 0.73052402 0.79996318 0.72771567
 0.70005626 0.9806338  0.76095304 0.70557954 0.84871053 0.72451573
 0.8005478  0.59438634 0.70921816 0.6406214  0.84822297 0.80644001
 0.64343546 0.81642397 0.77403045 0.69864046 0.61039348 0.86100299
 0.71347846 0.9237911  0.78610215 0.8403792  0.69729582 0.85458441
 0.69400966 0.81620108]",0.4274747474747474,0.5123903133381745,1485.0,0.252420434303426,0.3803293702062243,"[0.53365385 0.46520619 0.55526845 0.5865285  0.66582677 0.12888889
 0.54171908 0.34232365 0.10344828 0.44749755 0.56541219 0.4351799
 0.80351603 0.15503876 0.02672606 0.32827736 0.36630037 0.00738007
 0.06861756 0.03301238 0.53175457 0.32753327 0.21532091 0.13636364
 0.0304414  0.75762195 0.12206573 0.02799378 0.37128713 0.14981273
 0.32701422 0.         0.10071942 0.         0.22324159 0.15207373
 0.00911162 0.16774194 0.16828479 0.00469484 0.         0.54368932
 0.0172043  0.35550181 0.0344086  0.23515152 0.03508772 0.26819923
 0.01630435 0.13257576]",0.7574764715563768,0.806481297516709,"[0.71707014 0.73311953 0.80764605 0.83266617 0.87107792 0.72830242
 0.80963135 0.77229911 0.67277814 0.78764661 0.83480649 0.81673578
 0.9508352  0.67861107 0.62463164 0.7198249  0.7864095  0.58792154
 0.6733706  0.60320582 0.89953681 0.78551077 0.73839117 0.69880408
 0.70285415 0.95544063 0.78982134 0.68197062 0.85110117 0.76934231
 0.82097319 0.62105508 0.74616284 0.66540108 0.82650394 0.75997862
 0.66349753 0.77929099 0.75346365 0.66222894 0.6745128  0.88554207
 0.67740134 0.8843932  0.76584184 0.80416182 0.70607403 0.81124518
 0.74223837 0.74249408]",0.423085250338295,0.5213616038951193,7390.0,2.0,[2.6012446058155606e-05],MMULA_evaluate,/home/carnelutti/Codes/ICD_Coding/Git_Codes/icd-continuous-prediction/,/home/carnelutti/Codes/CAML-DR/PLM_ICD_DIR/RoBERTa-base-PM-M3-Voc-distill-align/RoBERTa-base-PM-M3-Voc-distill-align-hf,1.0,1.0,5e-05,16.0,16.0,True,True,Last,[1],False,False,True,50.0,False,1.0,cls,False,3.0,20.0,True,False,Run_all_notes_last_second_transf,True,True,False,0.0,random,0.0,False,none,False,False,True,False,True,15.0
3,3.0,3.0,3.0,3.0,3.0,3.0,3.0,3.0,3.0,3.0,3.0,3.0,3.0,3.0,3.0,3.0,,,,,0.3398908833098613,0.4376476942812774,"[0.67243675 0.46982055 0.61818182 0.618683   0.67609618 0.27513228
 0.49616368 0.45810056 0.36125654 0.46956522 0.6388309  0.47619048
 0.80506329 0.33823529 0.17241379 0.12345679 0.29299363 0.01010101
 0.         0.34449761 0.49275362 0.32520325 0.35390947 0.01709402
 0.08372093 0.81403509 0.3580786  0.26595745 0.41340782 0.3372549
 0.2247191  0.10945274 0.31182796 0.06185567 0.28169014 0.26666667
 0.048      0.45454545 0.22727273 0.04444444 0.         0.48333333
 0.20987654 0.49006623 0.48044693 0.30769231 0.32967033 0.51948052
 0.03738318 0.32748538]",0.7756865787205409,0.8048587745052946,"[0.73908875 0.71969955 0.86199638 0.84031875 0.87342888 0.71865536
 0.82903847 0.7898245  0.72872838 0.80017795 0.86620722 0.81342615
 0.96381501 0.70959974 0.66218103 0.72770023 0.79697963 0.60970773
 0.6008306  0.75493626 0.90419158 0.75220287 0.80500444 0.68478951
 0.70121167 0.96995596 0.73654251 0.72326594 0.8481438  0.72485733
 0.8027753  0.66638347 0.7182499  0.62895211 0.83241287 0.81653077
 0.64518989 0.81357497 0.79487441 0.69415537 0.62537109 0.85467288
 0.77500787 0.9350327  0.84960307 0.87252438 0.78000818 0.88281434
 0.71536232 0.82432688]",0.4360942760942762,0.5258207443354854,1485.0,0.2919442242728403,0.398832839087204,"[0.47942089 0.46662346 0.56118881 0.61835422 0.66370107 0.20473538
 0.55852843 0.38247012 0.19469027 0.45495722 0.57460036 0.46894236
 0.80277186 0.2430056  0.16504854 0.38346253 0.38356164 0.01726264
 0.04485219 0.20833333 0.53193613 0.35049505 0.28438662 0.14302741
 0.08544726 0.76764473 0.16845329 0.11337209 0.38765432 0.19366197
 0.32627646 0.00858369 0.15177066 0.03168317 0.26074499 0.23602484
 0.03153153 0.27428571 0.23421053 0.03160271 0.         0.54571429
 0.0513834  0.42716535 0.15185185 0.2893401  0.07816092 0.37436762
 0.04177546 0.14814815]",0.7707814968362662,0.8106481753584107,"[0.71738881 0.73246086 0.81267295 0.83866528 0.87508776 0.74724413
 0.81595068 0.79015822 0.69647016 0.7901895  0.8524726  0.8238094
 0.94604697 0.68444979 0.65059785 0.74377113 0.79696636 0.60648974
 0.66791896 0.65469003 0.90386262 0.80375417 0.74795485 0.70230496
 0.70805587 0.95523462 0.78709561 0.70685723 0.86167089 0.79624503
 0.83286983 0.65952556 0.77185332 0.69184179 0.84351327 0.78934906
 0.67473544 0.78644325 0.751115   0.69618923 0.67642059 0.87935733
 0.69860446 0.89803333 0.79734542 0.8024629  0.72622121 0.83705764
 0.75722054 0.75237864]",0.4253185145025752,0.5280550970905183,7378.0,3.0,[3.8014368600952494e-05],MMULA_evaluate,/home/carnelutti/Codes/ICD_Coding/Git_Codes/icd-continuous-prediction/,/home/carnelutti/Codes/CAML-DR/PLM_ICD_DIR/RoBERTa-base-PM-M3-Voc-distill-align/RoBERTa-base-PM-M3-Voc-distill-align-hf,1.0,1.0,5e-05,16.0,16.0,True,True,Last,[1],False,False,True,50.0,False,1.0,cls,False,3.0,20.0,True,False,Run_all_notes_last_second_transf,True,True,False,0.0,random,0.0,False,none,False,False,True,False,True,15.0
4,4.0,4.0,4.0,4.0,4.0,4.0,4.0,4.0,4.0,4.0,4.0,4.0,4.0,4.0,4.0,,,,,,0.3467292731435226,0.4248554913294797,"[0.6482661  0.47887324 0.59469697 0.59057971 0.62477558 0.30051813
 0.47930283 0.48970252 0.38095238 0.41533546 0.67669173 0.46190476
 0.78089888 0.32432432 0.30837004 0.11522634 0.38993711 0.01010101
 0.12222222 0.38139535 0.59090909 0.31818182 0.29126214 0.20725389
 0.05095541 0.68224299 0.28292683 0.2804878  0.4195122  0.3
 0.24742268 0.17708333 0.30952381 0.07865169 0.41935484 0.1875
 0.17721519 0.41726619 0.24120603 0.10958904 0.         0.4950495
 0.01869159 0.60732984 0.43939394 0.36879433 0.29577465 0.32258065
 0.         0.42622951]",0.7879595662719203,0.8083850629239357,"[0.74134386 0.72590916 0.86836813 0.84221064 0.88125912 0.73479745
 0.82149798 0.80331804 0.73830031 0.79640812 0.86459655 0.81562481
 0.9585546  0.70698285 0.66974659 0.71159621 0.81953586 0.59257691
 0.67035646 0.78178484 0.92750118 0.74715786 0.8192835  0.72681159
 0.73337721 0.97198906 0.75644773 0.74307518 0.84818381 0.74865872
 0.77546778 0.71148901 0.75567959 0.65620923 0.84651319 0.84287375
 0.66909476 0.81170202 0.79876619 0.737885   0.6173089  0.87839113
 0.75499747 0.95136639 0.88115851 0.88654388 0.7963374  0.88064205
 0.7236991  0.85459866]",0.4348821548821549,0.530820947147685,1485.0,0.3215876389776412,0.4153838970256346,"[0.50320513 0.47938639 0.57207977 0.61202553 0.67348166 0.23184544
 0.55532183 0.40438247 0.22801698 0.46598985 0.60174672 0.45132245
 0.782988   0.26099925 0.1965812  0.3926499  0.37631184 0.0098401
 0.0965251  0.21978022 0.55227033 0.39126306 0.29320388 0.15737705
 0.09876543 0.72637634 0.21961933 0.16       0.39416058 0.25210084
 0.38709677 0.05555556 0.20554649 0.08043876 0.29885057 0.25301205
 0.06751055 0.32294618 0.24328147 0.04494382 0.00526316 0.59444444
 0.10408922 0.43238095 0.44377811 0.32361242 0.11738149 0.4274571
 0.06217617 0.25      ]",0.7788721052155071,0.8170846475854664,"[0.72795913 0.74036587 0.81260974 0.84324102 0.87536892 0.75965923
 0.81829034 0.79349414 0.70316207 0.79452176 0.85693536 0.82684203
 0.93286264 0.69620293 0.66055838 0.74002656 0.79193993 0.59333581
 0.67658586 0.66456272 0.90848881 0.80098332 0.76386991 0.70304154
 0.72405211 0.94277247 0.79544738 0.71954041 0.86344203 0.81288321
 0.8444388  0.68714183 0.78858429 0.69435292 0.84952886 0.80083153
 0.69993177 0.79238851 0.76940598 0.70281746 0.6898082  0.89078531
 0.71784363 0.89745056 0.84491915 0.83226166 0.73655666 0.84153728
 0.76241582 0.75755944]",0.434892813806121,0.5440241260083603,7417.0,4.0,[4.679497364175488e-05],MMULA_evaluate,/home/carnelutti/Codes/ICD_Coding/Git_Codes/icd-continuous-prediction/,/home/carnelutti/Codes/CAML-DR/PLM_ICD_DIR/RoBERTa-base-PM-M3-Voc-distill-align/RoBERTa-base-PM-M3-Voc-distill-align-hf,1.0,1.0,5e-05,16.0,16.0,True,True,Last,[1],False,False,True,50.0,False,1.0,cls,False,3.0,20.0,True,False,Run_all_notes_last_second_transf,True,True,False,0.0,random,0.0,False,none,False,False,True,False,True,15.0
5,5.0,5.0,5.0,5.0,5.0,5.0,5.0,5.0,5.0,5.0,5.0,5.0,5.0,5.0,,,,,,,0.3531559991353954,0.4441264649768329,"[0.64300341 0.35294118 0.64864865 0.62416107 0.6405868  0.5487042
 0.4137931  0.48167539 0.31764706 0.32931727 0.62795699 0.42519685
 0.76811594 0.33846154 0.28181818 0.11881188 0.35220126 0.
 0.24858757 0.36199095 0.54609929 0.36781609 0.47923323 0.
 0.0754717  0.81666667 0.19895288 0.31460674 0.41304348 0.35190616
 0.22535211 0.24262295 0.4        0.07017544 0.15254237 0.26666667
 0.17333333 0.41610738 0.24675325 0.09459459 0.06153846 0.49541284
 0.19090909 0.48623853 0.48920863 0.41481481 0.35220126 0.27956989
 0.10526316 0.40707965]",0.7836126615807664,0.8182354950552231,"[0.72476381 0.73125095 0.86346699 0.84612774 0.86238395 0.74196819
 0.8161539  0.79169477 0.73248642 0.80120685 0.85927159 0.78782528
 0.94494824 0.72404389 0.67936228 0.65881266 0.81307589 0.60671142
 0.68234875 0.7642675  0.90820623 0.76824496 0.84560528 0.69648033
 0.71256983 0.96834256 0.7550134  0.78203818 0.84220984 0.76358859
 0.81630532 0.69872698 0.76534361 0.65877043 0.86072798 0.83094746
 0.67010527 0.80051704 0.77581489 0.69448824 0.61715996 0.85996108
 0.75551056 0.9361951  0.8620004  0.86071506 0.80603945 0.87022293
 0.7358109  0.83080016]",0.463030303030303,0.5557120763817271,1485.0,0.3398895468948467,0.425712589977325,"[0.54093344 0.46596859 0.56132075 0.62210457 0.68065967 0.26692456
 0.57674419 0.41372913 0.25715829 0.44590495 0.60396894 0.46754675
 0.78933043 0.26783115 0.23351648 0.41420664 0.41697692 0.0245098
 0.16055846 0.23058824 0.55858748 0.39804878 0.31376147 0.18106996
 0.14842767 0.75183076 0.26352288 0.20236531 0.43301435 0.24365482
 0.32181168 0.13549337 0.19173554 0.13939394 0.32972973 0.25609756
 0.16176471 0.34396671 0.22865412 0.05309735 0.01020408 0.58890469
 0.11864407 0.40305011 0.45757576 0.34906696 0.17208413 0.42512077
 0.05063291 0.32268371]",0.7841077820211698,0.820776758928577,"[0.73930415 0.74450285 0.81198642 0.84616643 0.87995015 0.76758036
 0.82010108 0.79303458 0.71750291 0.79794554 0.85801837 0.82610603
 0.94046515 0.69468682 0.6751385  0.75405536 0.80749826 0.60916476
 0.68304309 0.67105789 0.91244836 0.80629475 0.76826343 0.70871155
 0.72936039 0.95480977 0.80392189 0.72241075 0.87033777 0.81150133
 0.82947543 0.69391402 0.78509665 0.72398572 0.84750101 0.79978386
 0.70953985 0.78322611 0.75534905 0.71782981 0.71508868 0.88622759
 0.71742411 0.89861231 0.85908453 0.84097286 0.74067702 0.84323839
 0.76145597 0.77153744]",0.4458102071206173,0.5528250948526392,7387.0,5.0,[4.999998709130303e-05],MMULA_evaluate,/home/carnelutti/Codes/ICD_Coding/Git_Codes/icd-continuous-prediction/,/home/carnelutti/Codes/CAML-DR/PLM_ICD_DIR/RoBERTa-base-PM-M3-Voc-distill-align/RoBERTa-base-PM-M3-Voc-distill-align-hf,1.0,1.0,5e-05,16.0,16.0,True,True,Last,[1],False,False,True,50.0,False,1.0,cls,False,3.0,20.0,True,False,Run_all_notes_last_second_transf,True,True,False,0.0,random,0.0,False,none,False,False,True,False,True,15.0
6,6.0,6.0,6.0,6.0,6.0,6.0,6.0,6.0,6.0,6.0,6.0,6.0,6.0,,,,,,,,0.3486143567784052,0.4269456421856223,"[0.63278454 0.44268775 0.61266568 0.62646566 0.64991625 0.22962963
 0.4875     0.46153846 0.3803132  0.34375    0.68372943 0.4454343
 0.75820896 0.25742574 0.23676012 0.1547619  0.41       0.0199005
 0.24793388 0.36697248 0.58041958 0.40443213 0.2208589  0.21621622
 0.1183432  0.77966102 0.34821429 0.10526316 0.40883978 0.32160804
 0.22727273 0.09090909 0.38461538 0.13636364 0.35460993 0.21052632
 0.07751938 0.46280992 0.19130435 0.         0.01273885 0.52830189
 0.2875     0.41134752 0.54545455 0.36448598 0.35802469 0.36363636
 0.08695652 0.38410596]",0.7839643097499271,0.8093000848033761,"[0.7303751  0.73281655 0.86311748 0.83902072 0.88064564 0.74945705
 0.82441293 0.78962214 0.73568406 0.79706173 0.86947881 0.81421676
 0.95329035 0.68154696 0.68441968 0.69243969 0.81683884 0.57712433
 0.68169329 0.76507716 0.92123564 0.74378877 0.79158093 0.70267771
 0.74346944 0.96270658 0.75712217 0.77817736 0.84014962 0.75701282
 0.77896578 0.70744096 0.75300876 0.68351431 0.84454587 0.83634334
 0.6677185  0.78355492 0.78652153 0.70898303 0.60299651 0.86810962
 0.780946   0.91862401 0.87936124 0.89266522 0.77420555 0.88255878
 0.73812284 0.83376839]",0.4412121212121212,0.5297995484814647,1485.0,0.3493348554827502,0.430938047702507,"[0.51099228 0.4811784  0.56762481 0.61472995 0.67986994 0.31200898
 0.57785467 0.42244808 0.2771413  0.46067416 0.61681453 0.47219193
 0.79237057 0.2685069  0.21349148 0.43034605 0.42097147 0.00743494
 0.1625     0.24009324 0.57340895 0.42267051 0.31428571 0.1872428
 0.17518248 0.75239617 0.26832642 0.20185923 0.45747126 0.29483283
 0.36363636 0.11398964 0.2169059  0.17102967 0.31491713 0.24892704
 0.20454545 0.34770515 0.2228739  0.07758621 0.01518987 0.57777778
 0.13804714 0.42201835 0.47988506 0.34714446 0.16269841 0.42735043
 0.09456265 0.34303216]",0.7893333508445828,0.8249721640056682,"[0.73559372 0.73689568 0.82108496 0.8459704  0.88163232 0.77029468
 0.82055962 0.79388228 0.73251265 0.79171086 0.86412664 0.82900461
 0.93455785 0.69390907 0.68052767 0.77110488 0.79995907 0.61286302
 0.69779489 0.68040293 0.91624576 0.82439715 0.76179458 0.719804
 0.72489293 0.94945524 0.80739565 0.7270426  0.87047638 0.81741703
 0.83683769 0.70100651 0.7952508  0.7363265  0.85893406 0.81324383
 0.72875457 0.79185664 0.78786323 0.71628117 0.7094976  0.8809634
 0.73159801 0.90283945 0.85690089 0.8389868  0.74087381 0.85451603
 0.77891047 0.79191695]",0.449912316201268,0.5604913831476905,7413.0,6.0,[4.677007407632374e-05],MMULA_evaluate,/home/carnelutti/Codes/ICD_Coding/Git_Codes/icd-continuous-prediction/,/home/carnelutti/Codes/CAML-DR/PLM_ICD_DIR/RoBERTa-base-PM-M3-Voc-distill-align/RoBERTa-base-PM-M3-Voc-distill-align-hf,1.0,1.0,5e-05,16.0,16.0,True,True,Last,[1],False,False,True,50.0,False,1.0,cls,False,3.0,20.0,True,False,Run_all_notes_last_second_transf,True,True,False,0.0,random,0.0,False,none,False,False,True,False,True,15.0
7,7.0,7.0,7.0,7.0,7.0,7.0,7.0,7.0,7.0,7.0,7.0,7.0,,,,,,,,,0.3651045683509826,0.4306574753539396,"[0.47326733 0.40723982 0.6377709  0.60992908 0.69620253 0.3982808
 0.51219512 0.42722117 0.38461538 0.49079755 0.6556701  0.48034934
 0.81743869 0.34730539 0.2324159  0.11267606 0.46       0.
 0.26046512 0.36697248 0.55151515 0.34181818 0.4486692  0.20118343
 0.19900498 0.84462151 0.24630542 0.28235294 0.39285714 0.32160804
 0.1875     0.26896552 0.36158192 0.13541667 0.17391304 0.33333333
 0.18055556 0.37313433 0.19417476 0.13496933 0.03636364 0.46728972
 0.12280702 0.52222222 0.52941176 0.4516129  0.23529412 0.40816327
 0.08928571 0.44848485]",0.7935777098122135,0.8230783620744871,"[0.71453275 0.7339541  0.87093565 0.83967034 0.88969075 0.73885048
 0.82864247 0.78955776 0.73243548 0.82619146 0.8681821  0.81159268
 0.96010313 0.72081612 0.69788922 0.6999142  0.82927946 0.61789316
 0.6688358  0.76616864 0.9287498  0.76145925 0.85914791 0.73628709
 0.76571856 0.96893123 0.78271074 0.78369195 0.8475104  0.77233453
 0.78507079 0.72123886 0.77555815 0.64604597 0.84982544 0.85366551
 0.7016044  0.78549822 0.81861595 0.68380111 0.61982088 0.87513761
 0.79049626 0.9399448  0.86836349 0.89274106 0.7942172  0.87725092
 0.75064872 0.83766288]",0.454006734006734,0.5451258815654563,1485.0,0.3627996827941891,0.4431896432998209,"[0.53060421 0.49285952 0.58436945 0.60612387 0.69580731 0.28905289
 0.59398168 0.41722148 0.26874279 0.45837616 0.65073375 0.49736008
 0.79781421 0.30811936 0.224      0.44873445 0.41973375 0.00495663
 0.16827344 0.28045977 0.59606481 0.40453686 0.30753564 0.20892495
 0.19260918 0.77207063 0.30393487 0.21428571 0.44688645 0.2733119
 0.37410072 0.11247803 0.26911315 0.17816092 0.31187411 0.28630705
 0.19852941 0.35772358 0.26551227 0.09147609 0.02557545 0.59943182
 0.1958457  0.45077106 0.45521292 0.34174312 0.18987342 0.46864686
 0.13776722 0.37235543]",0.7970848119719157,0.8307375754944029,"[0.74463045 0.74697969 0.82758574 0.85086766 0.89102673 0.77884311
 0.82976991 0.79883071 0.73125511 0.78960112 0.87467008 0.84207071
 0.93515796 0.70622693 0.68969379 0.78260377 0.80373999 0.62985742
 0.6983841  0.69480957 0.92291337 0.81124172 0.7789828  0.73079454
 0.74142533 0.9593872  0.81486673 0.7357694  0.8724964  0.82025445
 0.84851971 0.71838808 0.80266101 0.73378289 0.86117119 0.82104634
 0.73912354 0.79876618 0.78778925 0.72466628 0.7142053  0.8888467
 0.7510147  0.90987421 0.8572208  0.84093876 0.76106515 0.86084554
 0.78858535 0.81099315]",0.4578143995677428,0.572856638778653,7403.0,7.0,[3.7971245593370564e-05],MMULA_evaluate,/home/carnelutti/Codes/ICD_Coding/Git_Codes/icd-continuous-prediction/,/home/carnelutti/Codes/CAML-DR/PLM_ICD_DIR/RoBERTa-base-PM-M3-Voc-distill-align/RoBERTa-base-PM-M3-Voc-distill-align-hf,1.0,1.0,5e-05,16.0,16.0,True,True,Last,[1],False,False,True,50.0,False,1.0,cls,False,3.0,20.0,True,False,Run_all_notes_last_second_transf,True,True,False,0.0,random,0.0,False,none,False,False,True,False,True,15.0
8,8.0,8.0,8.0,8.0,8.0,8.0,8.0,8.0,8.0,8.0,8.0,,,,,,,,,,0.3633108332150223,0.435116636401732,"[0.50551471 0.29842932 0.6452514  0.61045531 0.64943123 0.46387833
 0.43055556 0.46605505 0.37905237 0.42906574 0.66144814 0.38938053
 0.78453039 0.31020408 0.31578947 0.10909091 0.31292517 0.01
 0.25362319 0.38135593 0.49       0.34220532 0.36909871 0.109375
 0.13100437 0.84210526 0.34977578 0.33519553 0.35151515 0.3559322
 0.08163265 0.30519481 0.38297872 0.14084507 0.34437086 0.28037383
 0.15602837 0.42580645 0.25925926 0.12080537 0.01298701 0.46464646
 0.23602484 0.49844237 0.60122699 0.43356643 0.3902439  0.41441441
 0.08547009 0.44897959]",0.7962708112363653,0.824281597423643,"[0.73298627 0.72898172 0.8717906  0.84729609 0.89361312 0.75506469
 0.82488242 0.79591208 0.74053895 0.81743736 0.87400628 0.80461267
 0.94926723 0.71797853 0.6906048  0.7018777  0.8216391  0.60604249
 0.70708315 0.77915008 0.91362629 0.76571814 0.83088219 0.72608006
 0.75934875 0.97271944 0.79091653 0.78740243 0.84983732 0.77169654
 0.77140877 0.72798106 0.77464789 0.69163437 0.87151605 0.84442333
 0.71524308 0.79666561 0.80410251 0.71114381 0.63821897 0.87660219
 0.76444511 0.9450144  0.88650443 0.8939545  0.80294595 0.88201816
 0.74496204 0.8411153 ]",0.4534680134680134,0.5449579138165106,1485.0,0.3812032028030993,0.4585131894484413,"[0.5559322  0.50581589 0.59634077 0.61834421 0.7008547  0.33953998
 0.61418008 0.45181533 0.29101449 0.48       0.64667214 0.50173525
 0.80860452 0.28877005 0.23813112 0.47287164 0.44358578 0.00988875
 0.15817223 0.2575406  0.59209794 0.45623836 0.32264151 0.25592417
 0.20360551 0.7825384  0.30148048 0.25032595 0.46931408 0.27476038
 0.38604651 0.15829146 0.25411061 0.2154294  0.35723951 0.32751092
 0.20751342 0.38933333 0.28050491 0.12981744 0.04455446 0.62030598
 0.22153846 0.44893112 0.5        0.37142857 0.24856597 0.475382
 0.15315315 0.38176638]",0.8071043197400936,0.837958198785574,"[0.75392736 0.76493314 0.83382386 0.85126328 0.89162125 0.78988489
 0.84125826 0.81233757 0.74350329 0.81404594 0.87860733 0.8458859
 0.92906852 0.72153493 0.7042315  0.78705452 0.81643699 0.65129722
 0.69891634 0.70658648 0.9264646  0.83407478 0.78930967 0.74865528
 0.75598285 0.95474683 0.83166099 0.75384699 0.8795024  0.82586903
 0.85020786 0.71464885 0.81289642 0.75391914 0.87183514 0.84047821
 0.74741157 0.80812444 0.78697024 0.75354933 0.73152369 0.89223587
 0.75505596 0.91710178 0.86916038 0.85349183 0.78333642 0.87549476
 0.78853943 0.81290263]",0.4679719146637861,0.5846373947518794,7406.0,8.0,[2.5962661838921717e-05],MMULA_evaluate,/home/carnelutti/Codes/ICD_Coding/Git_Codes/icd-continuous-prediction/,/home/carnelutti/Codes/CAML-DR/PLM_ICD_DIR/RoBERTa-base-PM-M3-Voc-distill-align/RoBERTa-base-PM-M3-Voc-distill-align-hf,1.0,1.0,5e-05,16.0,16.0,True,True,Last,[1],False,False,True,50.0,False,1.0,cls,False,3.0,20.0,True,False,Run_all_notes_last_second_transf,True,True,False,0.0,random,0.0,False,none,False,False,True,False,True,15.0
9,9.0,9.0,9.0,9.0,9.0,9.0,9.0,9.0,9.0,9.0,,,,,,,,,,,0.3899594929770089,0.457315505271278,"[0.6510989  0.45540797 0.63252241 0.63536776 0.69824087 0.46969697
 0.49249249 0.49657534 0.34946237 0.40740741 0.65306122 0.44052863
 0.77840909 0.36216216 0.30212766 0.19642857 0.43396226 0.04784689
 0.21645022 0.38222222 0.53475936 0.37538462 0.31531532 0.17
 0.15789474 0.78632479 0.36434109 0.33513514 0.42364532 0.39416058
 0.20289855 0.29912023 0.40909091 0.23602484 0.34285714 0.30188679
 0.2259887  0.48484848 0.25       0.11764706 0.0375     0.48333333
 0.27411168 0.47706422 0.6163522  0.40697674 0.37714286 0.44444444
 0.1147541  0.4375    ]",0.7954655640036475,0.8271585101049611,"[0.73793107 0.72620234 0.8767724  0.84927403 0.89478451 0.75527678
 0.83081439 0.80452606 0.73817144 0.82170056 0.86425746 0.80422866
 0.94650446 0.71391919 0.68661827 0.7043362  0.83131832 0.60592375
 0.71008254 0.78106911 0.92541826 0.74598732 0.82901947 0.70773637
 0.75938392 0.96653839 0.78584918 0.80081306 0.8521509  0.76642688
 0.78147378 0.72253823 0.76641194 0.67777319 0.85750873 0.85104597
 0.71733847 0.79105554 0.80933687 0.72009064 0.62920361 0.86812928
 0.79074938 0.93588763 0.88566315 0.89052004 0.80315053 0.87463631
 0.74668737 0.83104225]",0.4624915824915824,0.5611528223238795,1485.0,0.3982081238544178,0.4658264807531879,"[0.5319063  0.5034153  0.6086452  0.64114514 0.71058122 0.35632184
 0.61352441 0.45509499 0.30844156 0.48491155 0.65827922 0.52416542
 0.80558659 0.32555037 0.25176803 0.47623201 0.41290323 0.02219482
 0.19825535 0.26652221 0.60807601 0.47463768 0.33451327 0.2506812
 0.22129436 0.79245283 0.32843792 0.26835443 0.48571429 0.34615385
 0.38802395 0.19384265 0.30346821 0.25345044 0.41085271 0.31965443
 0.26485569 0.374829   0.27536232 0.14227642 0.05867971 0.63009845
 0.25265957 0.47098214 0.54545455 0.4265645  0.24952741 0.52805281
 0.16431925 0.39169139]",0.8161696948942254,0.8440117626967705,"[0.76139485 0.7726621  0.84328544 0.87230039 0.89591993 0.80471294
 0.84612857 0.81726272 0.75156068 0.81699173 0.87856845 0.85557824
 0.93242402 0.73544941 0.70958014 0.79996215 0.82365732 0.67429274
 0.70612772 0.7119405  0.93576017 0.83502999 0.80170141 0.7691226
 0.77037207 0.95856831 0.84158332 0.76479172 0.89772339 0.85299295
 0.85961495 0.73188198 0.8306587  0.76662255 0.8773539  0.84655013
 0.75706501 0.80901466 0.79495665 0.75309257 0.74404488 0.90913864
 0.76192487 0.91727152 0.88238567 0.86742242 0.78073005 0.87196555
 0.7840107  0.82533337]",0.4725599025314742,0.5947025936845556,7387.0,9.0,[1.3964089269893315e-05],MMULA_evaluate,/home/carnelutti/Codes/ICD_Coding/Git_Codes/icd-continuous-prediction/,/home/carnelutti/Codes/CAML-DR/PLM_ICD_DIR/RoBERTa-base-PM-M3-Voc-distill-align/RoBERTa-base-PM-M3-Voc-distill-align-hf,1.0,1.0,5e-05,16.0,16.0,True,True,Last,[1],False,False,True,50.0,False,1.0,cls,False,3.0,20.0,True,False,Run_all_notes_last_second_transf,True,True,False,0.0,random,0.0,False,none,False,False,True,False,True,15.0
10,10.0,10.0,10.0,10.0,10.0,10.0,10.0,10.0,10.0,,,,,,,,,,,,0.3960456969688786,0.4614802195722127,"[0.62454611 0.42769857 0.64021888 0.63414634 0.70189702 0.50904977
 0.50299401 0.50717703 0.41393443 0.48407643 0.65637066 0.44536082
 0.81440443 0.34626866 0.28045977 0.24489796 0.42553191 0.04716981
 0.20168067 0.39516129 0.51758794 0.34042553 0.38436482 0.17272727
 0.18772563 0.83265306 0.3539823  0.33       0.41904762 0.4048583
 0.13793103 0.28013029 0.42253521 0.21153846 0.39361702 0.31858407
 0.25142857 0.3803681  0.25641026 0.11612903 0.04907975 0.52336449
 0.32635983 0.4893617  0.5497076  0.41830065 0.4        0.41666667
 0.13953488 0.47482014]",0.7969940770840529,0.8307719874114912,"[0.7302418  0.72292163 0.87554375 0.85211974 0.89705968 0.74965429
 0.83372118 0.79813954 0.73956797 0.81865602 0.86666562 0.81249247
 0.96002628 0.71005691 0.69329303 0.7034122  0.82467951 0.61124349
 0.71277254 0.7871304  0.91104504 0.76154996 0.8410676  0.70798482
 0.76706989 0.97500872 0.78455423 0.80072886 0.85681139 0.76882812
 0.78310728 0.72099352 0.76631928 0.676742   0.86952012 0.85029885
 0.71583202 0.79753614 0.81701846 0.71240525 0.63050428 0.88558622
 0.79856883 0.93723002 0.87718158 0.88685807 0.80289016 0.86988873
 0.75184955 0.82532682]",0.4713804713804714,0.5658591123905253,1485.0,0.4130476017888145,0.4824576664347019,"[0.59059921 0.50207469 0.61223295 0.64735601 0.72546147 0.39137134
 0.64488017 0.4752234  0.32622601 0.48973306 0.6685259  0.54590571
 0.80246223 0.34656085 0.25714286 0.50330033 0.4340836  0.01715686
 0.21895665 0.27578947 0.58273777 0.48288622 0.36088889 0.28046745
 0.25838264 0.7862969  0.32483221 0.30674847 0.50778443 0.39117647
 0.41588785 0.19315403 0.33048433 0.26666667 0.40866035 0.34979424
 0.25172414 0.41343669 0.29532164 0.18882466 0.06779661 0.6183844
 0.24744898 0.46475771 0.52734923 0.45537757 0.27016886 0.54689984
 0.15421687 0.4287812 ]",0.8240922620091822,0.850035532814551,"[0.77209676 0.77107484 0.84947939 0.86937149 0.90593688 0.80942295
 0.85287522 0.82225713 0.75900101 0.81647101 0.88572744 0.85972014
 0.94618309 0.74057428 0.72049035 0.8105075  0.82494016 0.67154731
 0.71774804 0.71415451 0.93122423 0.84642064 0.80385962 0.7863874
 0.78892324 0.96222953 0.84554882 0.7670618  0.90363047 0.85341879
 0.86081905 0.74823159 0.83433723 0.79280918 0.89034768 0.82738095
 0.76621565 0.81692115 0.80575106 0.77069027 0.76209066 0.91835345
 0.77969049 0.92585784 0.89905311 0.87460325 0.80205858 0.88835607
 0.80568093 0.82708087]",0.4875236294896031,0.6080585552234112,7406.0,10.0,[5.192610123340946e-06],MMULA_evaluate,/home/carnelutti/Codes/ICD_Coding/Git_Codes/icd-continuous-prediction/,/home/carnelutti/Codes/CAML-DR/PLM_ICD_DIR/RoBERTa-base-PM-M3-Voc-distill-align/RoBERTa-base-PM-M3-Voc-distill-align-hf,1.0,1.0,5e-05,16.0,16.0,True,True,Last,[1],False,False,True,50.0,False,1.0,cls,False,3.0,20.0,True,False,Run_all_notes_last_second_transf,True,True,False,0.0,random,0.0,False,none,False,False,True,False,True,15.0
11,11.0,11.0,11.0,11.0,11.0,11.0,11.0,11.0,,,,,,,,,,,,,0.4006668996327259,0.4641445511010728,"[0.63340564 0.43584521 0.6420765  0.62865948 0.70198675 0.52222222
 0.50445104 0.49921011 0.40412371 0.46153846 0.652      0.44880174
 0.80222841 0.34355828 0.27981651 0.18181818 0.43137255 0.0462963
 0.23938224 0.37984496 0.50890585 0.37037037 0.41355932 0.2173913
 0.21908127 0.84210526 0.34545455 0.32978723 0.42512077 0.38174274
 0.18461538 0.30128205 0.40776699 0.25895317 0.40437158 0.35294118
 0.25414365 0.37575758 0.25       0.15757576 0.06024096 0.50909091
 0.30638298 0.49606299 0.57627119 0.42580645 0.40883978 0.42975207
 0.128      0.45333333]",0.7974751904109386,0.8307188346237697,"[0.73261377 0.72964724 0.87439576 0.85226518 0.89815861 0.75136373
 0.83236985 0.79922798 0.73857302 0.82132948 0.866      0.81627613
 0.95691769 0.7080903  0.68940126 0.6995182  0.82882876 0.60586042
 0.70534225 0.78800716 0.91654908 0.76310925 0.83936191 0.71354727
 0.76764257 0.97377687 0.78561087 0.79356049 0.85358438 0.77112888
 0.78873379 0.728499   0.7685813  0.68236801 0.86901934 0.85356405
 0.71850396 0.80230206 0.81667007 0.71566395 0.63346803 0.87967878
 0.79778894 0.93612011 0.87382413 0.88647887 0.80578528 0.86903358
 0.7500069  0.82561101]",0.4672053872053872,0.5662955351774384,1485.0,0.4206105883801341,0.4861435343654669,"[0.59890909 0.52091125 0.61462278 0.6356641  0.71492139 0.38199895
 0.63676732 0.49103228 0.33898305 0.48701973 0.66930693 0.53171913
 0.81232493 0.34952681 0.28262339 0.50661157 0.44841592 0.02895054
 0.22983583 0.27327935 0.60452586 0.50179211 0.37618637 0.27607843
 0.27827648 0.79404467 0.34445928 0.31046931 0.5122807  0.37278107
 0.42523364 0.22091657 0.33333333 0.25494505 0.48439451 0.37751004
 0.25517241 0.4344473  0.31640058 0.1849711  0.06812652 0.60639777
 0.27319588 0.49544995 0.49582173 0.46511628 0.24907063 0.54486134
 0.18138425 0.43946188]",0.8276591660493899,0.8516455671139788,"[0.7770942  0.77989468 0.8525068  0.867305   0.90383324 0.81028832
 0.84793376 0.82130412 0.76267475 0.8214364  0.88385968 0.85420632
 0.94858426 0.74894054 0.72755557 0.81442712 0.83598659 0.69503692
 0.72328291 0.72491722 0.93402167 0.85226255 0.81222334 0.77977966
 0.78858308 0.96584897 0.85374244 0.79137079 0.90204937 0.84263769
 0.86804992 0.75219646 0.83402708 0.78792811 0.88605199 0.86147994
 0.77037224 0.82980606 0.81150315 0.77475086 0.77231979 0.90023495
 0.78090097 0.92727221 0.88814394 0.87967524 0.79409961 0.88036789
 0.81607317 0.84411681]",0.4875742841707185,0.6124222755451607,7404.0,11.0,[1.999998791327834e-06],MMULA_evaluate,/home/carnelutti/Codes/ICD_Coding/Git_Codes/icd-continuous-prediction/,/home/carnelutti/Codes/CAML-DR/PLM_ICD_DIR/RoBERTa-base-PM-M3-Voc-distill-align/RoBERTa-base-PM-M3-Voc-distill-align-hf,1.0,1.0,5e-05,16.0,16.0,True,True,Last,[1],False,False,True,50.0,False,1.0,cls,False,3.0,20.0,True,False,Run_all_notes_last_second_transf,True,True,False,0.0,random,0.0,False,none,False,False,True,False,True,15.0
12,12.0,12.0,12.0,12.0,12.0,12.0,12.0,,,,,,,,,,,,,,0.3982973766594513,0.4601847778266608,"[0.62222222 0.43687375 0.64217687 0.62664714 0.70241287 0.51415629
 0.51162791 0.50160772 0.39183673 0.45602606 0.64940239 0.43207127
 0.79775281 0.35542169 0.29279279 0.20454545 0.45       0.02843602
 0.22727273 0.37547893 0.51282051 0.35087719 0.38356164 0.20512821
 0.20547945 0.84677419 0.33789954 0.33830846 0.43781095 0.40329218
 0.16438356 0.29206349 0.41346154 0.23188406 0.38674033 0.32758621
 0.25988701 0.36904762 0.27480916 0.16666667 0.10526316 0.51851852
 0.30379747 0.5        0.57303371 0.40540541 0.4        0.38983051
 0.11290323 0.47887324]",0.7964422491944612,0.8296682573261105,"[0.73258273 0.72675353 0.87470359 0.85164707 0.89839531 0.75362884
 0.83243109 0.7980169  0.73828233 0.82120719 0.86471272 0.81474384
 0.95550364 0.70912681 0.68794501 0.6970597  0.83058147 0.60352116
 0.70662695 0.78896891 0.91462295 0.76006842 0.83496502 0.70913734
 0.76596974 0.97373327 0.780566   0.79442647 0.85189754 0.76969216
 0.79066429 0.72551407 0.76348493 0.67755257 0.86846134 0.84946871
 0.71731988 0.79924202 0.81821658 0.7133338  0.63279784 0.88008178
 0.7970022  0.93615761 0.8778393  0.88663055 0.80463839 0.86752968
 0.74984817 0.82481106]",0.4658585858585858,0.5637227039182443,1485.0,0.4258564955338228,0.4898698684305125,"[0.58613058 0.5077506  0.63091119 0.64032421 0.7201889  0.42885974
 0.6391478  0.49127182 0.32555781 0.51413882 0.68052779 0.54369919
 0.81246522 0.34152489 0.27958478 0.51982019 0.43391521 0.02902056
 0.24845573 0.2822335  0.59639233 0.50135257 0.38758389 0.30807249
 0.28169014 0.79705401 0.34445928 0.29484029 0.53143535 0.39592431
 0.40420561 0.20432692 0.34758621 0.26455026 0.4516129  0.42682927
 0.28380634 0.42119205 0.30609212 0.20784314 0.06280193 0.65335235
 0.27441286 0.48017149 0.54448871 0.45       0.26118068 0.50773994
 0.19858156 0.44771723]",0.8307727940294798,0.8543593545279744,"[0.77471674 0.78594284 0.85606617 0.87447964 0.90748206 0.82008002
 0.85402238 0.82093659 0.75581473 0.82698257 0.8872656  0.8634623
 0.94657352 0.74236337 0.73340999 0.82891597 0.82599841 0.69454391
 0.72733155 0.72634514 0.93369439 0.85462447 0.8076126  0.78590988
 0.79584182 0.96465331 0.86103906 0.77742788 0.90476094 0.8563011
 0.86986295 0.75366383 0.83542148 0.79720871 0.89245047 0.86435548
 0.78722033 0.83888747 0.81639736 0.77701575 0.77171141 0.90816921
 0.78568206 0.92355205 0.89502247 0.87127746 0.80934364 0.88467791
 0.81750367 0.84461704]",0.4933315261588507,0.6172009538966489,7378.0,12.0,[1.9233283889794216e-06],MMULA_evaluate,/home/carnelutti/Codes/ICD_Coding/Git_Codes/icd-continuous-prediction/,/home/carnelutti/Codes/CAML-DR/PLM_ICD_DIR/RoBERTa-base-PM-M3-Voc-distill-align/RoBERTa-base-PM-M3-Voc-distill-align-hf,1.0,1.0,5e-05,16.0,16.0,True,True,Last,[1],False,False,True,50.0,False,1.0,cls,False,3.0,20.0,True,False,Run_all_notes_last_second_transf,True,True,False,0.0,random,0.0,False,none,False,False,True,False,True,15.0
13,13.0,13.0,13.0,13.0,13.0,13.0,,,,,,,,,,,,,,,0.3989561662637559,0.4614615240357567,"[0.62343405 0.43232323 0.64247312 0.62814815 0.70385126 0.51299435
 0.50295858 0.50318471 0.40322581 0.45806452 0.65858586 0.44395604
 0.79551821 0.3454039  0.29978587 0.2020202  0.4321608  0.04587156
 0.21487603 0.37547893 0.51371571 0.35986159 0.38926174 0.21333333
 0.2260274  0.84677419 0.33484163 0.33684211 0.4137931  0.41767068
 0.14925373 0.28025478 0.40776699 0.25       0.38554217 0.33870968
 0.25414365 0.3875     0.23140496 0.1595092  0.10526316 0.52336449
 0.30962343 0.48461538 0.5862069  0.425      0.40641711 0.38983051
 0.128      0.46896552]",0.7966615467044755,0.8297936096197638,"[0.73172268 0.72875303 0.87530985 0.85232578 0.89854988 0.75078685
 0.83090421 0.79995462 0.73731435 0.82142225 0.86497331 0.81455183
 0.95544216 0.70786171 0.68863997 0.6990892  0.82895753 0.60360032
 0.70589284 0.79090136 0.91463415 0.75988701 0.8355769  0.71031056
 0.76558795 0.97511228 0.78252639 0.79308541 0.85337103 0.77005385
 0.78795829 0.72644544 0.76791087 0.68166775 0.87095805 0.84826963
 0.71568324 0.79916289 0.8178257  0.712925   0.63261416 0.88173311
 0.79671487 0.9338028  0.87507839 0.88620802 0.80528933 0.8683062
 0.75191856 0.82550576]",0.4653198653198653,0.5643594683721552,1485.0,0.4239338450466517,0.4892747993487761,"[0.59391705 0.5229202  0.62969283 0.63108739 0.71203566 0.41185334
 0.64244056 0.50758508 0.33859822 0.50676379 0.67804684 0.54372814
 0.81072027 0.34740651 0.28013468 0.51437962 0.43535188 0.02909091
 0.23122239 0.30754163 0.58939311 0.48868778 0.37639008 0.30293418
 0.27007299 0.79769737 0.38541667 0.2961165  0.54229432 0.36858006
 0.4123484  0.22094361 0.32352941 0.27578475 0.43510507 0.33954451
 0.26027397 0.43589744 0.31213873 0.18726592 0.05541562 0.61581137
 0.25       0.49533679 0.55629139 0.47841307 0.27272727 0.5472
 0.20720721 0.42335766]",0.8303229090983085,0.8536822210309747,"[0.77830549 0.78331541 0.85683847 0.87097469 0.90599163 0.81147544
 0.85408896 0.82763174 0.76165243 0.82802689 0.88906185 0.85440902
 0.9439551  0.75719836 0.73253463 0.82764602 0.82749082 0.69723909
 0.72458225 0.72134422 0.9326029  0.85878586 0.81142797 0.77499317
 0.78238476 0.96350686 0.86247263 0.78438957 0.90298059 0.8541324
 0.86133477 0.75931565 0.83688209 0.79902998 0.89535402 0.84884236
 0.77736567 0.83116541 0.82342039 0.76926216 0.78505145 0.90737872
 0.78271342 0.92383409 0.88785593 0.88625224 0.81168043 0.89209098
 0.81258787 0.84328861]",0.4931067044381491,0.6191927281005015,7413.0,13.0,[1.706173492719505e-06],MMULA_evaluate,/home/carnelutti/Codes/ICD_Coding/Git_Codes/icd-continuous-prediction/,/home/carnelutti/Codes/CAML-DR/PLM_ICD_DIR/RoBERTa-base-PM-M3-Voc-distill-align/RoBERTa-base-PM-M3-Voc-distill-align-hf,1.0,1.0,5e-05,16.0,16.0,True,True,Last,[1],False,False,True,50.0,False,1.0,cls,False,3.0,20.0,True,False,Run_all_notes_last_second_transf,True,True,False,0.0,random,0.0,False,none,False,False,True,False,True,15.0
14,14.0,14.0,14.0,14.0,14.0,,,,,,,,,,,,,,,,0.4000265164368196,0.462905814097025,"[0.63104693 0.44399185 0.64769648 0.6162963  0.7010582  0.52222222
 0.50434783 0.49681529 0.3976834  0.44370861 0.65362035 0.45824411
 0.79213483 0.35502959 0.30703625 0.18947368 0.44       0.05454545
 0.24647887 0.3866171  0.50872818 0.37254902 0.39202658 0.20175439
 0.23178808 0.82644628 0.35714286 0.32460733 0.43       0.41434263
 0.16438356 0.30721003 0.40776699 0.23738872 0.3956044  0.31304348
 0.27027027 0.38271605 0.23931624 0.16049383 0.10526316 0.52336449
 0.30769231 0.48920863 0.57458564 0.41509434 0.4079602  0.39316239
 0.112      0.44736842]",0.7963750111245136,0.829212859637711,"[0.73123788 0.72937165 0.87564322 0.85186523 0.8972529  0.75121951
 0.83137778 0.79884166 0.73757207 0.82255235 0.86672214 0.81721357
 0.95725198 0.7084647  0.68930018 0.6971587  0.82854261 0.60459382
 0.70435644 0.79009618 0.91257923 0.75794761 0.83544694 0.71153209
 0.76642688 0.97395129 0.78134836 0.79028301 0.85233092 0.76817004
 0.78911329 0.72634094 0.76550168 0.67921207 0.86981343 0.84706132
 0.71769804 0.79897823 0.81469868 0.71456603 0.63175531 0.88097625
 0.7936774  0.93301536 0.87570552 0.88630553 0.80876099 0.86837501
 0.75144928 0.82509526]",0.4666666666666667,0.5649662119828691,1485.0,0.4289455000372447,0.4929635467700478,"[0.59180298 0.51577503 0.63289698 0.6505077  0.72037091 0.41488834
 0.63742167 0.49393694 0.34679335 0.50939457 0.68396226 0.54856027
 0.80933852 0.34307023 0.27417219 0.51839738 0.45492839 0.0476758
 0.22753623 0.28768473 0.58760684 0.49484536 0.37797864 0.30845771
 0.28308824 0.80553295 0.37615894 0.32587065 0.53900709 0.4081042
 0.41860465 0.21352313 0.35342466 0.30100334 0.482933   0.37113402
 0.29491525 0.46459627 0.31444759 0.1682243  0.0729927  0.62695035
 0.2569697  0.48338369 0.54228188 0.45227273 0.25212947 0.5477707
 0.19907407 0.4148784 ]",0.8320412406039825,0.8560906397486432,"[0.78131504 0.78555596 0.85680097 0.87277307 0.91062092 0.81591117
 0.86186345 0.8327924  0.76339253 0.83477147 0.89243478 0.8643503
 0.95197627 0.74261388 0.72195617 0.81950458 0.84668898 0.70096297
 0.71848513 0.71552818 0.93222219 0.8461193  0.80657823 0.78696788
 0.790913   0.96922517 0.8528368  0.79018711 0.90428955 0.85062341
 0.86946425 0.75414561 0.83937106 0.80354968 0.90213647 0.86190711
 0.78608184 0.84408431 0.82070184 0.77743828 0.77367316 0.91282465
 0.77673747 0.92517951 0.89313059 0.88824786 0.8093648  0.89101446
 0.81605414 0.83669412]",0.4939902544667027,0.6212098744260113,7388.0,14.0,[1.3815778174789077e-06],MMULA_evaluate,/home/carnelutti/Codes/ICD_Coding/Git_Codes/icd-continuous-prediction/,/home/carnelutti/Codes/CAML-DR/PLM_ICD_DIR/RoBERTa-base-PM-M3-Voc-distill-align/RoBERTa-base-PM-M3-Voc-distill-align-hf,1.0,1.0,5e-05,16.0,16.0,True,True,Last,[1],False,False,True,50.0,False,1.0,cls,False,3.0,20.0,True,False,Run_all_notes_last_second_transf,True,True,False,0.0,random,0.0,False,none,False,False,True,False,True,15.0
15,15.0,15.0,15.0,15.0,,,,,,,,,,,,,,,,,0.3991578919058077,0.4598825831702544,"[0.62063846 0.44930417 0.64569083 0.61538462 0.69791667 0.52277657
 0.50439883 0.49844237 0.40677966 0.47284345 0.64566929 0.43870968
 0.79213483 0.35393258 0.30252101 0.18556701 0.43137255 0.04608295
 0.24305556 0.38827839 0.51629073 0.36805556 0.38255034 0.19917012
 0.23026316 0.84081633 0.35242291 0.32160804 0.42574257 0.41434263
 0.16       0.3030303  0.4        0.24523161 0.38150289 0.32786885
 0.26666667 0.3803681  0.23529412 0.16766467 0.10526316 0.51851852
 0.29818182 0.49285714 0.56830601 0.41558442 0.39622642 0.38983051
 0.12698413 0.46575342]",0.7963056025807745,0.8291012806765331,"[0.73145791 0.72840415 0.87578034 0.852024   0.89740264 0.75166702
 0.83146352 0.79812421 0.73886971 0.82186079 0.8648697  0.81525962
 0.95597627 0.70716808 0.68778391 0.7011847  0.82775568 0.60513608
 0.70350173 0.79089242 0.91147618 0.76034918 0.83395244 0.71057971
 0.76546739 0.97365696 0.78193288 0.78933885 0.85351771 0.76880802
 0.78974029 0.72548227 0.76637924 0.67914492 0.86980627 0.847172
 0.71761745 0.79789666 0.81660209 0.71463611 0.63282763 0.88066171
 0.79548346 0.93297786 0.87675329 0.88673889 0.80519014 0.86919085
 0.75266391 0.82265331]",0.4632996632996633,0.5630549575871389,1485.0,0.4302008351212404,0.4958638086782508,"[0.60094067 0.53069577 0.65211146 0.63288656 0.71958285 0.42673267
 0.63436519 0.49919094 0.33752418 0.53042122 0.68431296 0.56243854
 0.81506091 0.35286783 0.27626459 0.5308095  0.46791227 0.02902056
 0.2351314  0.3029722  0.5944206  0.49771272 0.4        0.32248062
 0.28597617 0.81366965 0.3622251  0.3492823  0.52114286 0.4057554
 0.39446367 0.19529412 0.34078212 0.28199566 0.47102343 0.3613963
 0.27787307 0.45707071 0.30747126 0.19512195 0.09069212 0.60227273
 0.26146789 0.49003984 0.54569892 0.46885617 0.23469388 0.54545455
 0.20689655 0.40756914]",0.833543011737151,0.8564203809769526,"[0.7858267  0.79084511 0.86050429 0.87416347 0.90869231 0.81572919
 0.85542526 0.83039013 0.75959095 0.83735135 0.88942996 0.87044736
 0.94433512 0.75442065 0.72743563 0.82334261 0.84434486 0.7101919
 0.7266337  0.73125729 0.93245026 0.85420077 0.80662362 0.78645585
 0.80032781 0.96815961 0.8541108  0.79307168 0.89392801 0.86232785
 0.86838309 0.7483718  0.84397379 0.80141757 0.89601839 0.86687705
 0.78863143 0.84771822 0.81360115 0.77949666 0.78279144 0.90614826
 0.78375043 0.9296174  0.89708164 0.88965789 0.80593991 0.8827306
 0.80889413 0.84403564]",0.4970098768772832,0.6229990407600534,7391.0,15.0,[9.989339726123395e-07],MMULA_evaluate,/home/carnelutti/Codes/ICD_Coding/Git_Codes/icd-continuous-prediction/,/home/carnelutti/Codes/CAML-DR/PLM_ICD_DIR/RoBERTa-base-PM-M3-Voc-distill-align/RoBERTa-base-PM-M3-Voc-distill-align-hf,1.0,1.0,5e-05,16.0,16.0,True,True,Last,[1],False,False,True,50.0,False,1.0,cls,False,3.0,20.0,True,False,Run_all_notes_last_second_transf,True,True,False,0.0,random,0.0,False,none,False,False,True,False,True,15.0
16,16.0,16.0,16.0,,,,,,,,,,,,,,,,,,0.4000781091013863,0.4619535225948862,"[0.64158978 0.43863179 0.6437414  0.6223565  0.69816273 0.5107832
 0.51704545 0.50388802 0.39851024 0.43624161 0.64864865 0.45299145
 0.79661017 0.34757835 0.30212766 0.18556701 0.43298969 0.0462963
 0.25589226 0.36842105 0.51139241 0.37241379 0.39202658 0.21666667
 0.22591362 0.84081633 0.34821429 0.32460733 0.42156863 0.41434263
 0.18181818 0.30246914 0.40566038 0.24930748 0.39779006 0.3220339
 0.27368421 0.3803681  0.23931624 0.16352201 0.09411765 0.52336449
 0.29818182 0.48351648 0.57142857 0.41025641 0.39810427 0.40336134
 0.12698413 0.46258503]",0.7965168086437899,0.8292914786095151,"[0.73180668 0.72849503 0.87549267 0.85279845 0.89772387 0.7521824
 0.83189627 0.7991084  0.73850709 0.82272524 0.8669325  0.81723993
 0.95659876 0.70613157 0.68873473 0.7025047  0.82830653 0.60523503
 0.70267847 0.79023932 0.9105859  0.76186959 0.83635123 0.71233954
 0.76606016 0.97364606 0.7811685  0.78724607 0.85429112 0.76906422
 0.79076329 0.7250552  0.76593773 0.6777636  0.86969181 0.84754095
 0.71772284 0.79857374 0.81507257 0.71600266 0.63247019 0.88162499
 0.79575027 0.93298536 0.87814522 0.88510293 0.80479337 0.87003617
 0.75097308 0.82187441]",0.463973063973064,0.564570182689604,1485.0,0.4268534113290703,0.4895310292739556,"[0.59512195 0.51235195 0.62381636 0.64965653 0.71640058 0.44046467
 0.65161576 0.49702263 0.34081146 0.48525608 0.66975666 0.54749148
 0.79819107 0.35483871 0.28553299 0.52224053 0.4379085  0.04280618
 0.24162837 0.27186312 0.59882164 0.49090909 0.37610977 0.33098039
 0.29344978 0.79506173 0.35917313 0.30732293 0.53810624 0.39884393
 0.43333333 0.22671156 0.34758621 0.28722281 0.46575342 0.34939759
 0.26711185 0.42622951 0.31764706 0.19593346 0.09134615 0.61937244
 0.23542857 0.46046046 0.54947917 0.45955451 0.24635332 0.51612903
 0.21978022 0.45428571]",0.8311262247078152,0.8540649701260542,"[0.78066692 0.78640503 0.85477873 0.87839771 0.90769963 0.81868344
 0.85635428 0.82459118 0.76176226 0.82503288 0.89246384 0.86622148
 0.94584249 0.75176856 0.72595676 0.82237642 0.82843161 0.69604779
 0.72079596 0.72112963 0.93275483 0.85371663 0.80654089 0.78962013
 0.80021679 0.9645553  0.85256134 0.77740303 0.89903945 0.84963059
 0.8694191  0.75013139 0.83442621 0.79970865 0.89998054 0.85308641
 0.79689658 0.83467821 0.81156824 0.79334905 0.78198961 0.90607664
 0.77883081 0.91919333 0.89761249 0.8900782  0.79779297 0.89136819
 0.80665921 0.85201982]",0.4922598946373092,0.6185487083021406,7403.0,16.0,[6.164675581296259e-07],MMULA_evaluate,/home/carnelutti/Codes/ICD_Coding/Git_Codes/icd-continuous-prediction/,/home/carnelutti/Codes/CAML-DR/PLM_ICD_DIR/RoBERTa-base-PM-M3-Voc-distill-align/RoBERTa-base-PM-M3-Voc-distill-align-hf,1.0,1.0,5e-05,16.0,16.0,True,True,Last,[1],False,False,True,50.0,False,1.0,cls,False,3.0,20.0,True,False,Run_all_notes_last_second_transf,True,True,False,0.0,random,0.0,False,none,False,False,True,False,True,15.0
17,17.0,17.0,,,,,,,,,,,,,,,,,,,0.3988086203846648,0.4611408528705925,"[0.63799283 0.44578313 0.64471879 0.61904762 0.69553806 0.51473923
 0.51445087 0.4984127  0.4        0.46103896 0.640625   0.44782609
 0.7943662  0.33918129 0.30801688 0.18       0.42857143 0.0462963
 0.24475524 0.38059701 0.51010101 0.36734694 0.39057239 0.20779221
 0.2116041  0.83606557 0.35242291 0.32460733 0.42156863 0.416
 0.16       0.30340557 0.39810427 0.2464986  0.4        0.33898305
 0.27368421 0.38509317 0.23728814 0.16149068 0.09411765 0.51851852
 0.3037037  0.47619048 0.58241758 0.41025641 0.3943662  0.38983051
 0.12698413 0.45945946]",0.7961250272911004,0.8291751780461623,"[0.73041709 0.72789108 0.8756486  0.85294389 0.8968568  0.75248356
 0.83174113 0.79830817 0.73797065 0.82283909 0.86637363 0.81731146
 0.95714439 0.70555223 0.68821983 0.7002607  0.82803468 0.60472048
 0.70209642 0.78970253 0.90996999 0.76125192 0.83543612 0.71220152
 0.76521119 0.97422928 0.78025125 0.78677098 0.85405777 0.76818511
 0.79031779 0.72518241 0.76476584 0.67844947 0.86962027 0.84629575
 0.71717729 0.79884633 0.81520852 0.71686698 0.63308577 0.88033734
 0.79505931 0.93172546 0.87768634 0.88483207 0.8055559  0.86832586
 0.75090407 0.82192704]",0.4646464646464646,0.5641317166955102,1485.0,0.4287384423286769,0.4916576472738006,"[0.59744466 0.52153272 0.63075586 0.63258575 0.72256186 0.43275434
 0.65841803 0.49104235 0.35332404 0.50025786 0.67974882 0.54093567
 0.80180689 0.35257985 0.28479381 0.51818553 0.46128769 0.02181818
 0.23474801 0.31609195 0.58436658 0.49490269 0.38788871 0.29520866
 0.28648165 0.79802956 0.35340314 0.32330827 0.55477855 0.36417034
 0.45039019 0.23352601 0.32857143 0.26638024 0.45657568 0.37218814
 0.28387097 0.43654822 0.30059524 0.20155039 0.07582938 0.63559322
 0.27212389 0.4607938  0.56589147 0.45669291 0.25401929 0.56200942
 0.18636364 0.44219653]",0.8314962174664288,0.8543873079378105,"[0.77973609 0.79210588 0.85604943 0.86959405 0.90681349 0.82127235
 0.8607202  0.82554188 0.75651021 0.8268291  0.89493904 0.863449
 0.944876   0.74361629 0.7271335  0.8178697  0.82376435 0.70579896
 0.72217844 0.73664284 0.92717005 0.85823662 0.80769154 0.78380138
 0.79824928 0.96679409 0.84887162 0.79107007 0.89622096 0.85017007
 0.87269445 0.75648027 0.83868034 0.80049328 0.89041757 0.85596712
 0.79323526 0.84663759 0.80937468 0.78743685 0.78617681 0.90633817
 0.7878091  0.91959198 0.89988226 0.88334542 0.79800181 0.89072458
 0.8049839  0.84282296]",0.4926730535690191,0.6209111518709264,7411.0,17.0,[2.9237717506831564e-07],MMULA_evaluate,/home/carnelutti/Codes/ICD_Coding/Git_Codes/icd-continuous-prediction/,/home/carnelutti/Codes/CAML-DR/PLM_ICD_DIR/RoBERTa-base-PM-M3-Voc-distill-align/RoBERTa-base-PM-M3-Voc-distill-align-hf,1.0,1.0,5e-05,16.0,16.0,True,True,Last,[1],False,False,True,50.0,False,1.0,cls,False,3.0,20.0,True,False,Run_all_notes_last_second_transf,True,True,False,0.0,random,0.0,False,none,False,False,True,False,True,15.0
18,18.0,,,,,,,,,,,,,,,,,,,,0.3992477143320563,0.4613501438276516,"[0.63453237 0.4510978  0.64842681 0.62089552 0.6997389  0.52300786
 0.51575931 0.49921507 0.39925373 0.45806452 0.640625   0.45119306
 0.7943662  0.33429395 0.30866808 0.17475728 0.42857143 0.04608295
 0.24137931 0.38827839 0.50881612 0.36486486 0.39072848 0.21940928
 0.22222222 0.84081633 0.34666667 0.32291667 0.4195122  0.416
 0.18181818 0.30340557 0.39810427 0.24242424 0.3956044  0.33898305
 0.26804124 0.38271605 0.23529412 0.1595092  0.09411765 0.51851852
 0.3003663  0.48175182 0.57923497 0.41025641 0.38888889 0.38983051
 0.12698413 0.45637584]",0.7962154893661652,0.8290855898297621,"[0.73050474 0.72748062 0.87569431 0.85296085 0.89697514 0.7525175
 0.83180237 0.79863624 0.73806955 0.82300777 0.86661852 0.81711192
 0.95734036 0.7051857  0.68835567 0.6999472  0.82867853 0.60447111
 0.70150913 0.79006039 0.91007637 0.76196462 0.83601551 0.71177364
 0.76523631 0.97450726 0.78071887 0.78637408 0.85449781 0.76776313
 0.79056529 0.72563674 0.764417   0.67843987 0.86980627 0.84675694
 0.7170657  0.79851219 0.8156079  0.71701298 0.63291699 0.8801899
 0.79516193 0.93194294 0.87791578 0.88486457 0.80463219 0.86951522
 0.75144237 0.82251647]",0.4641077441077441,0.5634437262411339,1485.0,0.4301914632381495,0.4929898648648648,"[0.59820144 0.5275402  0.63392347 0.64050549 0.71598491 0.42885572
 0.63906391 0.50779688 0.34766355 0.50761955 0.68065268 0.55855856
 0.79864636 0.3769697  0.28294574 0.52713178 0.44816054 0.02430134
 0.23355705 0.29377432 0.60174102 0.4913242  0.38587849 0.30241621
 0.27567568 0.77713339 0.37292465 0.31553398 0.53613054 0.39883552
 0.40914286 0.22576967 0.38055556 0.29989659 0.44609665 0.37190083
 0.27823241 0.44268775 0.32471264 0.20754717 0.09324009 0.62571429
 0.24476295 0.47960199 0.55627426 0.47113164 0.22258065 0.55238095
 0.21461187 0.43328551]",0.8330066248331943,0.8557067984530973,"[0.77906743 0.79158446 0.86074077 0.8712221  0.90725003 0.81814765
 0.86023796 0.82840582 0.75826826 0.82800628 0.89564968 0.8669414
 0.94853382 0.75846997 0.72817646 0.83204804 0.83699066 0.7050238
 0.71934768 0.7179295  0.93467022 0.85532063 0.80494674 0.7896894
 0.78411317 0.96517769 0.85127522 0.78424175 0.90051199 0.85899245
 0.86927296 0.76161393 0.85123161 0.80939109 0.8937821  0.85909202
 0.7833823  0.8271325  0.82446886 0.79579163 0.78249762 0.90788811
 0.78105158 0.93137322 0.8990093  0.88651965 0.80128686 0.89173561
 0.81557724 0.83725199]",0.4951103887308682,0.6212014715831042,7383.0,18.0,[7.597854420719033e-08],MMULA_evaluate,/home/carnelutti/Codes/ICD_Coding/Git_Codes/icd-continuous-prediction/,/home/carnelutti/Codes/CAML-DR/PLM_ICD_DIR/RoBERTa-base-PM-M3-Voc-distill-align/RoBERTa-base-PM-M3-Voc-distill-align-hf,1.0,1.0,5e-05,16.0,16.0,True,True,Last,[1],False,False,True,50.0,False,1.0,cls,False,3.0,20.0,True,False,Run_all_notes_last_second_transf,True,True,False,0.0,random,0.0,False,none,False,False,True,False,True,15.0
19,,,,,,,,,,,,,,,,,,,,,0.399137648535309,0.4611614800294046,"[0.63354932 0.452      0.64842681 0.61997019 0.6997389  0.51968504
 0.51575931 0.5007874  0.39925373 0.45806452 0.640625   0.44782609
 0.7943662  0.33429395 0.30866808 0.17647059 0.42857143 0.04608295
 0.24137931 0.38827839 0.51010101 0.36486486 0.39072848 0.21276596
 0.22222222 0.84081633 0.34513274 0.32291667 0.4195122  0.416
 0.18181818 0.30340557 0.39810427 0.24512535 0.3956044  0.33898305
 0.26804124 0.38271605 0.23728814 0.1595092  0.09411765 0.51851852
 0.30147059 0.48175182 0.57923497 0.41025641 0.38888889 0.38983051
 0.12698413 0.45637584]",0.7961620458923545,0.8290725082195336,"[0.73044814 0.72748648 0.87566204 0.85288329 0.89689302 0.75236267
 0.83181054 0.79861784 0.73797665 0.8229403  0.86653061 0.81712322
 0.95737879 0.70523694 0.68842516 0.6996832  0.8286213  0.60435633
 0.70151962 0.79010065 0.90995879 0.76208124 0.83577725 0.71144237
 0.76520616 0.97447456 0.78061995 0.78645226 0.8543978  0.76765764
 0.79041679 0.72553679 0.76438974 0.67818088 0.86977766 0.84672927
 0.7170347  0.79848581 0.81549743 0.71715314 0.63297159 0.8801899
 0.79513457 0.93186045 0.87800756 0.88487541 0.80464459 0.86946607
 0.75125604 0.82236911]",0.463973063973064,0.5633930761069351,1485.0,0.42842007909431573,0.4927012412092685,"[0.60405091 0.5220339  0.62782609 0.64058355 0.72085623 0.42131228
 0.65335109 0.49758842 0.34028744 0.49739854 0.68106834 0.55407407
 0.80721533 0.36219512 0.2826087  0.52212749 0.44884488 0.03823178
 0.26569729 0.28678538 0.6021164  0.50183824 0.39401496 0.32474629
 0.29330889 0.80557834 0.36363636 0.31971154 0.51582649 0.37664234
 0.45454545 0.22528736 0.34965035 0.29568789 0.44776119 0.36105477
 0.2656     0.4041721  0.31470588 0.17439703 0.07565012 0.60893855
 0.26985854 0.45845272 0.55128205 0.48471121 0.22553897 0.54199683
 0.1981982  0.44195804]",0.8335464337436744,0.856323464880095,"[0.78016409 0.79403053 0.85816935 0.87614382 0.90544957 0.8115997
 0.86294877 0.83445804 0.76052202 0.83352371 0.89188839 0.86841736
 0.94851988 0.75325953 0.73119747 0.82789558 0.83744176 0.7092585
 0.73091839 0.72347369 0.93252162 0.86266667 0.8126264  0.7992015
 0.79257057 0.96685665 0.85865845 0.78921398 0.90486661 0.84965573
 0.86431692 0.7593867  0.84058051 0.80555137 0.90155191 0.85032619
 0.79502175 0.83225756 0.80802996 0.78590677 0.79217603 0.91562202
 0.77770324 0.92564883 0.89866381 0.88697548 0.79255162 0.87946882
 0.81267775 0.84478612]",0.49569326312947215,0.6223967469922314,7407.0,19.0,[2.003021680872143e-10],MMULA_evaluate,/home/carnelutti/Codes/ICD_Coding/Git_Codes/icd-continuous-prediction/,/home/carnelutti/Codes/CAML-DR/PLM_ICD_DIR/RoBERTa-base-PM-M3-Voc-distill-align/RoBERTa-base-PM-M3-Voc-distill-align-hf,1.0,1.0,5e-05,16.0,16.0,True,True,Last,[1],False,False,True,50.0,False,1.0,cls,False,3.0,20.0,True,False,Run_all_notes_last_second_transf,True,True,False,0.0,random,0.0,False,none,False,False,True,False,True,15.0
