,Unnamed: 0.19,Unnamed: 0.18,Unnamed: 0.17,Unnamed: 0.16,Unnamed: 0.15,Unnamed: 0.14,Unnamed: 0.13,Unnamed: 0.12,Unnamed: 0.11,Unnamed: 0.10,Unnamed: 0.9,Unnamed: 0.8,Unnamed: 0.7,Unnamed: 0.6,Unnamed: 0.5,Unnamed: 0.4,Unnamed: 0.3,Unnamed: 0.2,Unnamed: 0.1,Unnamed: 0,validation_f1_macro,validation_f1_micro,validation_f1_by_class,validation_auc_macro,validation_auc_micro,validation_auc_by_class,validation_p_5,validation_LRAP,validation_metrics_sample_size,train_f1_macro,train_f1_micro,train_f1_by_class,train_auc_macro,train_auc_micro,train_auc_by_class,train_p_5,train_LRAP,train_metrics_sample_size,train_loss,train_loss_aux,train_loss_cls,epoch,curr_lr,run_name,project_path,base_checkpoint,num_attention_heads,num_layers,lr,max_chunks,grad_accumulation,use_positional_embeddings,use_reverse_positional_embeddings,priority_mode,priority_idxs,use_document_embeddings,use_reverse_document_embeddings,use_category_embeddings,num_labels,use_all_tokens,num_heads_labattn,final_aggregation,only_discharge_summary,patience_threshold,max_epochs,save_model,load_from_checkpoint,checkpoint_name,evaluate_temporal,use_multihead_attention,debug,weight_aux,setup,limit_ds,is_baseline,aux_task,apply_transformation,apply_weight,reduce_computation,apply_temporal_loss,random_sample,num_categories
0,0.0,0.0,0.0,0.0,0.0,0.0,0.0,0.0,0.0,0.0,0.0,0.0,0.0,0.0,0.0,0.0,0.0,0.0,0.0,,0.1046144761885725,0.2180606824525074,"[0.42817932 0.33474576 0.4990099  0.38487973 0.66883117 0.
 0.31481481 0.13253012 0.         0.29431438 0.4097561  0.23606557
 0.79551821 0.         0.         0.         0.08108108 0.
 0.         0.         0.         0.         0.0125     0.
 0.         0.63849765 0.         0.         0.         0.
 0.         0.         0.         0.         0.         0.
 0.         0.         0.         0.         0.         0.
 0.         0.         0.         0.         0.         0.
 0.         0.        ]",0.725384412833308,0.7773894017507587,"[0.63807028 0.7298823  0.8511615  0.80728268 0.85416069 0.6893759
 0.83036588 0.73041716 0.57940691 0.8417936  0.83291994 0.85442324
 0.9873415  0.58469669 0.56380433 0.63631044 0.88409431 0.45437935
 0.59042855 0.56026163 0.91216433 0.67181622 0.7940852  0.78681097
 0.69749619 0.99471292 0.64445728 0.61366278 0.87163038 0.62379802
 0.83202779 0.53348749 0.63696885 0.48979566 0.83897001 0.82743032
 0.56953929 0.74186312 0.71989957 0.59878301 0.55930404 0.82151821
 0.66378826 0.90904282 0.67505924 0.86473434 0.73429686 0.79338633
 0.57691543 0.77119883]",0.4054672600127145,0.4617276187963023,1573.0,0.0643422172639967,0.109705787481113,"[0.29184735 0.24861538 0.17437961 0.03866602 0.3388634  0.02316602
 0.09075044 0.00274537 0.02704443 0.16112084 0.05066345 0.04953999
 0.30558859 0.10596026 0.0020429  0.07083065 0.1186573  0.065915
 0.07920792 0.         0.04481132 0.0659945  0.06955047 0.05090138
 0.03429796 0.19047619 0.05044136 0.01806452 0.00325733 0.
 0.04090909 0.07240547 0.07635009 0.05257393 0.         0.
 0.         0.04883463 0.         0.         0.         0.
 0.0493537  0.05782652 0.         0.         0.0239521  0.
 0.         0.02150538]",0.5830849992211347,0.6847009602010898,"[0.56453333 0.62221864 0.61602063 0.60592332 0.71317929 0.6462272
 0.66776291 0.57480305 0.53585712 0.72279864 0.61232795 0.64585921
 0.79692478 0.505474   0.53988972 0.5946922  0.71334463 0.50826811
 0.59069172 0.49909401 0.69819754 0.51799163 0.56380673 0.61658754
 0.54039097 0.77880065 0.57084049 0.5117985  0.62497119 0.55672494
 0.67239142 0.48181848 0.49603895 0.50453815 0.58222202 0.56187418
 0.45964076 0.49835963 0.52492376 0.49809225 0.51322213 0.53029842
 0.5505345  0.69261136 0.5506228  0.54710481 0.55891907 0.54154603
 0.53933727 0.59415336]",0.3157203074634268,0.3717673181363879,8066.0,0.34743527,0.0,0.34743527,0.0,[5.217464962817069e-06],MMULA_evaluate,/home/carnelutti/Codes/ICD_Coding/Git_Codes/icd-continuous-prediction/,/home/carnelutti/Codes/CAML-DR/PLM_ICD_DIR/RoBERTa-base-PM-M3-Voc-distill-align/RoBERTa-base-PM-M3-Voc-distill-align-hf,1.0,1.0,5e-05,16.0,16.0,True,True,Last,[1],False,False,True,50.0,False,1.0,cls,False,3.0,20.0,True,False,Run_all_notes_last_second_transf,True,True,False,0.0,random,0.0,False,none,False,False,True,False,True,15.0
1,1.0,1.0,1.0,1.0,1.0,1.0,1.0,1.0,1.0,1.0,1.0,1.0,1.0,1.0,1.0,1.0,1.0,1.0,,,0.2469262815371523,0.4281611311584063,"[0.64628214 0.45045045 0.73101266 0.85150812 0.73924731 0.4264099
 0.39378238 0.18443804 0.20512821 0.54494382 0.67135325 0.58606557
 0.95591647 0.17293233 0.         0.06779661 0.46889952 0.
 0.         0.         0.59482759 0.28099174 0.03703704 0.01538462
 0.         0.90789474 0.32340426 0.         0.38043478 0.03571429
 0.13333333 0.         0.0130719  0.         0.10294118 0.
 0.         0.04040404 0.         0.         0.         0.65693431
 0.         0.56441718 0.11214953 0.02739726 0.         0.02380952
 0.         0.        ]",0.8200504973347589,0.8559093668882587,"[0.73817315 0.80765039 0.93648507 0.9760219  0.92941189 0.75083309
 0.88458227 0.81290837 0.77170984 0.92877349 0.91558037 0.88988317
 0.99596365 0.70877432 0.60755806 0.7727306  0.92377629 0.63690738
 0.63247827 0.6710138  0.95315466 0.81185965 0.84767776 0.83103567
 0.74220471 0.99646013 0.87023329 0.78084653 0.93363447 0.81224681
 0.90235956 0.57270184 0.77085032 0.62561648 0.90100111 0.89655975
 0.63438124 0.83820953 0.81866396 0.73318689 0.63098258 0.99181206
 0.78809768 0.95793839 0.86193861 0.89596969 0.83164717 0.91832295
 0.761592   0.80012399]",0.5028607755880483,0.5837936659460041,1573.0,0.2028530499629674,0.3689149653882432,"[0.53878554 0.47544319 0.61049724 0.68568102 0.69529168 0.16064257
 0.50635752 0.21269669 0.01929704 0.57425743 0.43874644 0.46294307
 0.87880206 0.01115242 0.         0.1598934  0.54692356 0.
 0.03326403 0.         0.43104872 0.1407767  0.04176904 0.01758794
 0.01141227 0.82937365 0.10279001 0.00309119 0.29937107 0.0411985
 0.30940344 0.         0.01444043 0.         0.10153846 0.02850356
 0.         0.01039861 0.01489758 0.         0.         0.49242424
 0.         0.15780446 0.01234568 0.02185792 0.00492611 0.04063205
 0.         0.00438596]",0.7840492311587517,0.8426997569717962,"[0.72958202 0.79383536 0.87159788 0.91567525 0.89047862 0.76347796
 0.87180283 0.78322284 0.65691522 0.8898093  0.85410542 0.88512785
 0.9882116  0.68250278 0.6246317  0.73960479 0.9183143  0.58313297
 0.67620469 0.60528394 0.92364964 0.78233518 0.78133687 0.75485398
 0.72135786 0.98842554 0.82267262 0.67595466 0.9014145  0.77113673
 0.89424047 0.64646836 0.75537883 0.65223465 0.87508105 0.85227926
 0.63948871 0.79325907 0.7781727  0.66312931 0.67775759 0.94957853
 0.70489562 0.9048852  0.73602082 0.81702863 0.72774611 0.81590595
 0.73531783 0.73693798]",0.4717827919662782,0.5627464164330171,8066.0,0.2615743279457092,0.0,0.2615743279457092,1.0,[1.4007186452355308e-05],MMULA_evaluate,/home/carnelutti/Codes/ICD_Coding/Git_Codes/icd-continuous-prediction/,/home/carnelutti/Codes/CAML-DR/PLM_ICD_DIR/RoBERTa-base-PM-M3-Voc-distill-align/RoBERTa-base-PM-M3-Voc-distill-align-hf,1.0,1.0,5e-05,16.0,16.0,True,True,Last,[1],False,False,True,50.0,False,1.0,cls,False,3.0,20.0,True,False,Run_all_notes_last_second_transf,True,True,False,0.0,random,0.0,False,none,False,False,True,False,True,15.0
2,2.0,2.0,2.0,2.0,2.0,2.0,2.0,2.0,2.0,2.0,2.0,2.0,2.0,2.0,2.0,2.0,2.0,,,,0.3724172000424163,0.5327847093177596,"[0.75973637 0.54676259 0.77094972 0.90290038 0.70588235 0.43714286
 0.35045317 0.5952381  0.71858407 0.60655738 0.4781491  0.60416667
 0.95774648 0.57879656 0.56351039 0.1443299  0.62337662 0.
 0.01257862 0.82352941 0.26415094 0.48125    0.27884615 0.02985075
 0.         0.86259542 0.56782334 0.         0.51694915 0.38053097
 0.57692308 0.02197802 0.15300546 0.         0.45945946 0.19298246
 0.         0.58278146 0.192      0.         0.         0.86549708
 0.         0.13461538 0.15789474 0.         0.08       0.54347826
 0.01785714 0.08      ]",0.865390511589513,0.8866412908543959,"[0.85525293 0.83342294 0.93567361 0.9776911  0.93647614 0.82094526
 0.89949455 0.87125052 0.92915737 0.95027036 0.92207902 0.89035776
 0.99636517 0.86732273 0.8689662  0.78893278 0.93407935 0.63460504
 0.67400639 0.98411103 0.96283178 0.84862143 0.87432059 0.82214563
 0.75003389 0.9960511  0.92735244 0.77322352 0.93407009 0.8869421
 0.94128638 0.67160937 0.85349731 0.69854601 0.91695264 0.92463609
 0.65676201 0.92540417 0.89486713 0.74965914 0.61742056 0.99586777
 0.84770094 0.95953933 0.88215837 0.90208361 0.89076623 0.94537959
 0.83113155 0.81820453]",0.5701207883026065,0.6693829947863594,1573.0,0.3047171530111803,0.4728532138127738,"[0.63363413 0.55296035 0.71891327 0.82296137 0.72553561 0.29116118
 0.61836735 0.40684235 0.43129771 0.65240642 0.59722222 0.52435962
 0.91286307 0.19391026 0.08039216 0.24246008 0.63231036 0.
 0.06580259 0.15312132 0.59459459 0.2969697  0.11161731 0.06360424
 0.03072626 0.87168759 0.33651551 0.05755396 0.41468683 0.27734977
 0.50833333 0.         0.15479876 0.00395257 0.1997264  0.15513627
 0.         0.19851852 0.09982788 0.         0.         0.77799607
 0.00416667 0.32378223 0.06095238 0.11382114 0.02364066 0.21308411
 0.04807692 0.03821656]",0.8336697721883718,0.8792720987998666,"[0.79433458 0.83112701 0.91042032 0.95114844 0.9206041  0.80665724
 0.90286225 0.83789303 0.84042341 0.92331438 0.90066285 0.89823339
 0.9937481  0.76215761 0.70132543 0.78678189 0.93609998 0.61364436
 0.70952963 0.74016897 0.94352431 0.85013042 0.80762685 0.77075361
 0.7543946  0.99213761 0.8909377  0.7573083  0.92015412 0.87161266
 0.92762897 0.68232075 0.83772771 0.69946131 0.89129862 0.89105813
 0.69568445 0.86400231 0.82305562 0.71941312 0.68450479 0.98160211
 0.75710182 0.92366737 0.82126608 0.86328722 0.81417022 0.88272735
 0.83202462 0.77176887]",0.5305479791718325,0.6380199950004787,8066.0,0.236491784453392,0.0,0.236491784453392,2.0,[2.6012446058155606e-05],MMULA_evaluate,/home/carnelutti/Codes/ICD_Coding/Git_Codes/icd-continuous-prediction/,/home/carnelutti/Codes/CAML-DR/PLM_ICD_DIR/RoBERTa-base-PM-M3-Voc-distill-align/RoBERTa-base-PM-M3-Voc-distill-align-hf,1.0,1.0,5e-05,16.0,16.0,True,True,Last,[1],False,False,True,50.0,False,1.0,cls,False,3.0,20.0,True,False,Run_all_notes_last_second_transf,True,True,False,0.0,random,0.0,False,none,False,False,True,False,True,15.0
3,3.0,3.0,3.0,3.0,3.0,3.0,3.0,3.0,3.0,3.0,3.0,3.0,3.0,3.0,3.0,3.0,,,,,0.4850463554462109,0.6105237866410379,"[0.80746941 0.57706535 0.72836538 0.89371981 0.76589595 0.61209068
 0.66287879 0.65420561 0.74482759 0.74226804 0.69565217 0.64421053
 0.95833333 0.71853547 0.4772118  0.15841584 0.4950495  0.
 0.         0.8238806  0.71966527 0.31355932 0.34666667 0.
 0.02352941 0.91638796 0.6281407  0.51639344 0.57407407 0.63384615
 0.59183673 0.13592233 0.48945148 0.0972973  0.37714286 0.35616438
 0.         0.63583815 0.18348624 0.         0.         0.86021505
 0.33707865 0.71875    0.69       0.30769231 0.58730159 0.58695652
 0.05263158 0.41221374]",0.8911689753121188,0.910431848214228,"[0.88371706 0.83376683 0.9446021  0.97938604 0.94907347 0.89676349
 0.92956369 0.90677499 0.94398722 0.95430267 0.94342432 0.90820115
 0.99744294 0.92426743 0.89816947 0.81717992 0.94297179 0.62938546
 0.65988581 0.98806333 0.97937519 0.85441707 0.89996264 0.83034852
 0.76154042 0.99628844 0.93116337 0.90947279 0.94451474 0.91872938
 0.94808959 0.79249457 0.89539002 0.7355985  0.92211796 0.93936893
 0.67213168 0.94098711 0.90954356 0.76651012 0.66999082 0.99479645
 0.90621639 0.97702973 0.95737418 0.95052606 0.94788369 0.95781191
 0.86081526 0.8570305 ]",0.6029243483788939,0.7128213248018317,1573.0,0.4014104151458207,0.5481278340438241,"[0.70154849 0.59989648 0.72844605 0.83129973 0.74668921 0.50340798
 0.66318197 0.53709076 0.59168704 0.6916724  0.63207921 0.53663366
 0.92765568 0.53631285 0.53243243 0.31567449 0.67075209 0.00234192
 0.08084697 0.67884323 0.63687151 0.37284895 0.21118012 0.07816092
 0.07894737 0.8954386  0.43918192 0.352      0.48637317 0.42820513
 0.61503067 0.01593625 0.32816537 0.05323194 0.2979798  0.20194175
 0.016      0.48218527 0.15455951 0.004158   0.         0.81757402
 0.09328358 0.42049934 0.21404682 0.18404908 0.13721414 0.30956522
 0.08053691 0.15686275]",0.8665632035477558,0.9037419426542692,"[0.8449797  0.85154979 0.91546241 0.9594226  0.93309475 0.87466297
 0.92191117 0.8756833  0.88756552 0.93329691 0.91608669 0.90287119
 0.99400585 0.84570162 0.84861276 0.81172018 0.94716702 0.6306306
 0.73172571 0.93436318 0.95549885 0.86852242 0.83759652 0.77303335
 0.76194527 0.99382583 0.90652673 0.83479008 0.93527793 0.90742896
 0.9432232  0.73280516 0.89054069 0.73710291 0.90415512 0.9038606
 0.71629255 0.9117388  0.85036504 0.74551589 0.69872361 0.98758927
 0.83092046 0.93990488 0.89448411 0.87897103 0.87114147 0.90207029
 0.86305779 0.79073744]",0.5733696999752046,0.6954046462094099,8066.0,0.2162805348634719,0.0,0.2162805348634719,3.0,[3.8014368600952494e-05],MMULA_evaluate,/home/carnelutti/Codes/ICD_Coding/Git_Codes/icd-continuous-prediction/,/home/carnelutti/Codes/CAML-DR/PLM_ICD_DIR/RoBERTa-base-PM-M3-Voc-distill-align/RoBERTa-base-PM-M3-Voc-distill-align-hf,1.0,1.0,5e-05,16.0,16.0,True,True,Last,[1],False,False,True,50.0,False,1.0,cls,False,3.0,20.0,True,False,Run_all_notes_last_second_transf,True,True,False,0.0,random,0.0,False,none,False,False,True,False,True,15.0
4,4.0,4.0,4.0,4.0,4.0,4.0,4.0,4.0,4.0,4.0,4.0,4.0,4.0,4.0,4.0,,,,,,0.5280177553051799,0.6374296996529856,"[0.83068417 0.58064516 0.81996974 0.88315217 0.74074074 0.7421638
 0.65153971 0.68031496 0.7754386  0.55014327 0.73716012 0.62420382
 0.95961995 0.70718232 0.76051188 0.21138211 0.21383648 0.
 0.30687831 0.86575342 0.77821012 0.37984496 0.5035461  0.24096386
 0.08791209 0.848      0.57615894 0.66425993 0.60215054 0.62365591
 0.57777778 0.44357977 0.48360656 0.30434783 0.53183521 0.16513761
 0.26506024 0.7032967  0.3908046  0.04137931 0.         0.89940828
 0.14634146 0.71957672 0.76190476 0.61788618 0.55614973 0.38938053
 0.0173913  0.44      ]",0.907313958539866,0.9269931586268374,"[0.89974854 0.84048484 0.9582217  0.97937103 0.95606159 0.90596491
 0.9315659  0.91108456 0.95079445 0.94661391 0.94376304 0.90729675
 0.99714708 0.92460956 0.902183   0.75510204 0.94800618 0.62637739
 0.84642002 0.9847292  0.98566065 0.86054913 0.92173948 0.835427
 0.79459837 0.99683381 0.93499463 0.93042273 0.95297315 0.93065071
 0.95198227 0.91884613 0.91607402 0.79854516 0.93854283 0.96354519
 0.74544225 0.96611352 0.90958587 0.79502096 0.67046313 0.99723753
 0.91069595 0.97943466 0.98050666 0.96642974 0.95857995 0.96159886
 0.87144721 0.90621067]",0.6265734265734266,0.7463112690034942,1573.0,0.462644318713115,0.5847046164344015,"[0.72148029 0.61932539 0.73716475 0.85243328 0.78377622 0.58585859
 0.67963684 0.5709598  0.64338956 0.71024259 0.64657534 0.54518808
 0.93272727 0.60695345 0.59158576 0.33315364 0.64321608 0.00233372
 0.23010381 0.72540382 0.68289385 0.43517679 0.28107075 0.09621993
 0.10472542 0.88644184 0.47539267 0.45773196 0.51451451 0.48768473
 0.6400614  0.17304493 0.39711191 0.17064846 0.3378213  0.33103448
 0.06818182 0.55016911 0.28652482 0.02857143 0.         0.83962264
 0.27044025 0.41666667 0.61462206 0.28806584 0.36551724 0.421875
 0.10300429 0.24587156]",0.8843850103669629,0.9164195280700184,"[0.85912311 0.86112302 0.9225821  0.96621496 0.94249173 0.89808452
 0.92603312 0.88781506 0.91244701 0.9371776  0.91871069 0.90912144
 0.99404722 0.87746382 0.87035362 0.81596956 0.94674497 0.62053555
 0.77653668 0.94125691 0.96055705 0.88418361 0.86416329 0.7855994
 0.77489158 0.99307354 0.9188085  0.86700533 0.94514072 0.91977859
 0.94863723 0.82577798 0.90289367 0.77735062 0.91758995 0.9211828
 0.76402327 0.92344401 0.8724665  0.75822372 0.72063655 0.9902516
 0.87532421 0.94629117 0.95071726 0.90745326 0.90898265 0.91910909
 0.87349371 0.81836701]",0.5961071162906025,0.7244364702540379,8066.0,0.2043380439281463,0.0,0.2043380439281463,4.0,[4.679497364175488e-05],MMULA_evaluate,/home/carnelutti/Codes/ICD_Coding/Git_Codes/icd-continuous-prediction/,/home/carnelutti/Codes/CAML-DR/PLM_ICD_DIR/RoBERTa-base-PM-M3-Voc-distill-align/RoBERTa-base-PM-M3-Voc-distill-align-hf,1.0,1.0,5e-05,16.0,16.0,True,True,Last,[1],False,False,True,50.0,False,1.0,cls,False,3.0,20.0,True,False,Run_all_notes_last_second_transf,True,True,False,0.0,random,0.0,False,none,False,False,True,False,True,15.0
5,5.0,5.0,5.0,5.0,5.0,5.0,5.0,5.0,5.0,5.0,5.0,5.0,5.0,5.0,,,,,,,0.5335153205321204,0.6270494377787549,"[0.75888133 0.40824742 0.78582931 0.85359116 0.79651163 0.77953488
 0.58201058 0.70436187 0.6970297  0.57225434 0.67628866 0.53333333
 0.92444444 0.72773537 0.76391555 0.14285714 0.57758621 0.
 0.55555556 0.87958115 0.62325581 0.44680851 0.58381503 0.
 0.09944751 0.87596899 0.26046512 0.66903915 0.58823529 0.61403509
 0.6        0.37704918 0.5        0.28       0.26206897 0.51034483
 0.40384615 0.66666667 0.51094891 0.17391304 0.05780347 0.91712707
 0.31205674 0.54794521 0.81111111 0.5840708  0.68544601 0.35294118
 0.18897638 0.45283019]",0.911915366085674,0.928627667669202,"[0.88246138 0.83724935 0.95267831 0.97533534 0.9533951  0.9133295
 0.93524098 0.9130816  0.94503552 0.96223871 0.94941214 0.89842281
 0.99748168 0.93500581 0.90799011 0.80706118 0.94075865 0.62082242
 0.87948603 0.98159049 0.98063021 0.88145701 0.93034613 0.83956065
 0.80459668 0.99676817 0.92387909 0.94166    0.95063944 0.92692775
 0.94658043 0.92451087 0.92008433 0.86186659 0.92817078 0.96847495
 0.76636282 0.95236094 0.93862136 0.78002828 0.65962701 0.99768136
 0.92334018 0.98066181 0.97495627 0.96746123 0.97194311 0.95566897
 0.89762008 0.91520468]",0.6322949777495231,0.7533008754564511,1573.0,0.5058874886762497,0.6126186373106304,"[0.75371109 0.64354719 0.75521628 0.85960784 0.80066722 0.60737327
 0.70330389 0.57627119 0.65250965 0.71120108 0.65149137 0.55992237
 0.94096276 0.63714779 0.61363636 0.37129485 0.68295391 0.00700935
 0.42615724 0.74478792 0.71333333 0.50564726 0.36528029 0.11950395
 0.16707022 0.90443213 0.52774869 0.49350649 0.546875   0.51475797
 0.6332574  0.28989751 0.40898345 0.29483283 0.3670151  0.34693878
 0.31478537 0.56699889 0.30252101 0.02024291 0.         0.86092715
 0.31784108 0.44907975 0.72477064 0.46910467 0.42715232 0.45801527
 0.12448133 0.360601  ]",0.897060814541629,0.925257581103701,"[0.88034519 0.87255445 0.92706671 0.9674046  0.94932079 0.90784355
 0.93135338 0.89410139 0.91806412 0.93883534 0.92598059 0.91374858
 0.99523322 0.88522232 0.8809078  0.83040465 0.95327798 0.64150872
 0.84111423 0.95442828 0.96635675 0.89713728 0.88184947 0.79468944
 0.79508042 0.99506426 0.92319407 0.88378639 0.94429299 0.92494469
 0.95124841 0.85697346 0.91383266 0.82269509 0.92329348 0.9328214
 0.80909156 0.9284262  0.87184032 0.78198614 0.74221382 0.9901084
 0.89383923 0.95391805 0.96425707 0.92496712 0.9243444  0.92967232
 0.88465148 0.83774846]",0.6121745598809819,0.7462350775553891,8066.0,0.1950369924306869,0.0,0.1950369924306869,5.0,[4.999998709130303e-05],MMULA_evaluate,/home/carnelutti/Codes/ICD_Coding/Git_Codes/icd-continuous-prediction/,/home/carnelutti/Codes/CAML-DR/PLM_ICD_DIR/RoBERTa-base-PM-M3-Voc-distill-align/RoBERTa-base-PM-M3-Voc-distill-align-hf,1.0,1.0,5e-05,16.0,16.0,True,True,Last,[1],False,False,True,50.0,False,1.0,cls,False,3.0,20.0,True,False,Run_all_notes_last_second_transf,True,True,False,0.0,random,0.0,False,none,False,False,True,False,True,15.0
6,6.0,6.0,6.0,6.0,6.0,6.0,6.0,6.0,6.0,6.0,6.0,6.0,6.0,,,,,,,,0.5488238346218787,0.6413109203047526,"[0.79041916 0.55389718 0.74714519 0.91634492 0.75700935 0.59437751
 0.68       0.66467958 0.73605948 0.69873418 0.75279107 0.62288136
 0.94607843 0.6779661  0.75449102 0.19858156 0.67910448 0.
 0.50179211 0.89189189 0.76734694 0.59405941 0.34615385 0.12162162
 0.15873016 0.93040293 0.69398907 0.40909091 0.57142857 0.5904059
 0.62857143 0.35964912 0.54263566 0.38053097 0.52307692 0.30769231
 0.33526012 0.63354037 0.18691589 0.         0.01257862 0.94318182
 0.4625     0.416      0.85416667 0.65789474 0.68421053 0.4516129
 0.26086957 0.45283019]",0.9152735861161312,0.9308354764567316,"[0.8933673  0.86138477 0.9412074  0.98188126 0.95734047 0.91316269
 0.94515424 0.91469903 0.94605687 0.96305308 0.95420896 0.9089414
 0.99839391 0.91343277 0.91792729 0.80195304 0.94552388 0.63096461
 0.87294269 0.98448991 0.98391814 0.88531822 0.92132138 0.83310249
 0.81138366 0.99749028 0.94046902 0.91742097 0.95385477 0.92802583
 0.95228171 0.93752555 0.92529866 0.86393642 0.93251367 0.96073826
 0.8116773  0.95422691 0.93436865 0.80326718 0.64918673 0.99805632
 0.94388628 0.97390544 0.96816464 0.97862006 0.96678711 0.95667501
 0.90800348 0.92616959]",0.6347107438016529,0.7592023339938786,1573.0,0.5423087574598895,0.637152909610955,"[0.75764857 0.66534457 0.77137076 0.86144266 0.80176454 0.63722397
 0.70850857 0.59935897 0.67495146 0.73105298 0.68783888 0.58651579
 0.93618961 0.6674221  0.67072428 0.42627884 0.70264436 0.00233918
 0.49449036 0.77428571 0.74015748 0.51384083 0.43261803 0.11855104
 0.24597701 0.9217033  0.54472362 0.51866405 0.61074458 0.55294118
 0.66867017 0.34139403 0.49828571 0.37068966 0.39030023 0.43535188
 0.39760837 0.61588683 0.35054348 0.07692308 0.00990099 0.87255814
 0.42178771 0.49275362 0.70725995 0.5006105  0.48902821 0.52199413
 0.17635271 0.42022117]",0.9077450893488328,0.9330236002949472,"[0.88865702 0.88319797 0.93480504 0.96856805 0.95158585 0.91549954
 0.93937901 0.90340325 0.92414755 0.9459867  0.93193795 0.91832008
 0.99623896 0.89484935 0.90095364 0.85777676 0.95921502 0.6503239
 0.86442517 0.9527674  0.97216453 0.91020626 0.8956071  0.80159873
 0.81268461 0.99570146 0.93775993 0.89084893 0.95460886 0.93908079
 0.9577859  0.87504342 0.92367169 0.8628667  0.9273982  0.94585516
 0.82841376 0.93434046 0.88838857 0.79906157 0.73953333 0.99338427
 0.90675791 0.95780591 0.96755245 0.93639473 0.93350157 0.94182853
 0.90435517 0.87101575]",0.6299032977932061,0.7695295433709746,8066.0,0.1853090077638626,0.0,0.1853090077638626,6.0,[4.677007407632374e-05],MMULA_evaluate,/home/carnelutti/Codes/ICD_Coding/Git_Codes/icd-continuous-prediction/,/home/carnelutti/Codes/CAML-DR/PLM_ICD_DIR/RoBERTa-base-PM-M3-Voc-distill-align/RoBERTa-base-PM-M3-Voc-distill-align-hf,1.0,1.0,5e-05,16.0,16.0,True,True,Last,[1],False,False,True,50.0,False,1.0,cls,False,3.0,20.0,True,False,Run_all_notes_last_second_transf,True,True,False,0.0,random,0.0,False,none,False,False,True,False,True,15.0
7,7.0,7.0,7.0,7.0,7.0,7.0,7.0,7.0,7.0,7.0,7.0,7.0,,,,,,,,,0.5920168376561811,0.679091508359801,"[0.84979702 0.4484127  0.80059084 0.90407359 0.80924855 0.74551214
 0.69662921 0.64822134 0.7890223  0.76712329 0.74820144 0.62473795
 0.95813953 0.75912409 0.77431907 0.16216216 0.63829787 0.
 0.55252918 0.89361702 0.80155642 0.6        0.58131488 0.18072289
 0.37974684 0.94197952 0.63722397 0.64539007 0.51674641 0.67595819
 0.72164948 0.63444109 0.55510204 0.39823009 0.2173913  0.70646766
 0.50925926 0.65868263 0.13461538 0.37962963 0.04819277 0.93181818
 0.26666667 0.47761194 0.81355932 0.736      0.55434783 0.58741259
 0.20155039 0.53781513]",0.9228160043093506,0.9421430479847251,"[0.90461448 0.85446333 0.95372024 0.98374141 0.96445256 0.91382801
 0.94479228 0.91969298 0.94820738 0.96726014 0.95361892 0.9105353
 0.99847844 0.92957301 0.91565334 0.83730768 0.95290599 0.65684939
 0.88430156 0.98312994 0.9882381  0.89964676 0.93552347 0.84512766
 0.82893577 0.99735899 0.93909026 0.93546564 0.9580347  0.94873612
 0.95011379 0.94380546 0.93349731 0.87360414 0.93538329 0.97578143
 0.81590758 0.95619258 0.93138541 0.83549967 0.66199305 0.99784206
 0.94496187 0.98399063 0.97342586 0.97734476 0.97122046 0.97350771
 0.91479525 0.93726405]",0.6640813731722822,0.7906726742205994,1573.0,0.5760412757712484,0.6614094504917705,"[0.77549067 0.67627657 0.77420986 0.87881926 0.82429856 0.66192171
 0.74427604 0.63261297 0.70498668 0.73956262 0.71269659 0.61723818
 0.9569161  0.68813559 0.67364532 0.45098039 0.7197861  0.
 0.50926561 0.78887304 0.75665152 0.5465313  0.44558698 0.13347921
 0.28571429 0.91792066 0.60987415 0.58902791 0.60731022 0.56942824
 0.67417417 0.41961853 0.50507328 0.41039672 0.43468468 0.50482315
 0.38719512 0.66025641 0.37689133 0.14990859 0.03422983 0.87117702
 0.49399199 0.55041518 0.76678043 0.57142857 0.61360347 0.59459459
 0.29205176 0.49925262]",0.9194165561802882,0.9418763666844036,"[0.90082988 0.89224    0.94025988 0.97336204 0.95927073 0.9254112
 0.95041933 0.91265774 0.93479833 0.94919181 0.94419197 0.93130546
 0.9965212  0.90670096 0.90201616 0.86964113 0.96467046 0.66615181
 0.87963168 0.96325937 0.97460143 0.92361621 0.91015932 0.81484682
 0.83726013 0.99655712 0.95101372 0.90422797 0.96504577 0.9499085
 0.96218452 0.90160705 0.93428956 0.88655081 0.9408041  0.95596451
 0.8437514  0.94727475 0.90044078 0.83671485 0.74931362 0.99259384
 0.92299044 0.96309357 0.97490956 0.94649203 0.95363336 0.95178361
 0.92230289 0.89436446]",0.6450285147532853,0.7892435378692931,8066.0,0.1744782477617263,0.0,0.1744782477617263,7.0,[3.7971245593370564e-05],MMULA_evaluate,/home/carnelutti/Codes/ICD_Coding/Git_Codes/icd-continuous-prediction/,/home/carnelutti/Codes/CAML-DR/PLM_ICD_DIR/RoBERTa-base-PM-M3-Voc-distill-align/RoBERTa-base-PM-M3-Voc-distill-align-hf,1.0,1.0,5e-05,16.0,16.0,True,True,Last,[1],False,False,True,50.0,False,1.0,cls,False,3.0,20.0,True,False,Run_all_notes_last_second_transf,True,True,False,0.0,random,0.0,False,none,False,False,True,False,True,15.0
8,8.0,8.0,8.0,8.0,8.0,8.0,8.0,8.0,8.0,8.0,8.0,,,,,,,,,,0.6144801790799107,0.6915437503672798,"[0.84459459 0.39583333 0.80243161 0.91048593 0.84793814 0.77062374
 0.69146608 0.70855148 0.77948718 0.71568627 0.75333333 0.515625
 0.96037296 0.73791349 0.79069767 0.03174603 0.50746269 0.
 0.57794677 0.89295039 0.80608365 0.575      0.50592885 0.1
 0.28169014 0.93333333 0.67655786 0.64705882 0.58035714 0.67123288
 0.7311828  0.67283951 0.5        0.5467128  0.5        0.67379679
 0.50241546 0.69430052 0.51515152 0.40201005 0.01257862 0.9112426
 0.47798742 0.74285714 0.84102564 0.73972603 0.73214286 0.6013986
 0.30555556 0.60869565]",0.9264618273586176,0.9444929608592564,"[0.90788674 0.85484113 0.95374665 0.98169246 0.96535952 0.91398332
 0.94761951 0.92471902 0.94920987 0.96774151 0.9533157  0.90985177
 0.99871443 0.93454505 0.91416105 0.85742326 0.95213339 0.64176362
 0.87219754 0.983784   0.98899007 0.90400878 0.93623958 0.84864932
 0.83341806 0.99732869 0.94392611 0.93072658 0.95883854 0.94396759
 0.95525213 0.94725199 0.93870696 0.89002223 0.9443294  0.97466007
 0.82157659 0.96379887 0.94180913 0.86714134 0.69929199 0.99827824
 0.94564633 0.98601473 0.97549227 0.97483168 0.98147511 0.97265708
 0.92073572 0.95333666]",0.6643356643356642,0.7963395018657646,1573.0,0.6126108789821965,0.690186427121147,"[0.79759074 0.70204082 0.79329329 0.88894588 0.84020759 0.68760908
 0.77080666 0.67574932 0.74208145 0.77008491 0.73187311 0.62949309
 0.96057997 0.70457079 0.71342201 0.4971537  0.75359234 0.00934579
 0.56837892 0.81236824 0.76735219 0.58862876 0.49503311 0.16862327
 0.33872708 0.93587995 0.64030132 0.60877863 0.66300366 0.63146067
 0.69360764 0.47780679 0.57235421 0.53350515 0.48571429 0.5625
 0.44674556 0.65111347 0.38095238 0.25167785 0.01970443 0.89825848
 0.56323338 0.59786477 0.78787879 0.60302678 0.62699565 0.66016713
 0.3655536  0.56490728]",0.9306253664216446,0.9504385884011644,"[0.91619069 0.90630046 0.94816351 0.97902724 0.96592982 0.93465576
 0.96049425 0.92808549 0.94847001 0.95785394 0.95125921 0.93704349
 0.9980037  0.9134695  0.91959743 0.88365379 0.97173837 0.68983497
 0.89701602 0.97184259 0.9788719  0.93586193 0.92086445 0.8355823
 0.85892879 0.99773838 0.95591261 0.91860005 0.96956632 0.95874972
 0.96764099 0.90974957 0.94820573 0.91726909 0.95006577 0.96956223
 0.85505276 0.95264046 0.91083178 0.86540564 0.78269871 0.9962453
 0.93302261 0.96659297 0.97689103 0.95433342 0.96114036 0.95845444
 0.93722918 0.9089296 ]",0.6621373667245227,0.8133571749113674,8066.0,0.1619045585393905,0.0,0.1619045585393905,8.0,[2.5962661838921717e-05],MMULA_evaluate,/home/carnelutti/Codes/ICD_Coding/Git_Codes/icd-continuous-prediction/,/home/carnelutti/Codes/CAML-DR/PLM_ICD_DIR/RoBERTa-base-PM-M3-Voc-distill-align/RoBERTa-base-PM-M3-Voc-distill-align-hf,1.0,1.0,5e-05,16.0,16.0,True,True,Last,[1],False,False,True,50.0,False,1.0,cls,False,3.0,20.0,True,False,Run_all_notes_last_second_transf,True,True,False,0.0,random,0.0,False,none,False,False,True,False,True,15.0
9,9.0,9.0,9.0,9.0,9.0,9.0,9.0,9.0,9.0,9.0,,,,,,,,,,,0.6319844425916213,0.6985799358680713,"[0.82447882 0.59428571 0.79012346 0.91551072 0.84718499 0.76751269
 0.71555556 0.73483536 0.74495413 0.6446281  0.74814815 0.61197339
 0.96503497 0.75443038 0.77941176 0.1978022  0.68939394 0.00938967
 0.56097561 0.89238845 0.83754513 0.60209424 0.48510638 0.10884354
 0.2962963  0.94623656 0.69109948 0.62745098 0.64206642 0.67105263
 0.70707071 0.64262295 0.62328767 0.42918455 0.43956044 0.64197531
 0.53811659 0.68888889 0.58823529 0.4368932  0.03680982 0.93333333
 0.55248619 0.69945355 0.84102564 0.70886076 0.77446809 0.6625
 0.36       0.59863946]",0.9247667103765542,0.944728957606326,"[0.90698214 0.86601521 0.9585482  0.9803365  0.96660142 0.91801937
 0.9512522  0.92686044 0.9484553  0.96712496 0.95329385 0.90761613
 0.9989011  0.92404737 0.91416958 0.85370492 0.95547802 0.64794745
 0.87079573 0.98659966 0.98893821 0.89041426 0.9311601  0.84236295
 0.8377775  0.99753573 0.94569125 0.92809851 0.95964756 0.93656981
 0.95482094 0.9385555  0.93353479 0.86190067 0.93465553 0.97396891
 0.82198995 0.95997436 0.93893873 0.86488916 0.69245925 0.99795684
 0.94730859 0.98530241 0.97427217 0.97677275 0.97830351 0.97321326
 0.91943702 0.94913576]",0.6653528289891926,0.7952530534489467,1573.0,0.6468795188120648,0.7182897514429002,"[0.82188295 0.7236715  0.8202696  0.89038611 0.86254388 0.72156863
 0.79628443 0.69876733 0.76934524 0.79361979 0.75673624 0.68032787
 0.9632986  0.70157658 0.73758865 0.55134642 0.7769556  0.00932401
 0.60104987 0.83068417 0.81407035 0.64588329 0.56265158 0.19915254
 0.38453501 0.93956044 0.69654528 0.6585594  0.69792606 0.64150943
 0.7005814  0.56273764 0.61093248 0.56305732 0.57202073 0.58284024
 0.48196248 0.69294606 0.44415243 0.30441899 0.02933985 0.9070632
 0.61265823 0.61415525 0.82017544 0.66284404 0.67536232 0.70976616
 0.45941278 0.58992806]",0.9411394980696736,0.9584055897337542,"[0.9324841  0.91772408 0.95844448 0.98086245 0.97261597 0.94500043
 0.96735404 0.93958758 0.95813549 0.9650841  0.959215   0.95046142
 0.9984116  0.92225546 0.93464651 0.90346536 0.974965   0.71531685
 0.91449746 0.97619635 0.9853729  0.94616896 0.93429801 0.85264361
 0.88068531 0.9978973  0.96382111 0.93399982 0.97672155 0.96574512
 0.97172653 0.92942955 0.95965242 0.92411501 0.9614794  0.97016566
 0.88177811 0.95977629 0.91647038 0.8814079  0.80012895 0.99701466
 0.95076455 0.97366398 0.98140347 0.964577   0.96672903 0.9701732
 0.94656512 0.92587625]",0.6833870567815523,0.8404487586393478,8066.0,0.1490214169025421,0.0,0.1490214169025421,9.0,[1.3964089269893315e-05],MMULA_evaluate,/home/carnelutti/Codes/ICD_Coding/Git_Codes/icd-continuous-prediction/,/home/carnelutti/Codes/CAML-DR/PLM_ICD_DIR/RoBERTa-base-PM-M3-Voc-distill-align/RoBERTa-base-PM-M3-Voc-distill-align-hf,1.0,1.0,5e-05,16.0,16.0,True,True,Last,[1],False,False,True,50.0,False,1.0,cls,False,3.0,20.0,True,False,Run_all_notes_last_second_transf,True,True,False,0.0,random,0.0,False,none,False,False,True,False,True,15.0
10,10.0,10.0,10.0,10.0,10.0,10.0,10.0,10.0,10.0,,,,,,,,,,,,0.6467821386096081,0.7097902097902098,"[0.83491204 0.57846154 0.80965909 0.90282903 0.8579161  0.7744511
 0.73451327 0.72545757 0.80133556 0.77605322 0.76731794 0.62729124
 0.95813953 0.75369458 0.77695167 0.19148936 0.6875     0.00943396
 0.55421687 0.8976378  0.78884462 0.61271676 0.57439446 0.12
 0.34166667 0.93661972 0.70317003 0.65682657 0.65248227 0.69230769
 0.70212766 0.64026403 0.62937063 0.43801653 0.57028112 0.68965517
 0.50925926 0.6984127  0.55319149 0.42307692 0.03636364 0.92397661
 0.6507177  0.7486631  0.84848485 0.74125874 0.73636364 0.65408805
 0.43786982 0.609375  ]",0.9263409374125536,0.9474295724249508,"[0.91103654 0.8621888  0.95793841 0.98284244 0.96905694 0.91786022
 0.95133699 0.92670805 0.95279943 0.96929443 0.95501481 0.90909959
 0.9988694  0.92455626 0.91475797 0.8562529  0.95456585 0.65347448
 0.87436313 0.98504028 0.98919233 0.89622519 0.93570583 0.84475724
 0.84117522 0.99747008 0.94341771 0.93382376 0.95989649 0.94887174
 0.95646185 0.94361309 0.94092762 0.87685795 0.94279696 0.97299566
 0.81846829 0.95813688 0.93775389 0.85461799 0.69312048 0.99832415
 0.95222206 0.9860923  0.97250903 0.97559123 0.97821175 0.97283702
 0.92287951 0.94503664]",0.6720915448188176,0.803894809575774,1573.0,0.6830798220351957,0.7467558334641059,"[0.8385466  0.74628297 0.84176587 0.90871689 0.87096774 0.76003416
 0.81488611 0.71553361 0.79834462 0.79493835 0.78103837 0.69896815
 0.97197107 0.75371901 0.77522124 0.60477693 0.80209424 0.00930233
 0.65345269 0.85495119 0.82154039 0.66294821 0.61870504 0.26899384
 0.43004115 0.94982818 0.72410632 0.67220683 0.74340949 0.74106176
 0.75053918 0.63990268 0.68972533 0.66585366 0.62020202 0.64525547
 0.49575071 0.73360656 0.45219638 0.36102236 0.03892944 0.92673993
 0.64993726 0.6682243  0.84775465 0.71396896 0.72423398 0.73569482
 0.53135314 0.63474692]",0.949636777455743,0.9648621532322748,"[0.94264788 0.92742225 0.96783011 0.98539226 0.97605092 0.95492702
 0.97189564 0.94513916 0.96440965 0.96578214 0.96503703 0.95457628
 0.99914741 0.94037011 0.9463799  0.92128704 0.97927263 0.72847601
 0.92970821 0.97893285 0.98737762 0.95844086 0.94593846 0.87932251
 0.89897947 0.99829626 0.97025703 0.93669544 0.9819701  0.97465564
 0.976284   0.94697346 0.96660995 0.9402718  0.96668245 0.97964368
 0.88380481 0.96637858 0.92611866 0.89405618 0.81554218 0.99766964
 0.95764061 0.97948728 0.9864789  0.96818131 0.97855226 0.97528538
 0.96046252 0.93909733]",0.6990825688073394,0.8621265223974287,8066.0,0.1370981633663177,0.0,0.1370981633663177,10.0,[5.192610123340946e-06],MMULA_evaluate,/home/carnelutti/Codes/ICD_Coding/Git_Codes/icd-continuous-prediction/,/home/carnelutti/Codes/CAML-DR/PLM_ICD_DIR/RoBERTa-base-PM-M3-Voc-distill-align/RoBERTa-base-PM-M3-Voc-distill-align-hf,1.0,1.0,5e-05,16.0,16.0,True,True,Last,[1],False,False,True,50.0,False,1.0,cls,False,3.0,20.0,True,False,Run_all_notes_last_second_transf,True,True,False,0.0,random,0.0,False,none,False,False,True,False,True,15.0
11,11.0,11.0,11.0,11.0,11.0,11.0,11.0,11.0,,,,,,,,,,,,,0.6497441963917254,0.7121769130705278,"[0.83823529 0.58513932 0.81321839 0.91111111 0.86058981 0.77386935
 0.74008811 0.72849916 0.79045997 0.77951002 0.75824176 0.6352459
 0.9627907  0.76070529 0.76806084 0.20454545 0.68913858 0.01869159
 0.53333333 0.89893617 0.79230769 0.60893855 0.58536585 0.20731707
 0.33898305 0.93992933 0.7        0.65384615 0.65957447 0.69798658
 0.67346939 0.66878981 0.62271062 0.50381679 0.56652361 0.70899471
 0.50228311 0.69072165 0.56115108 0.43601896 0.03614458 0.91860465
 0.63681592 0.70454545 0.85279188 0.76190476 0.74561404 0.65384615
 0.38461538 0.62318841]",0.926949463946286,0.9482207504825682,"[0.91140557 0.863746   0.95718216 0.98301837 0.96849363 0.91782188
 0.95226309 0.92605306 0.95147086 0.96883943 0.95574416 0.91316793
 0.99895393 0.92517519 0.91271425 0.8577768  0.95720267 0.65140621
 0.8722022  0.98558666 0.98948793 0.89656161 0.93364202 0.84616376
 0.84205643 0.99761652 0.94331603 0.93186737 0.96131227 0.94783054
 0.95788717 0.94629017 0.94178028 0.8840768  0.94184437 0.9751608
 0.81884408 0.96054412 0.93808536 0.85899106 0.69573842 0.99838537
 0.95274763 0.98643083 0.97262892 0.97591005 0.97945056 0.97318873
 0.92470639 0.94470353]",0.6714558169103624,0.8070757359534256,1573.0,0.6968937842908991,0.7588581850469757,"[0.84489281 0.76       0.85125184 0.9067491  0.88058096 0.77876858
 0.82705807 0.73298429 0.81794587 0.81272085 0.77924032 0.72566372
 0.97140263 0.7504169  0.79561201 0.63954003 0.81331253 0.01627907
 0.65459088 0.85852982 0.84972171 0.67625899 0.63249211 0.2170706
 0.47839196 0.96159122 0.74683544 0.69153776 0.74370113 0.75536481
 0.758967   0.65370595 0.68872802 0.65598027 0.63967611 0.63386397
 0.51851852 0.74513818 0.47619048 0.36645963 0.06235012 0.9213691
 0.70473876 0.72153326 0.85809313 0.73532669 0.73259053 0.75786594
 0.56451613 0.67857143]",0.9545002954932894,0.968233314684962,"[0.94861565 0.93444221 0.96972541 0.98582584 0.97960591 0.96090998
 0.97463031 0.95041942 0.96833344 0.97087105 0.9681161  0.95936054
 0.99936249 0.9412705  0.95719689 0.92998225 0.98061115 0.74940973
 0.93458204 0.98134646 0.98865407 0.95814943 0.95260422 0.88300305
 0.90746492 0.99901372 0.97525808 0.94696098 0.98328317 0.9763341
 0.9789936  0.94920864 0.97293601 0.94516389 0.97105669 0.98033564
 0.90201408 0.97221361 0.92554581 0.91023679 0.83011966 0.99722402
 0.96510203 0.98199556 0.98678255 0.97616134 0.97704261 0.97605132
 0.96368482 0.94780301]",0.7071410860401687,0.8717341240891712,8066.0,0.1308524459600448,0.0,0.1308524459600448,11.0,[1.999998791327834e-06],MMULA_evaluate,/home/carnelutti/Codes/ICD_Coding/Git_Codes/icd-continuous-prediction/,/home/carnelutti/Codes/CAML-DR/PLM_ICD_DIR/RoBERTa-base-PM-M3-Voc-distill-align/RoBERTa-base-PM-M3-Voc-distill-align-hf,1.0,1.0,5e-05,16.0,16.0,True,True,Last,[1],False,False,True,50.0,False,1.0,cls,False,3.0,20.0,True,False,Run_all_notes_last_second_transf,True,True,False,0.0,random,0.0,False,none,False,False,True,False,True,15.0
12,12.0,12.0,12.0,12.0,12.0,12.0,12.0,,,,,,,,,,,,,,0.6473284267470731,0.7106127534262091,"[0.84210526 0.58484848 0.81385281 0.91288344 0.86096257 0.77386935
 0.74298056 0.72818792 0.79591837 0.78004535 0.75645756 0.62660944
 0.9627907  0.75252525 0.77009346 0.18823529 0.68401487 0.
 0.5498008  0.89473684 0.79844961 0.6039886  0.55595668 0.22891566
 0.34453782 0.93992933 0.69230769 0.65671642 0.65682657 0.69206349
 0.66666667 0.64918033 0.62975779 0.49805447 0.50925926 0.69273743
 0.50458716 0.70157068 0.59602649 0.42990654 0.03614458 0.91954023
 0.59898477 0.68571429 0.84693878 0.77464789 0.73542601 0.63576159
 0.44171779 0.62318841]",0.926894248996829,0.948049766942064,"[0.9109402  0.86380655 0.95632989 0.98271371 0.96861542 0.9188074
 0.9522207  0.9259087  0.95141157 0.96850973 0.9557387  0.91254709
 0.99900676 0.92536775 0.91349876 0.85831322 0.95722759 0.65205604
 0.87751604 0.98565047 0.98953461 0.89578172 0.93275689 0.84627649
 0.84256482 0.99758622 0.94193727 0.93155285 0.96160269 0.9497117
 0.95677327 0.94490354 0.94208948 0.88393625 0.94168461 0.97494217
 0.81663231 0.95951143 0.93824052 0.86003131 0.69343535 0.99826293
 0.95307153 0.98618399 0.97307323 0.9760976  0.97847557 0.97338503
 0.92512894 0.94336183]",0.6731087094723458,0.8072490217443326,1573.0,0.7052350778937442,0.7662128742586857,"[0.85889764 0.77040209 0.85318148 0.91673112 0.88310992 0.7813436
 0.82917466 0.73692191 0.82074074 0.81902925 0.80311457 0.7129506
 0.97153186 0.76017602 0.79506753 0.64487633 0.82140964 0.02314815
 0.65988557 0.86209286 0.8494161  0.71806854 0.63125    0.26774848
 0.51727542 0.9580756  0.75705187 0.70883721 0.76923077 0.75108225
 0.75036496 0.6601467  0.67928496 0.67718447 0.64984864 0.65070423
 0.51129944 0.73716632 0.45247657 0.37712519 0.05811138 0.93492209
 0.71078431 0.72871737 0.86343612 0.76263736 0.74229692 0.78108108
 0.57551669 0.70682731]",0.9565593754504128,0.9698097978864026,"[0.95336865 0.93630428 0.97047003 0.98683374 0.98080383 0.96579247
 0.97662469 0.95290312 0.970682   0.97128017 0.97053066 0.96004733
 0.99923643 0.94296655 0.95634908 0.93280485 0.98361668 0.75230617
 0.94045396 0.98180768 0.98982036 0.96466923 0.9551391  0.89153025
 0.91519884 0.99902035 0.97862193 0.94554693 0.98420663 0.97913458
 0.97711608 0.94568485 0.97098144 0.95248774 0.97113054 0.9795561
 0.90324945 0.96846565 0.9347821  0.91295145 0.84071368 0.99807673
 0.96712582 0.98306792 0.98970385 0.97624518 0.97754089 0.97960704
 0.96481134 0.94660032]",0.7121993553186214,0.8774586183931672,8066.0,0.1276470273733139,0.0,0.1276470273733139,12.0,[1.9233283889794216e-06],MMULA_evaluate,/home/carnelutti/Codes/ICD_Coding/Git_Codes/icd-continuous-prediction/,/home/carnelutti/Codes/CAML-DR/PLM_ICD_DIR/RoBERTa-base-PM-M3-Voc-distill-align/RoBERTa-base-PM-M3-Voc-distill-align-hf,1.0,1.0,5e-05,16.0,16.0,True,True,Last,[1],False,False,True,50.0,False,1.0,cls,False,3.0,20.0,True,False,Run_all_notes_last_second_transf,True,True,False,0.0,random,0.0,False,none,False,False,True,False,True,15.0
13,13.0,13.0,13.0,13.0,13.0,13.0,,,,,,,,,,,,,,,0.6471612693865261,0.7086228499829137,"[0.8358209  0.58841463 0.80924855 0.91266913 0.86211513 0.7654321
 0.73214286 0.72297297 0.7862069  0.78202247 0.76119403 0.62526767
 0.9627907  0.74876847 0.76865672 0.20689655 0.67910448 0.01843318
 0.54693878 0.89655172 0.78927203 0.61035422 0.57142857 0.20987654
 0.36514523 0.93992933 0.69230769 0.66412214 0.6490566  0.68852459
 0.69387755 0.6        0.60516605 0.5019305  0.49019608 0.71657754
 0.4953271  0.70526316 0.57142857 0.42926829 0.03571429 0.93181818
 0.63366337 0.67428571 0.84375    0.76190476 0.74107143 0.64968153
 0.45238095 0.63309353]",0.9264868649273648,0.947924099110954,"[0.91057118 0.86453793 0.956049   0.98273731 0.96855018 0.91736555
 0.95218483 0.92695935 0.95090763 0.968091   0.95603099 0.91200384
 0.99896097 0.92644743 0.91430886 0.85557019 0.95658957 0.65156343
 0.87514554 0.98521576 0.98973168 0.89507829 0.93274799 0.84588997
 0.84185308 0.99760642 0.94173798 0.93155285 0.96121892 0.9476293
 0.95655767 0.94169345 0.94131178 0.88232213 0.9416432  0.97580258
 0.81436685 0.95939036 0.93676653 0.85874867 0.69401562 0.99834711
 0.95255207 0.98605704 0.97200124 0.97647268 0.97873365 0.97391667
 0.92491767 0.94388926]",0.670057215511761,0.8064042745993808,1573.0,0.7085213190212974,0.7667173707345702,"[0.86150456 0.7596085  0.84434655 0.91176471 0.89133351 0.77185501
 0.82145151 0.75255779 0.81620626 0.82057878 0.80120709 0.73321397
 0.97421981 0.7530454  0.78266033 0.63237251 0.80801688 0.01858304
 0.68087774 0.86560992 0.85003111 0.69565217 0.64018692 0.2751004
 0.4858871  0.96235455 0.76950998 0.72080292 0.767642   0.77439664
 0.75802998 0.66505441 0.70993915 0.66423358 0.65465465 0.67241379
 0.50914205 0.73716632 0.4866242  0.42942943 0.08153477 0.93504117
 0.71720818 0.72767857 0.86244541 0.75301866 0.77348066 0.76778523
 0.60472441 0.67388363]",0.9570508392381026,0.9700091022215708,"[0.95604031 0.93485328 0.96911006 0.98591245 0.98164046 0.96161499
 0.97643567 0.95477323 0.97034259 0.97213987 0.97138145 0.96108867
 0.99937349 0.94449562 0.95240378 0.93055385 0.98229488 0.75852403
 0.94196447 0.98061127 0.9902864  0.96417419 0.95403298 0.88779206
 0.90682089 0.99895258 0.97886998 0.95460672 0.982792   0.97917433
 0.97760877 0.94782093 0.97433338 0.95583232 0.97003363 0.97918301
 0.90709914 0.97230023 0.93469285 0.91907096 0.84368584 0.9977026
 0.96674902 0.98248879 0.98747638 0.97707471 0.97953689 0.98083942
 0.96645788 0.94949867]",0.7116042648152741,0.8773141007325743,8066.0,0.1271771043539047,0.0,0.1271771043539047,13.0,[1.706173492719505e-06],MMULA_evaluate,/home/carnelutti/Codes/ICD_Coding/Git_Codes/icd-continuous-prediction/,/home/carnelutti/Codes/CAML-DR/PLM_ICD_DIR/RoBERTa-base-PM-M3-Voc-distill-align/RoBERTa-base-PM-M3-Voc-distill-align-hf,1.0,1.0,5e-05,16.0,16.0,True,True,Last,[1],False,False,True,50.0,False,1.0,cls,False,3.0,20.0,True,False,Run_all_notes_last_second_transf,True,True,False,0.0,random,0.0,False,none,False,False,True,False,True,15.0
14,14.0,14.0,14.0,14.0,14.0,,,,,,,,,,,,,,,,0.6507870295118857,0.712480252764613,"[0.83948959 0.58970359 0.81268012 0.91089109 0.85714286 0.77079108
 0.73773987 0.72081218 0.79863481 0.77303371 0.76363636 0.62916667
 0.9627907  0.75810474 0.7732342  0.19277108 0.67910448 0.01843318
 0.56349206 0.89238845 0.81784387 0.62105263 0.60544218 0.22754491
 0.37398374 0.93238434 0.69794721 0.65660377 0.63468635 0.69871795
 0.66666667 0.64238411 0.62857143 0.49411765 0.52534562 0.69945355
 0.50228311 0.70157068 0.56115108 0.42156863 0.03592814 0.93181818
 0.60913706 0.7311828  0.84974093 0.75167785 0.7639485  0.65806452
 0.43037975 0.62411348]",0.9269397768223656,0.9481838325848946,"[0.90998743 0.86582873 0.9560706  0.98217305 0.96827613 0.9177356
 0.95241636 0.92665993 0.95106663 0.9679723  0.95620035 0.91253813
 0.99898563 0.9272486  0.91428044 0.85897155 0.95678397 0.65199665
 0.87429793 0.98539124 0.98962795 0.89562498 0.933046   0.84678112
 0.84154804 0.99753068 0.94240092 0.93188869 0.96165455 0.94871425
 0.95710864 0.94288371 0.94218318 0.88520541 0.94140653 0.97522427
 0.81701346 0.9603447  0.936964   0.86041509 0.69445644 0.99834711
 0.95154982 0.98650841 0.97264303 0.97690403 0.97900321 0.9743747
 0.92555148 0.9452032 ]",0.6717101080737444,0.8070362565120662,1573.0,0.7116470370193149,0.7688765782941833,"[0.85349716 0.77173913 0.85261333 0.91353577 0.88733531 0.76515798
 0.82827631 0.74068498 0.81631126 0.82046332 0.80359147 0.72556054
 0.97096189 0.76839237 0.79220779 0.63664459 0.81372032 0.02088167
 0.67798742 0.8641115  0.86338116 0.72840467 0.6509434  0.32174777
 0.51072125 0.95759234 0.76626948 0.72227314 0.75982533 0.75906183
 0.75018208 0.6868932  0.71443406 0.71800948 0.61570248 0.65340909
 0.52011494 0.74590164 0.48825065 0.3902439  0.06746988 0.94181818
 0.70574163 0.72253681 0.85278081 0.76502732 0.77455048 0.77880795
 0.62243286 0.70414993]",0.957380713061708,0.970299015379844,"[0.95348551 0.94044307 0.97169342 0.98759997 0.98138742 0.95981803
 0.97637915 0.95367763 0.96833418 0.971173   0.97177426 0.96093131
 0.99932139 0.94979615 0.95039646 0.93010879 0.98275642 0.76403309
 0.94301051 0.98176523 0.99053265 0.96516052 0.95616161 0.89156218
 0.91308769 0.99897245 0.97870602 0.95538729 0.98433686 0.97739586
 0.97919935 0.95611745 0.97492869 0.95634921 0.97297488 0.98023747
 0.90718762 0.96941155 0.92961808 0.9113231  0.83528702 0.99823787
 0.96681172 0.98341562 0.98789656 0.97507008 0.98144812 0.97773029
 0.96757293 0.94902988]",0.711505083064716,0.8790064558930218,8066.0,0.1265015602111816,0.0,0.1265015602111816,14.0,[1.3815778174789077e-06],MMULA_evaluate,/home/carnelutti/Codes/ICD_Coding/Git_Codes/icd-continuous-prediction/,/home/carnelutti/Codes/CAML-DR/PLM_ICD_DIR/RoBERTa-base-PM-M3-Voc-distill-align/RoBERTa-base-PM-M3-Voc-distill-align-hf,1.0,1.0,5e-05,16.0,16.0,True,True,Last,[1],False,False,True,50.0,False,1.0,cls,False,3.0,20.0,True,False,Run_all_notes_last_second_transf,True,True,False,0.0,random,0.0,False,none,False,False,True,False,True,15.0
15,15.0,15.0,15.0,15.0,,,,,,,,,,,,,,,,,0.653400225715307,0.7126423818653435,"[0.83809524 0.5952381  0.80813953 0.90841584 0.8590604  0.76612903
 0.74137931 0.72575251 0.8013468  0.77505568 0.76243094 0.63559322
 0.9627907  0.74937965 0.77037037 0.20689655 0.68363636 0.01869159
 0.5498008  0.89473684 0.79847909 0.61111111 0.58156028 0.25581395
 0.3805668  0.93992933 0.69822485 0.65217391 0.63909774 0.68608414
 0.66666667 0.65584416 0.6360424  0.5        0.50961538 0.72043011
 0.49769585 0.71276596 0.57553957 0.42857143 0.03571429 0.93785311
 0.64390244 0.7311828  0.84536082 0.76923077 0.74666667 0.67088608
 0.45238095 0.63768116]",0.9269036048493956,0.9482070267975842,"[0.91016623 0.86544851 0.95600578 0.98207221 0.96826091 0.91790624
 0.95332942 0.92636585 0.95185892 0.96835147 0.95618123 0.91234412
 0.99898915 0.92651964 0.91334527 0.85913003 0.95726747 0.65269189
 0.87323143 0.98561458 0.98951386 0.89531914 0.93323726 0.84709785
 0.84144637 0.99759632 0.9425026  0.93284823 0.96206424 0.94805803
 0.95703677 0.94346882 0.94142422 0.88303762 0.94225854 0.97565448
 0.8175342  0.95973933 0.93731663 0.86026865 0.6938087  0.99830885
 0.95198983 0.98640262 0.97343292 0.97679151 0.97861895 0.97403118
 0.92632822 0.94296395]",0.6717101080737444,0.8063396312554112,1573.0,0.7141263083359602,0.7727310788664664,"[0.8626158  0.78215472 0.85770556 0.91209075 0.88877005 0.78245916
 0.8355412  0.75612514 0.82413921 0.82142857 0.81156156 0.72283814
 0.97326688 0.76535088 0.79647059 0.64788732 0.81936491 0.01395349
 0.69221106 0.86926287 0.85872918 0.72209392 0.67075979 0.31889764
 0.50446872 0.95264242 0.75523203 0.71926606 0.76215278 0.77248677
 0.73669065 0.64373464 0.71592092 0.68351384 0.67002012 0.65611511
 0.53388658 0.74437628 0.48523748 0.43730887 0.08153477 0.93726937
 0.70036991 0.74834437 0.86681223 0.74643249 0.76923077 0.76986301
 0.60691824 0.70080863]",0.9590644335413177,0.9712152689648036,"[0.95736914 0.94023428 0.97383136 0.98728343 0.98144706 0.96433483
 0.97713002 0.95492986 0.97209029 0.97291897 0.97282121 0.96189299
 0.99913118 0.95137463 0.95611098 0.93428389 0.98337064 0.76623571
 0.94356499 0.98203614 0.99139737 0.96730226 0.95986457 0.89410871
 0.91697907 0.99892683 0.9772787  0.9564592  0.98223145 0.97972095
 0.97739542 0.94816136 0.9729382  0.9590617  0.97297805 0.97995036
 0.91561629 0.97265198 0.93736004 0.92078233 0.84351406 0.99699503
 0.96900277 0.98447458 0.99006982 0.97762238 0.98181877 0.97694262
 0.96645722 0.95276798]",0.7166625340937268,0.8838998720471934,8066.0,0.1246984153985977,0.0,0.1246984153985977,15.0,[9.989339726123395e-07],MMULA_evaluate,/home/carnelutti/Codes/ICD_Coding/Git_Codes/icd-continuous-prediction/,/home/carnelutti/Codes/CAML-DR/PLM_ICD_DIR/RoBERTa-base-PM-M3-Voc-distill-align/RoBERTa-base-PM-M3-Voc-distill-align-hf,1.0,1.0,5e-05,16.0,16.0,True,True,Last,[1],False,False,True,50.0,False,1.0,cls,False,3.0,20.0,True,False,Run_all_notes_last_second_transf,True,True,False,0.0,random,0.0,False,none,False,False,True,False,True,15.0
16,16.0,16.0,16.0,,,,,,,,,,,,,,,,,,0.6528214551298113,0.7128456383398095,"[0.84       0.59818731 0.80523256 0.90976514 0.86058981 0.76765609
 0.73221757 0.72757475 0.79864636 0.77522936 0.76756757 0.63333333
 0.96503497 0.75247525 0.7732342  0.22727273 0.68164794 0.01869159
 0.54901961 0.89473684 0.78764479 0.61538462 0.61694915 0.27272727
 0.3805668  0.93617021 0.7        0.65168539 0.63670412 0.68627451
 0.66666667 0.65359477 0.63345196 0.49606299 0.51351351 0.71351351
 0.49541284 0.70526316 0.57553957 0.42156863 0.03614458 0.93785311
 0.6372549  0.71428571 0.84536082 0.77241379 0.74666667 0.66666667
 0.40993789 0.63768116]",0.926840002707621,0.948248972762864,"[0.91015316 0.86511431 0.95603699 0.98217305 0.96803906 0.91829738
 0.95345986 0.92624822 0.95130378 0.96837455 0.95685595 0.91262171
 0.99900676 0.92668812 0.91408146 0.85864238 0.95729239 0.65309017
 0.87217891 0.98540321 0.98939458 0.89694773 0.93386441 0.84715154
 0.84099305 0.99763167 0.94268156 0.93149955 0.96214203 0.94773867
 0.95714457 0.94396576 0.94147107 0.88198141 0.94208104 0.97607058
 0.81778114 0.96021651 0.93719674 0.86006161 0.693071   0.99833946
 0.95199594 0.98645199 0.97173324 0.97638829 0.97832645 0.97426837
 0.92553284 0.9428159 ]",0.6722186904005085,0.8069577081707283,1573.0,0.7148543544363567,0.7732270840063653,"[0.86030691 0.77669441 0.85496559 0.92034943 0.88781275 0.79898862
 0.83493899 0.75066414 0.82208131 0.82044728 0.80817844 0.72727273
 0.97104072 0.7654185  0.81438515 0.65823888 0.8251821  0.01851852
 0.68948035 0.85455811 0.85573366 0.71230769 0.64728987 0.29469548
 0.47960199 0.95532646 0.78558559 0.72278134 0.77447552 0.77801268
 0.75802998 0.71052632 0.71238485 0.69333333 0.65025641 0.65899281
 0.52857143 0.74380165 0.47854356 0.41071429 0.07637232 0.93271889
 0.70588235 0.73251942 0.8807947  0.75816993 0.77437326 0.75271739
 0.62616822 0.69251337]",0.9586681463110645,0.9711316843633092,"[0.95630681 0.93965867 0.97324482 0.9888945  0.98128526 0.96958686
 0.97852203 0.95235788 0.96881388 0.97210052 0.97283465 0.96358203
 0.99911377 0.94241392 0.96035487 0.9386292  0.98359719 0.76970054
 0.94603033 0.97794015 0.99085606 0.96367108 0.95717464 0.8916436
 0.91866725 0.99909115 0.97896273 0.95249785 0.98407749 0.97912065
 0.97735631 0.95433735 0.97570509 0.95589765 0.97284106 0.97842624
 0.90469362 0.97254344 0.93341408 0.92217251 0.84900609 0.99693615
 0.96259288 0.98336501 0.99064464 0.97900288 0.97704132 0.97746479
 0.97023098 0.94900484]",0.7159186709645425,0.8824852322943394,8066.0,0.1248401254415512,0.0,0.1248401254415512,16.0,[6.164675581296259e-07],MMULA_evaluate,/home/carnelutti/Codes/ICD_Coding/Git_Codes/icd-continuous-prediction/,/home/carnelutti/Codes/CAML-DR/PLM_ICD_DIR/RoBERTa-base-PM-M3-Voc-distill-align/RoBERTa-base-PM-M3-Voc-distill-align-hf,1.0,1.0,5e-05,16.0,16.0,True,True,Last,[1],False,False,True,50.0,False,1.0,cls,False,3.0,20.0,True,False,Run_all_notes_last_second_transf,True,True,False,0.0,random,0.0,False,none,False,False,True,False,True,15.0
17,17.0,17.0,,,,,,,,,,,,,,,,,,,0.6510508138752591,0.711824190723688,"[0.83749157 0.5924812  0.80406386 0.91133005 0.85752688 0.76938776
 0.73347548 0.72575251 0.79931973 0.77927928 0.76588022 0.63445378
 0.9627907  0.74937965 0.7755102  0.2247191  0.67407407 0.01869159
 0.54693878 0.89473684 0.79069767 0.61748634 0.60958904 0.26900585
 0.35684647 0.93238434 0.69616519 0.65168539 0.63432836 0.68831169
 0.67326733 0.66019417 0.63829787 0.49606299 0.52534562 0.70652174
 0.50909091 0.6984127  0.57142857 0.42364532 0.03614458 0.93785311
 0.60301508 0.70391061 0.84536082 0.76712329 0.74666667 0.65822785
 0.41509434 0.63309353]",0.9266747419326476,0.9480221087226124,"[0.90950655 0.86492783 0.95611382 0.98220738 0.96786724 0.91828588
 0.9532055  0.92599692 0.95115286 0.96845697 0.95682864 0.91256499
 0.99900676 0.92677065 0.91429749 0.8576427  0.95754162 0.65239842
 0.87172716 0.98554678 0.98933754 0.89607227 0.93323281 0.84667912
 0.83997204 0.99763167 0.94257174 0.93116371 0.96208499 0.94758555
 0.95724039 0.94342073 0.94147576 0.88247971 0.94224079 0.97562627
 0.81698125 0.96009543 0.93687232 0.86047569 0.69312048 0.9983165
 0.95189816 0.98640967 0.97181787 0.9764258  0.9782863  0.97390849
 0.92501709 0.9432508 ]",0.6712015257469802,0.8069487132353586,1573.0,0.713635426347687,0.7721581056030616,"[0.85808477 0.77190476 0.8626873  0.91162072 0.88668099 0.79541596
 0.84015345 0.74339623 0.82300557 0.81674718 0.80851064 0.7316209
 0.97368421 0.77091307 0.79075282 0.65515715 0.82310094 0.01390498
 0.69613948 0.86810886 0.8617483  0.69836321 0.63361735 0.32720232
 0.50293542 0.96153846 0.76881233 0.7027027  0.7589208  0.76776246
 0.76445087 0.67870036 0.72392638 0.69761905 0.6653185  0.63597122
 0.52272727 0.75231244 0.48508431 0.3853211  0.07211538 0.93345656
 0.73671498 0.73555556 0.88382193 0.75628415 0.75938804 0.76462585
 0.61325116 0.68993289]",0.959005556207252,0.9715170111308968,"[0.95611731 0.93819529 0.97442661 0.98642867 0.98257552 0.96651569
 0.98013281 0.9524544  0.97177106 0.97086433 0.97386172 0.96316302
 0.99943397 0.94719771 0.9541789  0.93456064 0.98329968 0.76680337
 0.94302715 0.98378732 0.99150374 0.96509409 0.95243681 0.89421531
 0.91372039 0.99920284 0.97805016 0.95416434 0.98408559 0.98022409
 0.97786494 0.95039814 0.97921367 0.96039814 0.97312093 0.97805893
 0.91309876 0.97412251 0.93588724 0.91327348 0.84696378 0.99839586
 0.97001978 0.98452519 0.99031059 0.97865171 0.98165826 0.98034118
 0.96943966 0.95304256]",0.7147036945202082,0.8826108328652554,8066.0,0.1244641989469528,0.0,0.1244641989469528,17.0,[2.9237717506831564e-07],MMULA_evaluate,/home/carnelutti/Codes/ICD_Coding/Git_Codes/icd-continuous-prediction/,/home/carnelutti/Codes/CAML-DR/PLM_ICD_DIR/RoBERTa-base-PM-M3-Voc-distill-align/RoBERTa-base-PM-M3-Voc-distill-align-hf,1.0,1.0,5e-05,16.0,16.0,True,True,Last,[1],False,False,True,50.0,False,1.0,cls,False,3.0,20.0,True,False,Run_all_notes_last_second_transf,True,True,False,0.0,random,0.0,False,none,False,False,True,False,True,15.0
18,18.0,,,,,,,,,,,,,,,,,,,,0.65268286608043,0.712789912181941,"[0.83749157 0.59192825 0.8057971  0.91111111 0.8590604  0.7715736
 0.73347548 0.73089701 0.79796265 0.77927928 0.76950998 0.63731656
 0.9627907  0.75124378 0.77238806 0.21978022 0.67407407 0.01869159
 0.54471545 0.89005236 0.79230769 0.62125341 0.6122449  0.27272727
 0.36213992 0.93992933 0.69616519 0.65168539 0.64727273 0.69032258
 0.67326733 0.66019417 0.6360424  0.49805447 0.52488688 0.71351351
 0.50909091 0.6984127  0.58156028 0.42156863 0.03614458 0.94382022
 0.61691542 0.71038251 0.84536082 0.76190476 0.74336283 0.67080745
 0.41509434 0.62857143]",0.9266298671873358,0.948012089524536,"[0.90970576 0.86467597 0.95610901 0.98216876 0.96781504 0.91819576
 0.95313702 0.92602633 0.95121754 0.96844708 0.95683137 0.91257992
 0.99900676 0.92656778 0.91375743 0.85742326 0.95765627 0.65212242
 0.87109844 0.98555077 0.98934272 0.89630547 0.93334846 0.84669523
 0.8400949  0.99763672 0.9425026  0.9311104  0.96210055 0.94768179
 0.95740807 0.94349286 0.94140548 0.8823349  0.94232362 0.97566858
 0.81668599 0.95993875 0.93679474 0.86037974 0.69291806 0.9983165
 0.95167816 0.98645904 0.97164156 0.97637891 0.97827483 0.974023
 0.92500466 0.94345436]",0.6709472345835983,0.8062273026457325,1573.0,0.7143098306993505,0.7720693951883446,"[0.86576548 0.75844032 0.85989147 0.91732787 0.88942566 0.78208955
 0.83657588 0.74754346 0.81481481 0.82386726 0.81079056 0.72340426
 0.97096189 0.77644493 0.80280866 0.65263158 0.81403876 0.01853998
 0.68258957 0.85514346 0.85464754 0.72313725 0.64375    0.29440628
 0.50887574 0.95652174 0.76908924 0.72332731 0.77583187 0.76906318
 0.74725275 0.67481663 0.71204188 0.68599034 0.67738693 0.66947961
 0.51274788 0.74745418 0.49479167 0.4261796  0.06280193 0.94074074
 0.72446556 0.72146119 0.8726877  0.75657895 0.75450763 0.77732794
 0.621875   0.71315789]",0.9594762416220776,0.9716103874542492,"[0.95767768 0.93568233 0.97195656 0.98752939 0.98218847 0.96694007
 0.97804294 0.95557184 0.97059057 0.97144278 0.97272708 0.9626402
 0.99941485 0.94857747 0.95654676 0.93554974 0.98284526 0.768472
 0.94538276 0.98077766 0.99034414 0.96360972 0.95473214 0.8972727
 0.91310586 0.99906635 0.97805837 0.95296058 0.98599905 0.9788765
 0.97878303 0.95618709 0.97417257 0.96031221 0.97460379 0.98153543
 0.9128504  0.97196887 0.93870403 0.91800827 0.85068021 0.99795945
 0.97195488 0.98466689 0.98795324 0.98063697 0.9823612  0.98037614
 0.97006616 0.95544941]",0.7161418299032978,0.882837706579319,8066.0,0.1239930912852287,0.0,0.1239930912852287,18.0,[7.597854420719033e-08],MMULA_evaluate,/home/carnelutti/Codes/ICD_Coding/Git_Codes/icd-continuous-prediction/,/home/carnelutti/Codes/CAML-DR/PLM_ICD_DIR/RoBERTa-base-PM-M3-Voc-distill-align/RoBERTa-base-PM-M3-Voc-distill-align-hf,1.0,1.0,5e-05,16.0,16.0,True,True,Last,[1],False,False,True,50.0,False,1.0,cls,False,3.0,20.0,True,False,Run_all_notes_last_second_transf,True,True,False,0.0,random,0.0,False,none,False,False,True,False,True,15.0
19,,,,,,,,,,,,,,,,,,,,,0.65232487506087,0.7124971802391157,"[0.83805668 0.59370315 0.8057971  0.91111111 0.8590604  0.76782077
 0.73347548 0.73       0.79522184 0.77927928 0.76811594 0.6371308
 0.9627907  0.75124378 0.77238806 0.22222222 0.67407407 0.01869159
 0.54471545 0.89005236 0.79230769 0.62125341 0.61433447 0.27906977
 0.36213992 0.93992933 0.69616519 0.65168539 0.63736264 0.68608414
 0.67326733 0.65798046 0.6360424  0.49606299 0.52727273 0.71351351
 0.50909091 0.6984127  0.58156028 0.42156863 0.03614458 0.94382022
 0.61       0.7032967  0.84536082 0.76190476 0.74666667 0.67080745
 0.41509434 0.63309353]",0.9266254023708,0.947999567065988,"[0.90973352 0.86470987 0.956073   0.98217948 0.96781722 0.91820918
 0.9531729  0.92602633 0.95119329 0.96841411 0.95684503 0.91260678
 0.99900676 0.92661935 0.91370626 0.85748421 0.95766623 0.65222024
 0.87125679 0.98551488 0.98932717 0.8963934  0.93331732 0.84673817
 0.84014574 0.99764177 0.94242939 0.93109441 0.96210573 0.9475768
 0.95738412 0.94344878 0.94137269 0.8821177  0.94232362 0.97567564
 0.81659473 0.95995299 0.93682295 0.86034944 0.69287308 0.99832415
 0.95171482 0.98647314 0.9716063  0.97645393 0.97824042 0.97401482
 0.92496738 0.94333407]",0.6709472345835983,0.806086216384404,1573.0,0.714939398341265,0.7726408210624529,"[0.85286232 0.77000239 0.85545432 0.91186353 0.8921095  0.781491
 0.83889602 0.75308181 0.82361734 0.82515239 0.81231231 0.72962138
 0.97377939 0.76059439 0.80983031 0.65593736 0.82322447 0.01160093
 0.69038702 0.87207703 0.85520641 0.70727848 0.66006098 0.33236715
 0.49449449 0.96296296 0.76216713 0.7173913  0.77994902 0.75588865
 0.77321814 0.67237164 0.70974359 0.70983213 0.65342602 0.67146974
 0.50997151 0.74711438 0.51074589 0.41389728 0.0626506  0.9244768
 0.72860636 0.72522523 0.87252747 0.75273523 0.72292546 0.77956989
 0.62166405 0.71313673]",0.9593497155462677,0.9715910548777693,"[0.95361025 0.93735659 0.97254529 0.98802941 0.98196745 0.96515466
 0.97859938 0.9562876  0.97116839 0.97315104 0.97483313 0.9627027
 0.99927688 0.94905056 0.95931957 0.93393361 0.98438191 0.77402727
 0.9421918  0.98301381 0.99044845 0.9677594  0.95526282 0.89128334
 0.91588236 0.99930677 0.97898003 0.95117351 0.98662658 0.97632558
 0.97904152 0.95744302 0.97380429 0.9605557  0.97359766 0.98317151
 0.91094267 0.97127029 0.93494322 0.91977765 0.85182026 0.99712903
 0.9723147  0.98379149 0.98790399 0.97679769 0.97515523 0.97763455
 0.96935807 0.9573831 ]",0.7157698983387056,0.8827657199491517,8066.0,0.12417574971914291,0.0,0.12417574971914291,19.0,[2.003021680872143e-10],MMULA_evaluate,/home/carnelutti/Codes/ICD_Coding/Git_Codes/icd-continuous-prediction/,/home/carnelutti/Codes/CAML-DR/PLM_ICD_DIR/RoBERTa-base-PM-M3-Voc-distill-align/RoBERTa-base-PM-M3-Voc-distill-align-hf,1.0,1.0,5e-05,16.0,16.0,True,True,Last,[1],False,False,True,50.0,False,1.0,cls,False,3.0,20.0,True,False,Run_all_notes_last_second_transf,True,True,False,0.0,random,0.0,False,none,False,False,True,False,True,15.0
