,Unnamed: 0.16,Unnamed: 0.15,Unnamed: 0.14,Unnamed: 0.13,Unnamed: 0.12,Unnamed: 0.11,Unnamed: 0.10,Unnamed: 0.9,Unnamed: 0.8,Unnamed: 0.7,Unnamed: 0.6,Unnamed: 0.5,Unnamed: 0.4,Unnamed: 0.3,Unnamed: 0.2,Unnamed: 0.1,Unnamed: 0,validation_f1_macro,validation_f1_micro,validation_f1_by_class,validation_auc_macro,validation_auc_micro,validation_auc_by_class,validation_p_5,validation_LRAP,validation_metrics_sample_size,validation_val_loss_cls,train_f1_macro,train_f1_micro,train_f1_by_class,train_auc_macro,train_auc_micro,train_auc_by_class,train_p_5,train_LRAP,train_metrics_sample_size,train_loss,train_loss_aux,train_loss_cls,epoch,curr_lr,file_path,note_path,project_path,run_name,mode,splits,mimic_dir,base_checkpoint,saved_path,event_file,event_tokens_file,batch_size,lr,epochs,hidden_dim,lab_param,microbio_params,drug_param,num_labels,num_heads_labattn,use_all_tokens,reduce_computation,num_layers,max_chunks,use_multihead_attention,num_attention_heads,use_positional_embeddings,use_reverse_positional_embeddings,use_document_embeddings,use_reverse_document_embeddings,use_category_embeddings,is_baseline,aux_task,evaluate_temporal,save_model,debug,grad_accumulation,max_epochs,patience_threshold,load_from_checkpoint
0,0.0,0.0,0.0,0.0,0.0,0.0,0.0,0.0,0.0,0.0,0.0,0.0,0.0,0.0,0.0,0.0,,0.0811782134345419,0.2180366287648641,"[0.5811138  0.22541966 0.45138889 0.11034483 0.66909091 0.
 0.         0.16714697 0.         0.00881057 0.02083333 0.
 0.85714286 0.         0.         0.         0.         0.
 0.         0.         0.41414141 0.         0.         0.
 0.         0.49484536 0.         0.         0.01470588 0.
 0.         0.         0.         0.         0.         0.
 0.         0.         0.         0.         0.         0.
 0.         0.         0.         0.02739726 0.01652893 0.
 0.         0.        ]",0.7107965051228259,0.7594051043427915,"[0.615153   0.73337208 0.77275095 0.73028286 0.87387229 0.68063848
 0.81485358 0.74644167 0.58463226 0.84497527 0.73417815 0.82770292
 0.98209355 0.51178368 0.52448481 0.71045766 0.90328482 0.56621947
 0.56532167 0.54968892 0.91605904 0.68193947 0.6748908  0.78805643
 0.71304016 0.97521083 0.66537467 0.58373581 0.85945879 0.58442485
 0.81213319 0.53622869 0.63440618 0.52726553 0.75885736 0.74476698
 0.68015203 0.62426465 0.64907047 0.7145079  0.55727986 0.84619682
 0.91022766 0.745826   0.58018788 0.83545882 0.74816472 0.64490193
 0.53760641 0.73794322]",0.3743165924984107,0.4259310820280946,1573.0,0.3145257707675753,0.0553108384003794,0.1017989169614565,"[0.36819013 0.17647059 0.08773424 0.12647619 0.28218182 0.00156372
 0.01378446 0.1483209  0.10741921 0.08840413 0.00833912 0.02745995
 0.19123506 0.07710558 0.02236719 0.0748731  0.07291667 0.0023015
 0.00854701 0.03189066 0.         0.05685279 0.066605   0.0564872
 0.         0.07591015 0.         0.03151515 0.0604878  0.01512859
 0.00536193 0.06134969 0.06002144 0.00688468 0.00641026 0.
 0.00391389 0.01342282 0.01190476 0.03840878 0.06758448 0.09072165
 0.         0.00998336 0.00404858 0.00382409 0.00386847 0.03308824
 0.05982906 0.00434783]",0.5893846100261014,0.6775912753367854,"[0.57879728 0.63973608 0.63522447 0.58515222 0.71691929 0.57707083
 0.63380467 0.64914205 0.54494515 0.67902045 0.55130063 0.6244493
 0.82523347 0.44051848 0.53414333 0.63029469 0.70655212 0.54431215
 0.57325989 0.5381708  0.71074182 0.5795843  0.57968243 0.56262159
 0.50656057 0.70171943 0.55103851 0.52595779 0.67023494 0.49852595
 0.6696819  0.52184311 0.59607077 0.50397337 0.59540026 0.58452615
 0.60080047 0.51989677 0.47508287 0.60531988 0.53171935 0.66367091
 0.556969   0.56836429 0.56486235 0.59771504 0.54980606 0.53571736
 0.5754339  0.55766204]",0.3128440366972477,0.3679676477059758,8066.0,0.35243663,0.0,0.35243663,0.0,[5.217464962817069e-06],/home/carnelutti/Codes/ICD_Coding/Multi_modal_continiuous/Data/Saved/Events_HADM_50.json,/home/carnelutti/Codes/CAML-DR/Github_code/mimicdata/mimic3,/home/carnelutti/Codes/ICD_Coding/Multi_modal_continiuous/,Multi_modal,multi_modal,/home/carnelutti/caml_splits.csv,/home/carnelutti,/home/carnelutti/Codes/CAML-DR/PLM_ICD_DIR/RoBERTa-base-PM-M3-Voc-distill-align/RoBERTa-base-PM-M3-Voc-distill-align-hf,/home/carnelutti/Codes/ICD_Coding/Multi_modal_continiuous/Data/Saved/,/home/carnelutti/Codes/ICD_Coding/Multi_modal_continiuous/Data/Events_HADM_50.json,/home/carnelutti/Codes/ICD_Coding/Multi_modal_continiuous/Data/Saved/token_dicts.json,1.0,5e-05,20.0,768.0,"{'num_items': 658, 'num_flags': 3, 'do_value': True}","{'num_specimens': 85, 'num_organisms': 212, 'num_antibiotics': 31, 'num_interpretations': 4}","{'num_gsn': 3297, 'do_value': True, 'num_routes': 72}",50.0,1.0,False,True,1.0,16.0,True,1.0,True,True,False,False,True,False,none,True,True,False,16.0,20.0,3.0,False
1,1.0,1.0,1.0,1.0,1.0,1.0,1.0,1.0,1.0,1.0,1.0,1.0,1.0,1.0,1.0,,,0.2268033152380429,0.3962820891118324,"[0.61099513 0.46870451 0.67714286 0.79151943 0.7292517  0.29027113
 0.4841629  0.40480962 0.         0.42539683 0.47663551 0.52900232
 0.94004796 0.07111111 0.00732601 0.03333333 0.54700855 0.
 0.         0.         0.57017544 0.10526316 0.01234568 0.04411765
 0.11764706 0.90169492 0.14851485 0.         0.50420168 0.01226994
 0.         0.         0.06936416 0.         0.26666667 0.04
 0.         0.01980198 0.         0.01428571 0.         0.40983607
 0.3125     0.         0.         0.3047619  0.         0.
 0.         0.        ]",0.7964168231000004,0.8373144686146696,"[0.69014402 0.7856534  0.89907618 0.95491877 0.91409805 0.72780558
 0.88920955 0.78593083 0.65471494 0.91153973 0.90422207 0.88549247
 0.99453015 0.74559015 0.55153066 0.73931436 0.93514106 0.63194284
 0.61361668 0.60967536 0.94899547 0.79581078 0.81778798 0.83125577
 0.76221827 0.99471797 0.82351386 0.68546831 0.92701192 0.72991312
 0.89256198 0.59001066 0.70877957 0.61562508 0.88386623 0.88052217
 0.69026606 0.79415284 0.79182182 0.72986416 0.61316078 0.95576217
 0.95886933 0.7659932  0.78986121 0.91239849 0.77304428 0.87786066
 0.68437209 0.77120808]",0.4703115066751431,0.5420742227335772,1573.0,0.2748213246412594,0.1516385329000455,0.303140507103528,"[0.51060795 0.45346062 0.47469136 0.48005502 0.6819634  0.05860255
 0.45809601 0.15850816 0.00562193 0.55069034 0.2091954  0.33642548
 0.84076433 0.03099362 0.         0.04779686 0.54640523 0.
 0.00430571 0.         0.35759209 0.00274348 0.00771208 0.01017812
 0.01136364 0.7063689  0.01932367 0.         0.15295815 0.
 0.22369878 0.         0.00727273 0.         0.0539629  0.00977995
 0.0040404  0.00695652 0.         0.         0.         0.07457627
 0.07378641 0.         0.         0.01142857 0.         0.
 0.         0.        ]",0.7630163180345292,0.8233131184347728,"[0.69909643 0.78595114 0.81607962 0.84180532 0.88723835 0.74342851
 0.86026021 0.78151354 0.64645363 0.88447187 0.800245   0.86384834
 0.98130112 0.66257745 0.61200927 0.73800196 0.92753882 0.59221905
 0.68824323 0.60128204 0.91196259 0.7242458  0.74696939 0.75223393
 0.73175109 0.9802685  0.76184389 0.61260129 0.88713874 0.72755052
 0.87714129 0.62891641 0.76038791 0.60465194 0.82966147 0.827195
 0.69978984 0.77084566 0.73618718 0.72267122 0.62710993 0.85254237
 0.90085482 0.6995856  0.70826086 0.80619686 0.72536239 0.71192867
 0.6865011  0.7248947 ]",0.441086040168609,0.5219662029814113,8066.0,0.2738272249698639,0.0,0.2738272249698639,1.0,[1.4007186452355308e-05],/home/carnelutti/Codes/ICD_Coding/Multi_modal_continiuous/Data/Saved/Events_HADM_50.json,/home/carnelutti/Codes/CAML-DR/Github_code/mimicdata/mimic3,/home/carnelutti/Codes/ICD_Coding/Multi_modal_continiuous/,Multi_modal,multi_modal,/home/carnelutti/caml_splits.csv,/home/carnelutti,/home/carnelutti/Codes/CAML-DR/PLM_ICD_DIR/RoBERTa-base-PM-M3-Voc-distill-align/RoBERTa-base-PM-M3-Voc-distill-align-hf,/home/carnelutti/Codes/ICD_Coding/Multi_modal_continiuous/Data/Saved/,/home/carnelutti/Codes/ICD_Coding/Multi_modal_continiuous/Data/Events_HADM_50.json,/home/carnelutti/Codes/ICD_Coding/Multi_modal_continiuous/Data/Saved/token_dicts.json,1.0,5e-05,20.0,768.0,"{'num_items': 658, 'num_flags': 3, 'do_value': True}","{'num_specimens': 85, 'num_organisms': 212, 'num_antibiotics': 31, 'num_interpretations': 4}","{'num_gsn': 3297, 'do_value': True, 'num_routes': 72}",50.0,1.0,False,True,1.0,16.0,True,1.0,True,True,False,False,True,False,none,True,True,False,16.0,20.0,3.0,False
2,2.0,2.0,2.0,2.0,2.0,2.0,2.0,2.0,2.0,2.0,2.0,2.0,2.0,2.0,,,,0.3141664234844405,0.4814713896457765,"[0.66142857 0.54193548 0.73789174 0.86390533 0.77083333 0.47029703
 0.24822695 0.50883392 0.63947798 0.71100917 0.60303688 0.56398104
 0.94811321 0.26459144 0.         0.07017544 0.65811966 0.
 0.03571429 0.         0.56872038 0.32941176 0.09195402 0.
 0.21568627 0.92567568 0.26976744 0.         0.59778598 0.24
 0.42105263 0.         0.11173184 0.         0.36263736 0.13207547
 0.         0.15873016 0.04081633 0.         0.         0.70833333
 0.16666667 0.05970149 0.09615385 0.12658228 0.04761905 0.46666667
 0.08474576 0.18823529]",0.8405691348057508,0.8707759091691207,"[0.76494563 0.82629565 0.93277107 0.97418321 0.94102614 0.76164126
 0.90829583 0.82940073 0.8983308  0.95683152 0.92093445 0.89165319
 0.99613624 0.80358015 0.58237401 0.83321142 0.95098196 0.66217378
 0.65806019 0.65875409 0.96663313 0.85811389 0.86782223 0.84774206
 0.79786053 0.99613695 0.87426384 0.75897969 0.93782477 0.78942349
 0.92093664 0.61235703 0.7797189  0.6740871  0.89548671 0.92215358
 0.68182697 0.85552311 0.83992045 0.76709084 0.64418925 0.99198806
 0.97103504 0.82392197 0.88887243 0.90686596 0.86105758 0.93771573
 0.81039582 0.79693168]",0.5218054672600126,0.6030483379915829,1573.0,0.2519172825589871,0.2602033586497629,0.4396390464361074,"[0.57300184 0.54747694 0.68604347 0.80985169 0.71432706 0.25526791
 0.60573356 0.36927481 0.2173913  0.65910702 0.550189   0.51593323
 0.90394432 0.23677979 0.004158   0.22699387 0.65249856 0.
 0.03688525 0.         0.54313578 0.20571429 0.05555556 0.07962529
 0.04115226 0.84495021 0.1877551  0.         0.38452787 0.04814815
 0.44639719 0.         0.04537522 0.         0.15451895 0.07158837
 0.         0.06168831 0.03603604 0.00421053 0.         0.67030568
 0.29117647 0.         0.02434077 0.10490694 0.         0.1106383
 0.02475248 0.00881057]",0.8183691568923624,0.8695046613173265,"[0.74216537 0.82518231 0.89956115 0.95648795 0.91251751 0.77948353
 0.90619183 0.82991484 0.75767395 0.92517202 0.89875764 0.90264612
 0.99020817 0.75773698 0.64681143 0.79359225 0.94592564 0.63416222
 0.69446544 0.61536389 0.94187926 0.82992603 0.80030956 0.78909617
 0.7701089  0.98972266 0.86366087 0.66686722 0.92204438 0.82330221
 0.91851682 0.6685844  0.80583108 0.68625972 0.88071519 0.87948818
 0.73733748 0.83007872 0.8009802  0.74970627 0.6849684  0.96635241
 0.92746085 0.73181088 0.81326453 0.8560093  0.76976944 0.85985264
 0.79997569 0.74055815]",0.5065212000991818,0.6086412435250079,8066.0,0.2437191158533096,0.0,0.2437191158533096,2.0,[2.6012446058155606e-05],/home/carnelutti/Codes/ICD_Coding/Multi_modal_continiuous/Data/Saved/Events_HADM_50.json,/home/carnelutti/Codes/CAML-DR/Github_code/mimicdata/mimic3,/home/carnelutti/Codes/ICD_Coding/Multi_modal_continiuous/,Multi_modal,multi_modal,/home/carnelutti/caml_splits.csv,/home/carnelutti,/home/carnelutti/Codes/CAML-DR/PLM_ICD_DIR/RoBERTa-base-PM-M3-Voc-distill-align/RoBERTa-base-PM-M3-Voc-distill-align-hf,/home/carnelutti/Codes/ICD_Coding/Multi_modal_continiuous/Data/Saved/,/home/carnelutti/Codes/ICD_Coding/Multi_modal_continiuous/Data/Events_HADM_50.json,/home/carnelutti/Codes/ICD_Coding/Multi_modal_continiuous/Data/Saved/token_dicts.json,1.0,5e-05,20.0,768.0,"{'num_items': 658, 'num_flags': 3, 'do_value': True}","{'num_specimens': 85, 'num_organisms': 212, 'num_antibiotics': 31, 'num_interpretations': 4}","{'num_gsn': 3297, 'do_value': True, 'num_routes': 72}",50.0,1.0,False,True,1.0,16.0,True,1.0,True,True,False,False,True,False,none,True,True,False,16.0,20.0,3.0,False
3,3.0,3.0,3.0,3.0,3.0,3.0,3.0,3.0,3.0,3.0,3.0,3.0,3.0,,,,,0.3781463347016403,0.5481500747772936,"[0.69468676 0.56345886 0.76657825 0.91738594 0.78734177 0.63921993
 0.61733615 0.23391813 0.7617689  0.71333333 0.72013093 0.58924731
 0.94117647 0.36956522 0.61098901 0.         0.68016194 0.
 0.16326531 0.16161616 0.53535354 0.39552239 0.20512821 0.01515152
 0.         0.93661972 0.57792208 0.23728814 0.44919786 0.44360902
 0.73786408 0.         0.27184466 0.         0.15037594 0.14953271
 0.04444444 0.525      0.         0.         0.         0.87356322
 0.6125     0.0483871  0.05882353 0.05479452 0.07936508 0.51136364
 0.03508772 0.02739726]",0.8762938501614446,0.8949214039312808,"[0.84771562 0.84919597 0.94600415 0.98264291 0.9441385  0.84779599
 0.92206026 0.85446676 0.94826127 0.96401912 0.94079371 0.89845266
 0.99654832 0.82590277 0.87430431 0.83649087 0.95491975 0.62626908
 0.72313037 0.83399537 0.97319864 0.87177723 0.88392802 0.84959415
 0.80639722 0.99679342 0.91975906 0.86231675 0.94288633 0.87705944
 0.95591089 0.65225668 0.86421176 0.67426598 0.91772774 0.9361318
 0.70823402 0.92286162 0.88228532 0.77740746 0.66440408 0.99571472
 0.97736826 0.88664809 0.93691464 0.94081131 0.92763248 0.94676187
 0.82646492 0.81986083]",0.5637635092180546,0.6647709303143428,1573.0,0.2312052036889144,0.3337657958756372,0.5061695467243146,"[0.64380459 0.60829256 0.72778345 0.84218791 0.74076132 0.34948285
 0.67058824 0.47119518 0.55682298 0.69241192 0.62514875 0.55713585
 0.92075126 0.34413247 0.12818096 0.32423581 0.67926626 0.
 0.08203125 0.         0.62517483 0.33756098 0.12624585 0.10011377
 0.09055627 0.87300486 0.32687651 0.02124431 0.46736842 0.20125786
 0.60815047 0.         0.1554878  0.01176471 0.22715405 0.15163934
 0.008      0.27576602 0.07035176 0.01263158 0.00501253 0.80924855
 0.38451268 0.0546875  0.12880143 0.16796267 0.06392694 0.26287744
 0.11790393 0.0387931 ]",0.8482032182847932,0.8918530197471864,"[0.79899308 0.85511608 0.91088515 0.95985762 0.92980898 0.8275145
 0.92550302 0.85623249 0.87625473 0.93454843 0.91702587 0.90745336
 0.99342306 0.80117095 0.72162021 0.82986571 0.95502206 0.64460992
 0.73047701 0.64217352 0.95414971 0.8613642  0.81700725 0.79691331
 0.79475948 0.9922193  0.891034   0.73549867 0.93678756 0.87422294
 0.94491685 0.6942869  0.85998498 0.70807594 0.89870725 0.90783049
 0.74491441 0.878697   0.82718874 0.75999603 0.70780117 0.98436549
 0.93876139 0.80037669 0.85627322 0.87980642 0.83160371 0.89271928
 0.85607452 0.76626829]",0.5446069923134144,0.6565821128751328,8066.0,0.2267234325408935,0.0,0.2267234325408935,3.0,[3.8014368600952494e-05],/home/carnelutti/Codes/ICD_Coding/Multi_modal_continiuous/Data/Saved/Events_HADM_50.json,/home/carnelutti/Codes/CAML-DR/Github_code/mimicdata/mimic3,/home/carnelutti/Codes/ICD_Coding/Multi_modal_continiuous/,Multi_modal,multi_modal,/home/carnelutti/caml_splits.csv,/home/carnelutti,/home/carnelutti/Codes/CAML-DR/PLM_ICD_DIR/RoBERTa-base-PM-M3-Voc-distill-align/RoBERTa-base-PM-M3-Voc-distill-align-hf,/home/carnelutti/Codes/ICD_Coding/Multi_modal_continiuous/Data/Saved/,/home/carnelutti/Codes/ICD_Coding/Multi_modal_continiuous/Data/Events_HADM_50.json,/home/carnelutti/Codes/ICD_Coding/Multi_modal_continiuous/Data/Saved/token_dicts.json,1.0,5e-05,20.0,768.0,"{'num_items': 658, 'num_flags': 3, 'do_value': True}","{'num_specimens': 85, 'num_organisms': 212, 'num_antibiotics': 31, 'num_interpretations': 4}","{'num_gsn': 3297, 'do_value': True, 'num_routes': 72}",50.0,1.0,False,True,1.0,16.0,True,1.0,True,True,False,False,True,False,none,True,True,False,16.0,20.0,3.0,False
4,4.0,4.0,4.0,4.0,4.0,4.0,4.0,4.0,4.0,4.0,4.0,4.0,,,,,,0.4882626083696167,0.6122495060683038,"[0.74676806 0.58181818 0.76790831 0.91315136 0.81073446 0.68300395
 0.64693446 0.56437768 0.77477477 0.70833333 0.72053872 0.57906459
 0.95591647 0.61904762 0.73402062 0.         0.65814696 0.
 0.13829787 0.87466667 0.74637681 0.37262357 0.53424658 0.02941176
 0.23041475 0.90459364 0.63157895 0.46153846 0.58035714 0.61333333
 0.5952381  0.         0.52       0.06779661 0.23188406 0.53691275
 0.03030303 0.57692308 0.06       0.         0.         0.87234043
 0.67       0.09917355 0.77456647 0.41428571 0.29530201 0.56804734
 0.36453202 0.15384615]",0.8919658890606601,0.9113095645942776,"[0.87153914 0.85013562 0.95016949 0.98119255 0.95310801 0.8825846
 0.93001696 0.88018511 0.94888109 0.95628421 0.93646128 0.89661399
 0.99648493 0.90478499 0.90081578 0.85952015 0.95687369 0.57671802
 0.74818603 0.98441015 0.9775912  0.89303682 0.90030957 0.85450622
 0.80534655 0.99588951 0.92093447 0.90493097 0.9457542  0.9059856
 0.96439095 0.6464657  0.8886484  0.7105902  0.92394623 0.94902392
 0.7715272  0.95184104 0.88230648 0.79429884 0.67260427 0.99641108
 0.97633858 0.89629779 0.97279818 0.93344086 0.95590158 0.95140763
 0.85310383 0.83770079]",0.5954227590591227,0.7008063642400898,1573.0,0.2232785253902854,0.4155044331874312,0.5608227542985699,"[0.70244216 0.62378459 0.74163522 0.84166667 0.76863397 0.50760923
 0.68560235 0.51722707 0.60727127 0.72072678 0.66229761 0.5697561
 0.92216117 0.44266667 0.54606142 0.40416667 0.70267321 0.00929152
 0.16891285 0.5560308  0.67255435 0.38305709 0.24057085 0.13968958
 0.10025707 0.89027778 0.4162103  0.19771863 0.51530109 0.39242219
 0.65194212 0.00403226 0.32679739 0.0530303  0.34146341 0.26617375
 0.03143418 0.48484848 0.15384615 0.004158   0.         0.82364156
 0.41677255 0.13357401 0.45170455 0.23884892 0.25142857 0.31560892
 0.11538462 0.06185567]",0.8755085781792196,0.910647711008332,"[0.84526424 0.86951994 0.92024568 0.96280661 0.93677295 0.8775786
 0.9306921  0.87763189 0.89595259 0.94010922 0.926893   0.91478575
 0.9948477  0.84802642 0.85709766 0.84847321 0.95871379 0.64655539
 0.76460455 0.9011134  0.96271574 0.88177427 0.8422381  0.80741284
 0.79731197 0.99347789 0.91449392 0.81694316 0.94454646 0.91582486
 0.95041132 0.70436018 0.89491878 0.7364917  0.91108985 0.92197646
 0.76401458 0.9164997  0.85818612 0.7742489  0.72069337 0.98676176
 0.94361245 0.84659193 0.92068484 0.89291563 0.89314324 0.90291465
 0.85774989 0.78373964]",0.5805603768906521,0.7055656149391992,8066.0,0.2101696878671646,0.0,0.2101696878671646,4.0,[4.679497364175488e-05],/home/carnelutti/Codes/ICD_Coding/Multi_modal_continiuous/Data/Saved/Events_HADM_50.json,/home/carnelutti/Codes/CAML-DR/Github_code/mimicdata/mimic3,/home/carnelutti/Codes/ICD_Coding/Multi_modal_continiuous/,Multi_modal,multi_modal,/home/carnelutti/caml_splits.csv,/home/carnelutti,/home/carnelutti/Codes/CAML-DR/PLM_ICD_DIR/RoBERTa-base-PM-M3-Voc-distill-align/RoBERTa-base-PM-M3-Voc-distill-align-hf,/home/carnelutti/Codes/ICD_Coding/Multi_modal_continiuous/Data/Saved/,/home/carnelutti/Codes/ICD_Coding/Multi_modal_continiuous/Data/Events_HADM_50.json,/home/carnelutti/Codes/ICD_Coding/Multi_modal_continiuous/Data/Saved/token_dicts.json,1.0,5e-05,20.0,768.0,"{'num_items': 658, 'num_flags': 3, 'do_value': True}","{'num_specimens': 85, 'num_organisms': 212, 'num_antibiotics': 31, 'num_interpretations': 4}","{'num_gsn': 3297, 'do_value': True, 'num_routes': 72}",50.0,1.0,False,True,1.0,16.0,True,1.0,True,True,False,False,True,False,none,True,True,False,16.0,20.0,3.0,False
5,5.0,5.0,5.0,5.0,5.0,5.0,5.0,5.0,5.0,5.0,5.0,,,,,,,0.5016443848380445,0.6092387461701626,"[0.67519182 0.46478873 0.81962482 0.88836105 0.83224967 0.66231884
 0.59753086 0.43165468 0.75912409 0.70252101 0.73519164 0.52261307
 0.84408602 0.52980132 0.78074866 0.19444444 0.69257951 0.01860465
 0.33333333 0.87078652 0.69747899 0.52507375 0.36681223 0.04225352
 0.22966507 0.93286219 0.65024631 0.6245614  0.57798165 0.53571429
 0.64285714 0.01111111 0.58064516 0.04624277 0.49746193 0.58064516
 0.22485207 0.69364162 0.         0.0141844  0.         0.76315789
 0.54421769 0.45490196 0.77777778 0.1038961  0.61276596 0.51351351
 0.29166667 0.19047619]",0.8996075231022886,0.912433227662344,"[0.87342837 0.85821467 0.96084575 0.98000395 0.96103789 0.90039689
 0.93213657 0.90298408 0.9446232  0.95670293 0.94473279 0.89787061
 0.99715765 0.90845385 0.91094625 0.83473533 0.96150434 0.61136149
 0.85728989 0.9824001  0.97236369 0.90082423 0.89960681 0.84687238
 0.82025928 0.99688431 0.92132085 0.93056666 0.95532242 0.90799363
 0.96566056 0.67656276 0.91353947 0.71452756 0.93042506 0.9510057
 0.74720308 0.95666263 0.91773866 0.81868909 0.66755281 0.99540863
 0.97741057 0.90693752 0.97384902 0.93594456 0.95168617 0.95087599
 0.85243895 0.84741654]",0.5926255562619199,0.7014364753352684,1573.0,0.2191907149388836,0.4683670151297411,0.5978772664602898,"[0.72898992 0.65944882 0.75214538 0.86197917 0.78526258 0.58046512
 0.72072072 0.56377449 0.63182711 0.73002015 0.6746988  0.57388809
 0.93406094 0.57260921 0.60786802 0.41541542 0.7205643  0.01380898
 0.33121019 0.72453372 0.69385027 0.43208751 0.29090909 0.13913043
 0.12105927 0.89256198 0.48218029 0.40595112 0.54352031 0.47328244
 0.67223065 0.01581028 0.39018405 0.13263525 0.36170213 0.32815199
 0.07169811 0.54340474 0.26647564 0.0362173  0.01002506 0.84465116
 0.46819338 0.20860927 0.67857143 0.26934097 0.33158813 0.43062201
 0.16033755 0.14007782]",0.8909554953438596,0.9221202420978496,"[0.86386468 0.8806766  0.92250042 0.96442545 0.94490131 0.89709911
 0.94071708 0.89174239 0.91142517 0.94309959 0.93341393 0.91775131
 0.99495125 0.88461734 0.87669216 0.85649418 0.96183768 0.66123887
 0.81252231 0.94709436 0.96960699 0.89667432 0.87148613 0.81502137
 0.81032679 0.99503208 0.92199617 0.85246364 0.95028464 0.92900824
 0.9543304  0.73438679 0.91372464 0.78518769 0.92558961 0.93962139
 0.7893991  0.92190549 0.88326448 0.79804123 0.71392695 0.98723622
 0.94771943 0.87612878 0.94950598 0.90006983 0.91615413 0.91708242
 0.8814672  0.79406746]",0.601462930820729,0.7343733678802644,8066.0,0.1984503716230392,0.0,0.1984503716230392,5.0,[4.999998709130303e-05],/home/carnelutti/Codes/ICD_Coding/Multi_modal_continiuous/Data/Saved/Events_HADM_50.json,/home/carnelutti/Codes/CAML-DR/Github_code/mimicdata/mimic3,/home/carnelutti/Codes/ICD_Coding/Multi_modal_continiuous/,Multi_modal,multi_modal,/home/carnelutti/caml_splits.csv,/home/carnelutti,/home/carnelutti/Codes/CAML-DR/PLM_ICD_DIR/RoBERTa-base-PM-M3-Voc-distill-align/RoBERTa-base-PM-M3-Voc-distill-align-hf,/home/carnelutti/Codes/ICD_Coding/Multi_modal_continiuous/Data/Saved/,/home/carnelutti/Codes/ICD_Coding/Multi_modal_continiuous/Data/Events_HADM_50.json,/home/carnelutti/Codes/ICD_Coding/Multi_modal_continiuous/Data/Saved/token_dicts.json,1.0,5e-05,20.0,768.0,"{'num_items': 658, 'num_flags': 3, 'do_value': True}","{'num_specimens': 85, 'num_organisms': 212, 'num_antibiotics': 31, 'num_interpretations': 4}","{'num_gsn': 3297, 'do_value': True, 'num_routes': 72}",50.0,1.0,False,True,1.0,16.0,True,1.0,True,True,False,False,True,False,none,True,True,False,16.0,20.0,3.0,False
6,6.0,6.0,6.0,6.0,6.0,6.0,6.0,6.0,6.0,6.0,,,,,,,,0.4847425345495963,0.6010758960399248,"[0.81100917 0.39774859 0.69104205 0.89922481 0.82485876 0.60284605
 0.55284553 0.66874028 0.78246753 0.70588235 0.59038902 0.51679587
 0.95813953 0.70361446 0.56435644 0.29230769 0.57819905 0.
 0.3627907  0.85057471 0.81226054 0.5620915  0.18947368 0.07042254
 0.04545455 0.93835616 0.43724696 0.33918129 0.41340782 0.59778598
 0.66666667 0.4        0.53174603 0.14285714 0.24113475 0.28318584
 0.225      0.57746479 0.27350427 0.19393939 0.         0.77027027
 0.6779661  0.46938776 0.81767956 0.175      0.36       0.38983051
 0.1300813  0.15189873]",0.9099392119977254,0.9284005235223376,"[0.90270893 0.8323404  0.95194607 0.97751088 0.9639023  0.88993769
 0.93568773 0.90813844 0.95050879 0.96317507 0.94715032 0.90636249
 0.99777402 0.92440841 0.91812058 0.87374735 0.96398166 0.64334277
 0.84324382 0.98002313 0.98348252 0.90404318 0.91393789 0.85708304
 0.82946111 0.99727819 0.92896304 0.91259662 0.94279817 0.92441662
 0.95577914 0.85776632 0.91521199 0.76441001 0.92824178 0.95166864
 0.77765252 0.95935475 0.93274656 0.82774832 0.66320756 0.99653352
 0.9792654  0.91740002 0.97448375 0.95382682 0.9688518  0.96179516
 0.87892873 0.86401658]",0.6291163382072472,0.7462149476366075,1573.0,0.2000722047071856,0.5059467817420658,0.6258943172526573,"[0.75484388 0.6862412  0.75736961 0.86988077 0.80680571 0.62420382
 0.73001605 0.59489194 0.66899225 0.74037185 0.69186271 0.59990553
 0.9414966  0.61162791 0.65590062 0.44585987 0.73553272 0.00694444
 0.45857143 0.75587189 0.7459177  0.49303136 0.39229422 0.18545838
 0.15667075 0.90349076 0.54822335 0.49798387 0.55225312 0.50549451
 0.6977088  0.08743169 0.40047962 0.20588235 0.42691415 0.35430464
 0.11376147 0.59611231 0.32520325 0.04771372 0.00498753 0.86641929
 0.4957265  0.34250765 0.70283019 0.30277778 0.36998255 0.46533128
 0.17622951 0.19702602]",0.9044173896662208,0.9314833715419546,"[0.88014436 0.88818391 0.93283796 0.97150902 0.95128897 0.91203852
 0.94590046 0.90324229 0.91785677 0.94963471 0.93796398 0.92384609
 0.9957571  0.90158441 0.89355914 0.86756189 0.96632147 0.66965072
 0.85491951 0.95133012 0.97376799 0.90965257 0.89227602 0.82493145
 0.82126701 0.99488064 0.93570049 0.8827172  0.95628987 0.93908156
 0.95763539 0.80868458 0.91984175 0.81117209 0.93061556 0.9449473
 0.8072528  0.93611622 0.89267992 0.82196746 0.75220465 0.9916379
 0.9586534  0.89654534 0.96087721 0.9151815  0.91656313 0.93536682
 0.89533511 0.82189517]",0.6215224398710637,0.7586052564798296,8066.0,0.1878803074359893,0.0,0.1878803074359893,6.0,[4.677007407632374e-05],/home/carnelutti/Codes/ICD_Coding/Multi_modal_continiuous/Data/Saved/Events_HADM_50.json,/home/carnelutti/Codes/CAML-DR/Github_code/mimicdata/mimic3,/home/carnelutti/Codes/ICD_Coding/Multi_modal_continiuous/,Multi_modal,multi_modal,/home/carnelutti/caml_splits.csv,/home/carnelutti,/home/carnelutti/Codes/CAML-DR/PLM_ICD_DIR/RoBERTa-base-PM-M3-Voc-distill-align/RoBERTa-base-PM-M3-Voc-distill-align-hf,/home/carnelutti/Codes/ICD_Coding/Multi_modal_continiuous/Data/Saved/,/home/carnelutti/Codes/ICD_Coding/Multi_modal_continiuous/Data/Events_HADM_50.json,/home/carnelutti/Codes/ICD_Coding/Multi_modal_continiuous/Data/Saved/token_dicts.json,1.0,5e-05,20.0,768.0,"{'num_items': 658, 'num_flags': 3, 'do_value': True}","{'num_specimens': 85, 'num_organisms': 212, 'num_antibiotics': 31, 'num_interpretations': 4}","{'num_gsn': 3297, 'do_value': True, 'num_routes': 72}",50.0,1.0,False,True,1.0,16.0,True,1.0,True,True,False,False,True,False,none,True,True,False,16.0,20.0,3.0,False
7,7.0,7.0,7.0,7.0,7.0,7.0,7.0,7.0,7.0,,,,,,,,,0.5732286951937485,0.6579168164928683,"[0.82054616 0.54166667 0.80376766 0.90552147 0.82644628 0.62130937
 0.65011287 0.65248227 0.71713147 0.66666667 0.71939736 0.5800464
 0.95833333 0.77319588 0.77159309 0.24719101 0.70462633 0.
 0.55029586 0.88359788 0.78490566 0.58358663 0.31858407 0.
 0.         0.93793103 0.60702875 0.66666667 0.61960784 0.68553459
 0.71428571 0.45692884 0.58394161 0.45890411 0.53877551 0.48120301
 0.27380952 0.68387097 0.53793103 0.13924051 0.02515723 0.90607735
 0.6984127  0.48275862 0.83516484 0.50819672 0.62564103 0.54304636
 0.20472441 0.3655914 ]",0.9174429761677452,0.935966721025818,"[0.89796382 0.84557057 0.96062247 0.97894407 0.96440037 0.90495063
 0.9329942  0.91591543 0.95503617 0.96333333 0.94550312 0.89798702
 0.99797126 0.93716862 0.919917   0.87580767 0.96432559 0.64807672
 0.88554969 0.99046024 0.98299503 0.9003196  0.92499088 0.84673817
 0.82664591 0.99727314 0.91833556 0.93710752 0.95347619 0.93058071
 0.96546892 0.85412743 0.92544624 0.81744619 0.93953684 0.9581006
 0.81221413 0.95944733 0.94947529 0.84044337 0.6836698  0.99701561
 0.97779847 0.93623497 0.98096508 0.94893194 0.97494265 0.95458932
 0.88284969 0.91248427]",0.6443738080101716,0.7673171696135761,1573.0,0.1885214050779707,0.5465705754612413,0.6520050770990159,"[0.77266922 0.6881512  0.7868362  0.8742268  0.81909959 0.64358633
 0.74975969 0.61962001 0.7030303  0.75008232 0.71357553 0.61588785
 0.95289855 0.66136364 0.68043742 0.48345324 0.76454885 0.01154734
 0.49230769 0.76835353 0.77571885 0.54713805 0.45626072 0.16842105
 0.16746411 0.91683849 0.55841584 0.52952756 0.63118581 0.56910569
 0.70991797 0.28393136 0.46643914 0.29709035 0.46464646 0.48372093
 0.2244898  0.60925727 0.35918367 0.07017544 0.00985222 0.88044486
 0.527339   0.3971223  0.74090909 0.38095238 0.4984127  0.54222222
 0.25145068 0.25945946]",0.916885775738783,0.9402158715074002,"[0.89512373 0.89452449 0.9409807  0.97319249 0.95702875 0.91815345
 0.95310333 0.91518924 0.93592105 0.95056634 0.9470629  0.93169217
 0.99650614 0.91743391 0.90382993 0.88613529 0.9716139  0.70109291
 0.87256762 0.95096477 0.97968592 0.92334167 0.90539321 0.83272021
 0.83039064 0.99588868 0.94463072 0.89614735 0.96289964 0.94756805
 0.96281437 0.85790142 0.93541298 0.85115348 0.93776642 0.95722846
 0.84427124 0.93984049 0.89600083 0.84911853 0.76446835 0.99327353
 0.9648988  0.90854881 0.97249608 0.92965071 0.9399872  0.94205718
 0.91683574 0.84921492]",0.6392263823456484,0.7806487775084497,8066.0,0.1771756261587143,0.0,0.1771756261587143,7.0,[3.7971245593370564e-05],/home/carnelutti/Codes/ICD_Coding/Multi_modal_continiuous/Data/Saved/Events_HADM_50.json,/home/carnelutti/Codes/CAML-DR/Github_code/mimicdata/mimic3,/home/carnelutti/Codes/ICD_Coding/Multi_modal_continiuous/,Multi_modal,multi_modal,/home/carnelutti/caml_splits.csv,/home/carnelutti,/home/carnelutti/Codes/CAML-DR/PLM_ICD_DIR/RoBERTa-base-PM-M3-Voc-distill-align/RoBERTa-base-PM-M3-Voc-distill-align-hf,/home/carnelutti/Codes/ICD_Coding/Multi_modal_continiuous/Data/Saved/,/home/carnelutti/Codes/ICD_Coding/Multi_modal_continiuous/Data/Events_HADM_50.json,/home/carnelutti/Codes/ICD_Coding/Multi_modal_continiuous/Data/Saved/token_dicts.json,1.0,5e-05,20.0,768.0,"{'num_items': 658, 'num_flags': 3, 'do_value': True}","{'num_specimens': 85, 'num_organisms': 212, 'num_antibiotics': 31, 'num_interpretations': 4}","{'num_gsn': 3297, 'do_value': True, 'num_routes': 72}",50.0,1.0,False,True,1.0,16.0,True,1.0,True,True,False,False,True,False,none,True,True,False,16.0,20.0,3.0,False
8,8.0,8.0,8.0,8.0,8.0,8.0,8.0,8.0,,,,,,,,,,0.5755673486274675,0.6724417975094749,"[0.83778234 0.5177665  0.8085758  0.90487805 0.84396201 0.78725398
 0.68831169 0.66666667 0.75949367 0.78800857 0.72298625 0.60425532
 0.96713615 0.76335878 0.74493927 0.22857143 0.75836431 0.00947867
 0.42857143 0.88770053 0.56281407 0.52702703 0.48333333 0.02962963
 0.27678571 0.91791045 0.64779874 0.53731343 0.61946903 0.61324042
 0.68131868 0.5198556  0.58555133 0.38461538 0.55454545 0.66666667
 0.37433155 0.68292683 0.4        0.05633803 0.02515723 0.89411765
 0.39694656 0.51977401 0.83769634 0.55462185 0.56179775 0.52173913
 0.12698413 0.5       ]",0.9206998884052428,0.9410739156719032,"[0.90602364 0.86047176 0.95526154 0.98375643 0.96301927 0.92180999
 0.93935955 0.91506529 0.95792506 0.96747115 0.9538757  0.90159271
 0.99816145 0.93622991 0.91542878 0.86548168 0.96918054 0.62119973
 0.86943117 0.98780011 0.984639   0.9100682  0.92799765 0.85437201
 0.82257245 0.99750038 0.9308258  0.93662242 0.95940381 0.92868205
 0.96122889 0.90714795 0.92323261 0.8347118  0.93701631 0.96650023
 0.80830595 0.95929065 0.93815589 0.85330001 0.6814252  0.99754362
 0.98031624 0.94468075 0.97807352 0.95985634 0.97306148 0.96914822
 0.89499783 0.92577171]",0.6551811824539097,0.783459474088834,1573.0,0.1828139374863816,0.5856752084049206,0.6806324208545357,"[0.79107312 0.7017883  0.80257937 0.88648649 0.8393051  0.67939609
 0.78307888 0.65335893 0.7369606  0.76695194 0.75198788 0.64622426
 0.9579756  0.69273128 0.71880597 0.52206224 0.78108395 0.0183908
 0.5474934  0.7927425  0.78589744 0.59337106 0.49958644 0.19578947
 0.19640719 0.92988428 0.60786194 0.58412098 0.65162455 0.59930314
 0.7013373  0.37209302 0.50681818 0.41761364 0.53087757 0.5412844
 0.33175355 0.63626723 0.41939712 0.09451796 0.01477833 0.89377289
 0.56666667 0.4691358  0.78212291 0.44753477 0.57013575 0.57227139
 0.29906542 0.40199336]",0.9294880763455636,0.9496278990476528,"[0.91119558 0.90587783 0.95241207 0.97590312 0.96700559 0.92643885
 0.96144345 0.92697423 0.94450257 0.95658748 0.9591732  0.94099487
 0.99788235 0.92904837 0.92224027 0.90195526 0.97606541 0.71759675
 0.89646003 0.96636509 0.98245603 0.93575075 0.92051425 0.84415171
 0.8460893  0.99712579 0.95969668 0.92180284 0.97016584 0.95920189
 0.96590211 0.88866607 0.94951134 0.87589118 0.94876189 0.96454204
 0.87623805 0.94969915 0.91195995 0.86711673 0.78077004 0.99574904
 0.96959804 0.92788083 0.97810534 0.93760168 0.95313541 0.95191431
 0.92704688 0.88123627]",0.6581700967022068,0.8090579461907508,8066.0,0.1641158610582351,0.0,0.1641158610582351,8.0,[2.5962661838921717e-05],/home/carnelutti/Codes/ICD_Coding/Multi_modal_continiuous/Data/Saved/Events_HADM_50.json,/home/carnelutti/Codes/CAML-DR/Github_code/mimicdata/mimic3,/home/carnelutti/Codes/ICD_Coding/Multi_modal_continiuous/,Multi_modal,multi_modal,/home/carnelutti/caml_splits.csv,/home/carnelutti,/home/carnelutti/Codes/CAML-DR/PLM_ICD_DIR/RoBERTa-base-PM-M3-Voc-distill-align/RoBERTa-base-PM-M3-Voc-distill-align-hf,/home/carnelutti/Codes/ICD_Coding/Multi_modal_continiuous/Data/Saved/,/home/carnelutti/Codes/ICD_Coding/Multi_modal_continiuous/Data/Events_HADM_50.json,/home/carnelutti/Codes/ICD_Coding/Multi_modal_continiuous/Data/Saved/token_dicts.json,1.0,5e-05,20.0,768.0,"{'num_items': 658, 'num_flags': 3, 'do_value': True}","{'num_specimens': 85, 'num_organisms': 212, 'num_antibiotics': 31, 'num_interpretations': 4}","{'num_gsn': 3297, 'do_value': True, 'num_routes': 72}",50.0,1.0,False,True,1.0,16.0,True,1.0,True,True,False,False,True,False,none,True,True,False,16.0,20.0,3.0,False
9,9.0,9.0,9.0,9.0,9.0,9.0,9.0,,,,,,,,,,,0.6068832104283548,0.6885303402314976,"[0.83578104 0.50085763 0.82302158 0.91161616 0.84196185 0.78183613
 0.69284065 0.68301226 0.77835951 0.7804878  0.69278351 0.59913793
 0.96713615 0.74468085 0.79577465 0.26315789 0.72463768 0.02678571
 0.51304348 0.9047619  0.7953668  0.58452722 0.55445545 0.02919708
 0.22222222 0.90977444 0.67039106 0.63909774 0.6173913  0.67105263
 0.71153846 0.58278146 0.63859649 0.44897959 0.53535354 0.59060403
 0.44329897 0.72043011 0.416      0.16666667 0.03703704 0.92222222
 0.71502591 0.50549451 0.81767956 0.58064516 0.67298578 0.5248227
 0.16793893 0.59090909]",0.9234417329857132,0.9438797997884116,"[0.9068613  0.85743001 0.96074491 0.98275448 0.96412415 0.91524878
 0.94234005 0.92295991 0.95442713 0.96679196 0.95570865 0.90827279
 0.9981051  0.9395618  0.92046275 0.86462829 0.97013757 0.6399993
 0.8645225  0.98752094 0.98529244 0.90423051 0.92983908 0.85035109
 0.83660397 0.99761147 0.93600329 0.93496988 0.95989649 0.93906344
 0.96313331 0.90944831 0.93658468 0.85321249 0.93765531 0.96671886
 0.84166506 0.96580728 0.94075829 0.85592587 0.66959049 0.99719161
 0.98205823 0.929207   0.98037971 0.96723617 0.97346869 0.96855114
 0.89879451 0.93823562]",0.6635727908455181,0.7928391696757607,1573.0,0.1798291408522623,0.6249264303621649,0.709954386906359,"[0.81740776 0.72203553 0.81995554 0.8899177  0.85775631 0.71671759
 0.79244094 0.68446785 0.76614699 0.78640777 0.78821775 0.66696874
 0.96704289 0.71256831 0.74170616 0.57602862 0.8052356  0.02076125
 0.59591299 0.82008368 0.80553807 0.63492063 0.54914703 0.20310881
 0.22453704 0.94085656 0.65654649 0.63137996 0.67759563 0.67408231
 0.75108538 0.41917808 0.60126582 0.4831309  0.55661376 0.60349854
 0.39334342 0.67375133 0.4496124  0.14963504 0.02457002 0.90322581
 0.62037037 0.56430446 0.80396476 0.52631579 0.66288952 0.6759388
 0.34972678 0.48840804]",0.9403530321976924,0.9578081313088312,"[0.92755881 0.91702854 0.95871389 0.98043458 0.97360258 0.94340627
 0.96886017 0.93930645 0.95491929 0.9625229  0.96693445 0.94826219
 0.99836212 0.93821162 0.93506827 0.91871178 0.9799312  0.74407842
 0.91019823 0.96893295 0.98593791 0.94856742 0.93387225 0.86019804
 0.86139558 0.99788547 0.96566977 0.93070273 0.97450231 0.96728886
 0.97507544 0.91043606 0.95903365 0.89882763 0.95977406 0.97202052
 0.89183728 0.96055903 0.92025898 0.88103806 0.80509217 0.99577812
 0.97494014 0.94596919 0.98115968 0.94982619 0.96627169 0.96778624
 0.94080241 0.90010002]",0.677882469625589,0.8343661372449708,8066.0,0.1512109488248825,0.0,0.1512109488248825,9.0,[1.3964089269893315e-05],/home/carnelutti/Codes/ICD_Coding/Multi_modal_continiuous/Data/Saved/Events_HADM_50.json,/home/carnelutti/Codes/CAML-DR/Github_code/mimicdata/mimic3,/home/carnelutti/Codes/ICD_Coding/Multi_modal_continiuous/,Multi_modal,multi_modal,/home/carnelutti/caml_splits.csv,/home/carnelutti,/home/carnelutti/Codes/CAML-DR/PLM_ICD_DIR/RoBERTa-base-PM-M3-Voc-distill-align/RoBERTa-base-PM-M3-Voc-distill-align-hf,/home/carnelutti/Codes/ICD_Coding/Multi_modal_continiuous/Data/Saved/,/home/carnelutti/Codes/ICD_Coding/Multi_modal_continiuous/Data/Events_HADM_50.json,/home/carnelutti/Codes/ICD_Coding/Multi_modal_continiuous/Data/Saved/token_dicts.json,1.0,5e-05,20.0,768.0,"{'num_items': 658, 'num_flags': 3, 'do_value': True}","{'num_specimens': 85, 'num_organisms': 212, 'num_antibiotics': 31, 'num_interpretations': 4}","{'num_gsn': 3297, 'do_value': True, 'num_routes': 72}",50.0,1.0,False,True,1.0,16.0,True,1.0,True,True,False,False,True,False,none,True,True,False,16.0,20.0,3.0,False
10,10.0,10.0,10.0,10.0,10.0,10.0,,,,,,,,,,,,0.627751490241937,0.6979934831075286,"[0.83683142 0.54166667 0.8220339  0.91428571 0.84832215 0.75840336
 0.71615721 0.69032258 0.78130217 0.79399142 0.74906367 0.60465116
 0.96728972 0.78589421 0.79245283 0.29473684 0.72164948 0.01809955
 0.55555556 0.89709763 0.77470356 0.60273973 0.56375839 0.1509434
 0.32758621 0.93772894 0.67673716 0.61276596 0.65427509 0.66666667
 0.72164948 0.61587302 0.60769231 0.5095057  0.56637168 0.70391061
 0.46788991 0.69879518 0.4496124  0.20858896 0.05780347 0.9273743
 0.68539326 0.53921569 0.80645161 0.59016393 0.76229508 0.53521127
 0.30463576 0.57142857]",0.9251554508435492,0.9465361416022036,"[0.90854152 0.86395912 0.96087696 0.98273946 0.96605768 0.91144473
 0.94120524 0.92420573 0.95437323 0.96702605 0.95581519 0.90580433
 0.99827768 0.93998129 0.92270544 0.87095555 0.9707108  0.64685742
 0.87582549 0.98932759 0.98585772 0.90701746 0.92949659 0.85164487
 0.84069649 0.99753573 0.93636526 0.93463937 0.96228724 0.93702479
 0.96103725 0.91558795 0.937948   0.85414519 0.93783282 0.969152
 0.84340441 0.96898369 0.93673127 0.85904156 0.67481288 0.99716866
 0.98256601 0.94149066 0.97920193 0.96750811 0.97731131 0.96879652
 0.90521966 0.94057665]",0.6658614113159568,0.7959173536665801,1573.0,0.1779222384937351,0.65372961275607,0.733322020750509,"[0.83293969 0.74121864 0.84179104 0.90558271 0.88025717 0.74083657
 0.81015873 0.70872686 0.7964139  0.79832204 0.80897196 0.69923112
 0.96620099 0.73033098 0.77997672 0.5958017  0.8        0.03440367
 0.63746032 0.8292011  0.84283031 0.67189953 0.60203284 0.24041451
 0.24475524 0.93643199 0.70446097 0.70663034 0.70736086 0.72568306
 0.7505423  0.50196078 0.63492063 0.52162516 0.61116965 0.63372093
 0.44767442 0.71752577 0.44903226 0.15245009 0.05769231 0.91743119
 0.63448276 0.60583016 0.83370288 0.57913247 0.67613636 0.69230769
 0.39506173 0.55375552]",0.9494235605507448,0.964225253719743,"[0.93793859 0.92383107 0.96765913 0.98513258 0.97814189 0.95239914
 0.97285167 0.94574628 0.96041619 0.96583197 0.97158578 0.95340773
 0.99811444 0.94603072 0.94691156 0.92883801 0.98145047 0.76893911
 0.92343397 0.97784634 0.98910412 0.95642992 0.94406783 0.87214396
 0.8756757  0.99797633 0.97248887 0.94671668 0.97933587 0.97418967
 0.97715816 0.92970034 0.96774901 0.9272729  0.96397239 0.97501005
 0.92102215 0.96749866 0.92617574 0.90020337 0.82884346 0.99748572
 0.97739235 0.9545135  0.9867205  0.96242049 0.97148714 0.96814433
 0.9519048  0.92186736]",0.6935531862137367,0.8540069174950518,8066.0,0.1404102444648742,0.0,0.1404102444648742,10.0,[5.192610123340946e-06],/home/carnelutti/Codes/ICD_Coding/Multi_modal_continiuous/Data/Saved/Events_HADM_50.json,/home/carnelutti/Codes/CAML-DR/Github_code/mimicdata/mimic3,/home/carnelutti/Codes/ICD_Coding/Multi_modal_continiuous/,Multi_modal,multi_modal,/home/carnelutti/caml_splits.csv,/home/carnelutti,/home/carnelutti/Codes/CAML-DR/PLM_ICD_DIR/RoBERTa-base-PM-M3-Voc-distill-align/RoBERTa-base-PM-M3-Voc-distill-align-hf,/home/carnelutti/Codes/ICD_Coding/Multi_modal_continiuous/Data/Saved/,/home/carnelutti/Codes/ICD_Coding/Multi_modal_continiuous/Data/Events_HADM_50.json,/home/carnelutti/Codes/ICD_Coding/Multi_modal_continiuous/Data/Saved/token_dicts.json,1.0,5e-05,20.0,768.0,"{'num_items': 658, 'num_flags': 3, 'do_value': True}","{'num_specimens': 85, 'num_organisms': 212, 'num_antibiotics': 31, 'num_interpretations': 4}","{'num_gsn': 3297, 'do_value': True, 'num_routes': 72}",50.0,1.0,False,True,1.0,16.0,True,1.0,True,True,False,False,True,False,none,True,True,False,16.0,20.0,3.0,False
11,11.0,11.0,11.0,11.0,11.0,,,,,,,,,,,,,0.6264240411239638,0.6981630309988519,"[0.83692722 0.52786885 0.81492109 0.90931677 0.84552846 0.76923077
 0.70824053 0.69152542 0.79406919 0.79657388 0.75415896 0.59436009
 0.96728972 0.77777778 0.78743068 0.2826087  0.73648649 0.02678571
 0.55555556 0.88948787 0.82783883 0.59475219 0.56081081 0.12738854
 0.24413146 0.94623656 0.68047337 0.6614786  0.68       0.64189189
 0.73786408 0.58585859 0.61776062 0.49411765 0.54976303 0.68571429
 0.44670051 0.72043011 0.45801527 0.21301775 0.04705882 0.92134831
 0.69473684 0.55837563 0.82352941 0.6        0.70852018 0.56756757
 0.30967742 0.55      ]",0.9253424172245583,0.9466493300680904,"[0.90913425 0.8629565  0.95989264 0.98294757 0.96514637 0.91418081
 0.94093459 0.92640595 0.95462655 0.96793933 0.95598182 0.90558942
 0.99827768 0.93921451 0.92221085 0.87413747 0.97005782 0.648475
 0.87203919 0.98853394 0.98629853 0.90691042 0.9293676  0.85035646
 0.84009914 0.99760137 0.93601549 0.93413828 0.96184125 0.93678855
 0.96188765 0.91971578 0.93789178 0.86049523 0.93822924 0.96877116
 0.84111748 0.96820027 0.93975683 0.85911226 0.67226241 0.99715335
 0.98236149 0.94054341 0.98166328 0.96930853 0.97542441 0.97119301
 0.90530044 0.9386335 ]",0.6687857596948507,0.7985764409347987,1573.0,0.1777086397653692,0.6746354388255091,0.7496651987693793,"[0.846494   0.76108727 0.85616271 0.91146366 0.87858483 0.76264591
 0.83073    0.72802095 0.8162963  0.812074   0.81069042 0.70803571
 0.97297297 0.73792729 0.78183962 0.64048866 0.81524008 0.04114286
 0.63212435 0.85079806 0.83927455 0.68986852 0.6122449  0.25360825
 0.27555556 0.95336077 0.74422899 0.70127505 0.74125874 0.73478261
 0.77142857 0.5770235  0.66047472 0.59375    0.65789474 0.62119013
 0.46974063 0.71752577 0.47388535 0.18928571 0.07142857 0.94
 0.67363531 0.68226601 0.83849558 0.59859155 0.71549296 0.74033149
 0.42307692 0.57597685]",0.9535906249263278,0.9674302479743584,"[0.94581151 0.93296195 0.97148243 0.98516415 0.97992799 0.95920298
 0.97729753 0.9504573  0.96493108 0.97010554 0.97395037 0.9560772
 0.99879895 0.95003129 0.95553654 0.93295041 0.9820407  0.78307365
 0.92637076 0.97921122 0.98997537 0.95956493 0.94570446 0.8793367
 0.8818866  0.99846493 0.97452479 0.948713   0.98265279 0.97620557
 0.9786872  0.94023205 0.96957601 0.93166858 0.97259317 0.97861134
 0.91803638 0.97034197 0.93798322 0.90774744 0.83187063 0.9981172
 0.98057715 0.9604575  0.98626097 0.96500591 0.97721408 0.97695521
 0.95883401 0.92634854]",0.7023307711381107,0.8663748461689379,8066.0,0.1337340325117111,0.0,0.1337340325117111,11.0,[1.999998791327834e-06],/home/carnelutti/Codes/ICD_Coding/Multi_modal_continiuous/Data/Saved/Events_HADM_50.json,/home/carnelutti/Codes/CAML-DR/Github_code/mimicdata/mimic3,/home/carnelutti/Codes/ICD_Coding/Multi_modal_continiuous/,Multi_modal,multi_modal,/home/carnelutti/caml_splits.csv,/home/carnelutti,/home/carnelutti/Codes/CAML-DR/PLM_ICD_DIR/RoBERTa-base-PM-M3-Voc-distill-align/RoBERTa-base-PM-M3-Voc-distill-align-hf,/home/carnelutti/Codes/ICD_Coding/Multi_modal_continiuous/Data/Saved/,/home/carnelutti/Codes/ICD_Coding/Multi_modal_continiuous/Data/Events_HADM_50.json,/home/carnelutti/Codes/ICD_Coding/Multi_modal_continiuous/Data/Saved/token_dicts.json,1.0,5e-05,20.0,768.0,"{'num_items': 658, 'num_flags': 3, 'do_value': True}","{'num_specimens': 85, 'num_organisms': 212, 'num_antibiotics': 31, 'num_interpretations': 4}","{'num_gsn': 3297, 'do_value': True, 'num_routes': 72}",50.0,1.0,False,True,1.0,16.0,True,1.0,True,True,False,False,True,False,none,True,True,False,16.0,20.0,3.0,False
12,12.0,12.0,12.0,12.0,,,,,,,,,,,,,,0.6318355811197924,0.7004064807923512,"[0.83596431 0.54920635 0.82199711 0.90660025 0.84281843 0.76923077
 0.72536688 0.6910299  0.78350515 0.79828326 0.75763016 0.60759494
 0.96728972 0.7839196  0.7903525  0.28888889 0.73400673 0.02678571
 0.56       0.89189189 0.7953668  0.6028169  0.55830389 0.20118343
 0.3030303  0.94202899 0.67878788 0.62240664 0.67716535 0.65333333
 0.73076923 0.60066007 0.63432836 0.48837209 0.55502392 0.69662921
 0.46       0.74725275 0.4962406  0.25142857 0.03571429 0.91803279
 0.68852459 0.54545455 0.81914894 0.58064516 0.73043478 0.57718121
 0.30463576 0.56451613]",0.9252305099344892,0.946688305672036,"[0.90915222 0.86175288 0.96063448 0.98335736 0.96465701 0.91284824
 0.94195526 0.92717323 0.95420884 0.96740521 0.95637791 0.90577448
 0.99832699 0.93761906 0.92255763 0.87377173 0.97040674 0.64608182
 0.87265394 0.98919199 0.98627778 0.90841667 0.92868707 0.85081814
 0.84040841 0.99758622 0.93490922 0.9325657  0.96203831 0.93680167
 0.96118098 0.91865377 0.9376997  0.85727336 0.93749556 0.96795306
 0.84193348 0.96939677 0.9383181  0.85947079 0.67462845 0.99710744
 0.98226275 0.94094065 0.98066181 0.96912098 0.97664602 0.97120119
 0.90569813 0.93946628]",0.6705657978385252,0.7976812958246761,1573.0,0.1778980194301873,0.680754083084067,0.7536001923308091,"[0.84668552 0.75783476 0.85019646 0.90909091 0.87834941 0.77777778
 0.83333333 0.7326363  0.81922366 0.81457594 0.81638734 0.71473637
 0.96803242 0.74905559 0.79597871 0.64782609 0.83162218 0.03432494
 0.65861411 0.86225895 0.84217016 0.69224745 0.61598746 0.26086957
 0.2731377  0.94808743 0.74725275 0.68054299 0.75352113 0.75974026
 0.76529161 0.57721519 0.66807165 0.61209068 0.65922921 0.64942529
 0.4964539  0.71884655 0.49042146 0.22030981 0.06714628 0.92804428
 0.68871152 0.65844636 0.85245902 0.62092238 0.740638   0.74525745
 0.43478261 0.57184325]",0.9554376259627112,0.9686180315325348,"[0.94889271 0.93352747 0.97084202 0.98630553 0.97922317 0.96020134
 0.9776926  0.95329016 0.96535948 0.96993882 0.97425238 0.95748657
 0.9988606  0.95539288 0.95549906 0.93814253 0.98368473 0.79025046
 0.93411604 0.98035871 0.98945984 0.96151189 0.9490214  0.88159392
 0.885373   0.99863038 0.97877214 0.95271086 0.98261011 0.98036978
 0.97858117 0.94382091 0.9736562  0.93522043 0.97157763 0.98045915
 0.92567893 0.97089052 0.94421494 0.91280525 0.83596921 0.9968162
 0.98134941 0.95888483 0.98801075 0.96324951 0.97637062 0.97616281
 0.95783167 0.92696059]",0.7060500867840317,0.8706691959478933,8066.0,0.1317541301250457,0.0,0.1317541301250457,12.0,[1.9233283889794216e-06],/home/carnelutti/Codes/ICD_Coding/Multi_modal_continiuous/Data/Saved/Events_HADM_50.json,/home/carnelutti/Codes/CAML-DR/Github_code/mimicdata/mimic3,/home/carnelutti/Codes/ICD_Coding/Multi_modal_continiuous/,Multi_modal,multi_modal,/home/carnelutti/caml_splits.csv,/home/carnelutti,/home/carnelutti/Codes/CAML-DR/PLM_ICD_DIR/RoBERTa-base-PM-M3-Voc-distill-align/RoBERTa-base-PM-M3-Voc-distill-align-hf,/home/carnelutti/Codes/ICD_Coding/Multi_modal_continiuous/Data/Saved/,/home/carnelutti/Codes/ICD_Coding/Multi_modal_continiuous/Data/Events_HADM_50.json,/home/carnelutti/Codes/ICD_Coding/Multi_modal_continiuous/Data/Saved/token_dicts.json,1.0,5e-05,20.0,768.0,"{'num_items': 658, 'num_flags': 3, 'do_value': True}","{'num_specimens': 85, 'num_organisms': 212, 'num_antibiotics': 31, 'num_interpretations': 4}","{'num_gsn': 3297, 'do_value': True, 'num_routes': 72}",50.0,1.0,False,True,1.0,16.0,True,1.0,True,True,False,False,True,False,none,True,True,False,16.0,20.0,3.0,False
13,13.0,13.0,13.0,,,,,,,,,,,,,,,0.6328698391081605,0.7022373265363919,"[0.83233133 0.58858859 0.82022472 0.91201983 0.84480432 0.77122877
 0.72340426 0.68438538 0.79338843 0.79130435 0.75812274 0.60721868
 0.96728972 0.78908189 0.78821363 0.3030303  0.74       0.04424779
 0.53658537 0.89544236 0.80754717 0.60941828 0.56291391 0.15853659
 0.28193833 0.94202899 0.68786127 0.61983471 0.67460317 0.63265306
 0.73076923 0.63057325 0.61003861 0.5019305  0.55238095 0.69273743
 0.47804878 0.73626374 0.51470588 0.19753086 0.03592814 0.9281768
 0.68852459 0.52791878 0.81481481 0.58730159 0.72566372 0.5974026
 0.32911392 0.59541985]",0.9252500521461334,0.9466372831751656,"[0.90801574 0.86263925 0.96056005 0.98355904 0.96419157 0.91288851
 0.94232375 0.92649685 0.95388007 0.96776459 0.95669478 0.90599237
 0.99830938 0.9396512  0.92406981 0.87405213 0.97085036 0.64617615
 0.86869534 0.98961873 0.98628816 0.90824846 0.92840241 0.85127445
 0.84017539 0.99758117 0.93542575 0.93305613 0.96159232 0.93652169
 0.96098934 0.92008849 0.93828531 0.8575438  0.93660213 0.96859484
 0.84304473 0.96909052 0.93679474 0.8592688  0.6735219  0.99713805
 0.98230507 0.93926005 0.97944172 0.96939292 0.97517206 0.97187188
 0.90705276 0.94204789]",0.6676414494596313,0.798007595149096,1573.0,0.1789674275843829,0.6837549495060816,0.7566683109351877,"[0.84776779 0.76310772 0.85960167 0.91330075 0.88369594 0.77233677
 0.84316819 0.73271028 0.81973294 0.81689233 0.81740424 0.72254594
 0.96898876 0.7576244  0.77856302 0.63827919 0.82574568 0.03203661
 0.66752577 0.87439945 0.856084   0.6844584  0.62578616 0.24767802
 0.27865169 0.95485636 0.74953959 0.7086758  0.76683938 0.75316456
 0.78010094 0.59354839 0.68362157 0.60536398 0.6598778  0.65346535
 0.4822695  0.72615385 0.49874055 0.23327616 0.06650831 0.93090909
 0.6894198  0.65012407 0.85016648 0.61926606 0.73055556 0.74698795
 0.45060659 0.57562408]",0.9560321502473228,0.9692465416786836,"[0.94912797 0.93565015 0.97264524 0.9871845  0.98227911 0.96034685
 0.97923511 0.95374013 0.9670613  0.9714308  0.97585881 0.9601906
 0.99905251 0.95741097 0.95199337 0.93650027 0.9835479  0.79023321
 0.93295015 0.98036267 0.99023004 0.96318749 0.95059357 0.88114992
 0.88598048 0.9985787  0.97638044 0.94981349 0.98451459 0.97831697
 0.97762842 0.94601645 0.97290277 0.93938075 0.97066158 0.97931999
 0.93100112 0.97392747 0.93633503 0.90984011 0.84311039 0.9976001
 0.9808436  0.96005418 0.99036452 0.96816729 0.97961714 0.97756463
 0.95678674 0.92493794]",0.7080337217951896,0.8737231834192573,8066.0,0.1302453279495239,0.0,0.1302453279495239,13.0,[1.706173492719505e-06],/home/carnelutti/Codes/ICD_Coding/Multi_modal_continiuous/Data/Saved/Events_HADM_50.json,/home/carnelutti/Codes/CAML-DR/Github_code/mimicdata/mimic3,/home/carnelutti/Codes/ICD_Coding/Multi_modal_continiuous/,Multi_modal,multi_modal,/home/carnelutti/caml_splits.csv,/home/carnelutti,/home/carnelutti/Codes/CAML-DR/PLM_ICD_DIR/RoBERTa-base-PM-M3-Voc-distill-align/RoBERTa-base-PM-M3-Voc-distill-align-hf,/home/carnelutti/Codes/ICD_Coding/Multi_modal_continiuous/Data/Saved/,/home/carnelutti/Codes/ICD_Coding/Multi_modal_continiuous/Data/Events_HADM_50.json,/home/carnelutti/Codes/ICD_Coding/Multi_modal_continiuous/Data/Saved/token_dicts.json,1.0,5e-05,20.0,768.0,"{'num_items': 658, 'num_flags': 3, 'do_value': True}","{'num_specimens': 85, 'num_organisms': 212, 'num_antibiotics': 31, 'num_interpretations': 4}","{'num_gsn': 3297, 'do_value': True, 'num_routes': 72}",50.0,1.0,False,True,1.0,16.0,True,1.0,True,True,False,False,True,False,none,True,True,False,16.0,20.0,3.0,False
14,14.0,14.0,,,,,,,,,,,,,,,,0.6317520843026533,0.6998517504846619,"[0.83537415 0.58308157 0.82137834 0.91044776 0.8401084  0.76102564
 0.72649573 0.68697124 0.78246206 0.79302832 0.75774135 0.59611231
 0.96487119 0.78908189 0.78664193 0.3125     0.73754153 0.01793722
 0.53225806 0.89544236 0.80754717 0.58888889 0.56357388 0.2183908
 0.28820961 0.94545455 0.68823529 0.63114754 0.66141732 0.63945578
 0.73076923 0.62893082 0.61478599 0.5        0.54976303 0.69318182
 0.46534653 0.73224044 0.46511628 0.22988506 0.03592814 0.91620112
 0.69945355 0.56157635 0.81481481 0.592      0.71365639 0.59210526
 0.32704403 0.56198347]",0.9253253258694116,0.9465988647063512,"[0.90829823 0.86262472 0.96041361 0.9833402  0.96446996 0.91322596
 0.94180526 0.92609316 0.95395552 0.96781734 0.95601187 0.90520139
 0.99836574 0.93862653 0.9232853  0.87299149 0.97056126 0.64593858
 0.87220685 0.98923586 0.98628816 0.90777441 0.92879382 0.85184887
 0.83992544 0.99760137 0.93585687 0.93239512 0.96128634 0.93625045
 0.96072584 0.92060146 0.93807449 0.86101907 0.93722931 0.96776264
 0.84261526 0.96945374 0.93773979 0.85962733 0.67362536 0.99705387
 0.98226275 0.94210179 0.97954751 0.96977739 0.97638793 0.97114394
 0.90779221 0.93923495]",0.6661157024793388,0.7975269228298532,1573.0,0.1786674639431086,0.6862427880909128,0.7573186559630822,"[0.84966908 0.7574529  0.8591133  0.90983817 0.89049145 0.78428022
 0.83676704 0.73276183 0.81437569 0.81173436 0.81726833 0.72342303
 0.96835443 0.75821217 0.79036994 0.64805931 0.821875   0.0501139
 0.66074826 0.84604716 0.84919654 0.67807154 0.62714509 0.25545171
 0.28539823 0.95133653 0.74401473 0.70577452 0.7535461  0.75299238
 0.77177826 0.58536585 0.68512821 0.59222083 0.663286   0.66571835
 0.52173913 0.74262462 0.51879699 0.19614711 0.06714628 0.92265696
 0.68965517 0.69738481 0.87956989 0.62571104 0.75623269 0.76422764
 0.43373494 0.59913169]",0.9563255295774956,0.9693110921518324,"[0.94930422 0.93325581 0.97261354 0.98609915 0.98245295 0.96428594
 0.9789584  0.9547246  0.96682872 0.97145406 0.97627005 0.96046401
 0.99881256 0.95264044 0.95674724 0.93786172 0.98376151 0.78709564
 0.93278839 0.98002268 0.99017866 0.95980664 0.9528692  0.88043533
 0.88562201 0.99825783 0.97724786 0.95243318 0.98376493 0.97980586
 0.97919787 0.94119468 0.97307115 0.93781538 0.97144804 0.98145459
 0.93012318 0.97251297 0.93966495 0.91248573 0.84507125 0.99536061
 0.9806253  0.96756256 0.99023134 0.96555893 0.97884491 0.97757754
 0.95872064 0.93089174]",0.7074634267294818,0.872399348645356,8066.0,0.1300961226224899,0.0,0.1300961226224899,14.0,[1.3815778174789077e-06],/home/carnelutti/Codes/ICD_Coding/Multi_modal_continiuous/Data/Saved/Events_HADM_50.json,/home/carnelutti/Codes/CAML-DR/Github_code/mimicdata/mimic3,/home/carnelutti/Codes/ICD_Coding/Multi_modal_continiuous/,Multi_modal,multi_modal,/home/carnelutti/caml_splits.csv,/home/carnelutti,/home/carnelutti/Codes/CAML-DR/PLM_ICD_DIR/RoBERTa-base-PM-M3-Voc-distill-align/RoBERTa-base-PM-M3-Voc-distill-align-hf,/home/carnelutti/Codes/ICD_Coding/Multi_modal_continiuous/Data/Saved/,/home/carnelutti/Codes/ICD_Coding/Multi_modal_continiuous/Data/Events_HADM_50.json,/home/carnelutti/Codes/ICD_Coding/Multi_modal_continiuous/Data/Saved/token_dicts.json,1.0,5e-05,20.0,768.0,"{'num_items': 658, 'num_flags': 3, 'do_value': True}","{'num_specimens': 85, 'num_organisms': 212, 'num_antibiotics': 31, 'num_interpretations': 4}","{'num_gsn': 3297, 'do_value': True, 'num_routes': 72}",50.0,1.0,False,True,1.0,16.0,True,1.0,True,True,False,False,True,False,none,True,True,False,16.0,20.0,3.0,False
15,15.0,,,,,,,,,,,,,,,,,0.6315562558236575,0.6992614644758688,"[0.83467742 0.54372019 0.82576867 0.91       0.84167794 0.7629705
 0.72451193 0.68896321 0.7852349  0.79295154 0.75319927 0.59482759
 0.96969697 0.785      0.79341865 0.28571429 0.73400673 0.02678571
 0.53719008 0.88888889 0.79847909 0.59383754 0.54609929 0.22222222
 0.26785714 0.94545455 0.68072289 0.61344538 0.66932271 0.65333333
 0.73076923 0.62893082 0.61776062 0.52272727 0.54285714 0.68539326
 0.4729064  0.73333333 0.52554745 0.23863636 0.03592814 0.91712707
 0.68888889 0.54271357 0.81914894 0.592      0.71681416 0.60645161
 0.31847134 0.57142857]",0.9252579228741736,0.9466468475847576,"[0.90870971 0.86105541 0.96067529 0.9831943  0.96399147 0.91230563
 0.94214439 0.9268337  0.95364831 0.96742499 0.95597362 0.90516855
 0.99836574 0.93856464 0.92320855 0.8731134  0.9705812  0.64778674
 0.87002729 0.98937545 0.98636595 0.90756033 0.92738829 0.85117245
 0.8400949  0.99758117 0.93490515 0.93207527 0.96169604 0.93636419
 0.96076177 0.91965166 0.93831811 0.86217324 0.93721156 0.96760748
 0.84404862 0.96910476 0.93691464 0.85993536 0.67371532 0.99709979
 0.98212875 0.9411851  0.97910319 0.96950545 0.97629043 0.9714711
 0.90763065 0.94168702]",0.6678957406230133,0.7968865791433895,1573.0,0.1785501101944102,0.6869108599598174,0.7581642825400258,"[0.85186923 0.76208531 0.85846755 0.90745963 0.8840075  0.7796464
 0.84007585 0.73877246 0.81344662 0.81376648 0.81784387 0.72776039
 0.96961451 0.75950723 0.77731343 0.65889465 0.83359253 0.04983012
 0.65298268 0.85536332 0.85377943 0.68277475 0.62004662 0.26095821
 0.29471316 0.95544894 0.74632353 0.72543618 0.76485788 0.74372955
 0.77373305 0.58089172 0.65314835 0.59390863 0.68273092 0.63309353
 0.49072753 0.71280992 0.51719745 0.23448276 0.06235012 0.9250457
 0.70668177 0.67754078 0.85590466 0.64310148 0.75774648 0.76216216
 0.48911223 0.59280576]",0.9568709157968364,0.969477767825004,"[0.95091746 0.93410485 0.97140612 0.9862361  0.98040238 0.95964504
 0.97817461 0.95598811 0.96579935 0.97021461 0.97369565 0.96051953
 0.99896467 0.95668962 0.95424779 0.9374139  0.98412678 0.79466708
 0.93158173 0.98059544 0.990074   0.96409387 0.95081666 0.88402727
 0.88746988 0.99858571 0.9774562  0.95920677 0.98413352 0.98066555
 0.98064331 0.94162645 0.97497341 0.94024083 0.97407814 0.98064232
 0.92966844 0.97284538 0.94022228 0.91361774 0.85013629 0.9975165
 0.98206642 0.96123817 0.98893834 0.96859187 0.9767303  0.97599558
 0.96105986 0.9307939 ]",0.7078849491693527,0.873251427922404,8066.0,0.1297273933887481,0.0,0.1297273933887481,15.0,[9.989339726123395e-07],/home/carnelutti/Codes/ICD_Coding/Multi_modal_continiuous/Data/Saved/Events_HADM_50.json,/home/carnelutti/Codes/CAML-DR/Github_code/mimicdata/mimic3,/home/carnelutti/Codes/ICD_Coding/Multi_modal_continiuous/,Multi_modal,multi_modal,/home/carnelutti/caml_splits.csv,/home/carnelutti,/home/carnelutti/Codes/CAML-DR/PLM_ICD_DIR/RoBERTa-base-PM-M3-Voc-distill-align/RoBERTa-base-PM-M3-Voc-distill-align-hf,/home/carnelutti/Codes/ICD_Coding/Multi_modal_continiuous/Data/Saved/,/home/carnelutti/Codes/ICD_Coding/Multi_modal_continiuous/Data/Events_HADM_50.json,/home/carnelutti/Codes/ICD_Coding/Multi_modal_continiuous/Data/Saved/token_dicts.json,1.0,5e-05,20.0,768.0,"{'num_items': 658, 'num_flags': 3, 'do_value': True}","{'num_specimens': 85, 'num_organisms': 212, 'num_antibiotics': 31, 'num_interpretations': 4}","{'num_gsn': 3297, 'do_value': True, 'num_routes': 72}",50.0,1.0,False,True,1.0,16.0,True,1.0,True,True,False,False,True,False,none,True,True,False,16.0,20.0,3.0,False
16,,,,,,,,,,,,,,,,,,0.6344169123973404,0.7012587571908641,"[0.83243243 0.56744186 0.82051282 0.90977444 0.84791386 0.75995914
 0.72842105 0.69320066 0.78098472 0.79738562 0.75539568 0.59701493
 0.96969697 0.78908189 0.7896679  0.30612245 0.72789116 0.05240175
 0.55555556 0.89189189 0.80597015 0.59943978 0.57142857 0.21176471
 0.2907489  0.94202899 0.68674699 0.63374486 0.672      0.66006601
 0.73584906 0.62135922 0.62962963 0.49027237 0.54285714 0.68539326
 0.48076923 0.71264368 0.52554745 0.21556886 0.03592814 0.92307692
 0.69230769 0.54271357 0.81914894 0.609375   0.71681416 0.59210526
 0.32467532 0.578125  ]",0.9252874763441363,0.9466490753557584,"[0.9081676  0.86183764 0.96068249 0.98314496 0.96444821 0.9120813
 0.94220309 0.92774267 0.9536025  0.96792285 0.95622221 0.90556255
 0.99835869 0.93861622 0.92323413 0.87463731 0.97065098 0.64656046
 0.87070258 0.98975832 0.98645929 0.9074724  0.92808661 0.85127982
 0.84059905 0.99761147 0.93493362 0.93267232 0.96170122 0.93703791
 0.9606899  0.9197799  0.93878192 0.86046967 0.93721748 0.9676498
 0.84393588 0.96888398 0.93628696 0.85886987 0.67343643 0.99711509
 0.98210054 0.94122788 0.97907498 0.97016185 0.97625029 0.97141385
 0.90703411 0.94000296]",0.6672600127145581,0.7976060818815778,1573.0,0.17909728627875282,0.692125808031107,0.7626227461525533,"[0.85768025 0.76740318 0.8577745  0.91034836 0.88936512 0.78379531
 0.841537   0.74090739 0.82339874 0.81978799 0.81916885 0.7234424
 0.97382671 0.74986494 0.80327869 0.65590929 0.83636364 0.03436426
 0.67398321 0.86452514 0.85678859 0.7039627  0.61710631 0.27391742
 0.30309735 0.95557075 0.76684882 0.70938628 0.7399651  0.7505423
 0.78097983 0.62623762 0.6973822  0.60225847 0.68204614 0.62733813
 0.49213162 0.73225152 0.49293967 0.24832215 0.05769231 0.93019039
 0.70574972 0.66997519 0.87473002 0.65921788 0.77241379 0.75507442
 0.48576214 0.60968661]",0.9579465517122013,0.9705486138225152,"[0.95399719 0.93740573 0.97322428 0.98759898 0.98310464 0.96251044
 0.97752299 0.95527245 0.96938384 0.97241862 0.97539879 0.96071537
 0.99899164 0.95842277 0.95834637 0.94078002 0.98447359 0.79588903
 0.93831712 0.97883544 0.99046495 0.96407473 0.95284986 0.8846545
 0.89137632 0.99866067 0.97670826 0.95760579 0.98257181 0.98236968
 0.98077974 0.95310204 0.97783316 0.93731266 0.9725339  0.97880158
 0.9291923  0.97276192 0.93622161 0.91593195 0.84408671 0.99785162
 0.98155568 0.96335919 0.98852999 0.96949326 0.98122606 0.97871481
 0.96036226 0.93373127]",0.7105380609967765,0.8764687491823421,8066.0,0.12763611972332,0.0,0.12763611972332,16.0,[6.164675581296259e-07],/home/carnelutti/Codes/ICD_Coding/Multi_modal_continiuous/Data/Saved/Events_HADM_50.json,/home/carnelutti/Codes/CAML-DR/Github_code/mimicdata/mimic3,/home/carnelutti/Codes/ICD_Coding/Multi_modal_continiuous/,Multi_modal,multi_modal,/home/carnelutti/caml_splits.csv,/home/carnelutti,/home/carnelutti/Codes/CAML-DR/PLM_ICD_DIR/RoBERTa-base-PM-M3-Voc-distill-align/RoBERTa-base-PM-M3-Voc-distill-align-hf,/home/carnelutti/Codes/ICD_Coding/Multi_modal_continiuous/Data/Saved/,/home/carnelutti/Codes/ICD_Coding/Multi_modal_continiuous/Data/Events_HADM_50.json,/home/carnelutti/Codes/ICD_Coding/Multi_modal_continiuous/Data/Saved/token_dicts.json,1.0,5e-05,20.0,768.0,"{'num_items': 658, 'num_flags': 3, 'do_value': True}","{'num_specimens': 85, 'num_organisms': 212, 'num_antibiotics': 31, 'num_interpretations': 4}","{'num_gsn': 3297, 'do_value': True, 'num_routes': 72}",50.0,1.0,False,True,1.0,16.0,True,1.0,True,True,False,False,True,False,none,True,True,False,16.0,20.0,3.0,False
