,Unnamed: 0.16,Unnamed: 0.15,Unnamed: 0.14,Unnamed: 0.13,Unnamed: 0.12,Unnamed: 0.11,Unnamed: 0.10,Unnamed: 0.9,Unnamed: 0.8,Unnamed: 0.7,Unnamed: 0.6,Unnamed: 0.5,Unnamed: 0.4,Unnamed: 0.3,Unnamed: 0.2,Unnamed: 0.1,Unnamed: 0,validation_f1_macro,validation_f1_micro,validation_f1_by_class,validation_auc_macro,validation_auc_micro,validation_auc_by_class,validation_p_5,validation_LRAP,validation_metrics_sample_size,train_f1_macro,train_f1_micro,train_f1_by_class,train_auc_macro,train_auc_micro,train_auc_by_class,train_p_5,train_LRAP,train_metrics_sample_size,epoch,curr_lr,file_path,note_path,project_path,run_name,mode,splits,mimic_dir,base_checkpoint,saved_path,event_file,event_tokens_file,batch_size,lr,epochs,hidden_dim,lab_param,microbio_params,drug_param,num_labels,num_heads_labattn,use_all_tokens,reduce_computation,num_layers,max_chunks,use_multihead_attention,num_attention_heads,use_positional_embeddings,use_reverse_positional_embeddings,use_document_embeddings,use_reverse_document_embeddings,use_category_embeddings,is_baseline,aux_task,evaluate_temporal,save_model,debug,grad_accumulation,max_epochs,patience_threshold,load_from_checkpoint
0,0.0,0.0,0.0,0.0,0.0,0.0,0.0,0.0,0.0,0.0,0.0,0.0,0.0,0.0,0.0,0.0,,0.0743195382462842,0.2056318442551712,"[0.5608532  0.21377672 0.46180556 0.08372093 0.61714286 0.00842105
 0.         0.11411411 0.00677966 0.01702128 0.03424658 0.00787402
 0.81173594 0.         0.         0.03571429 0.         0.
 0.         0.         0.32380952 0.         0.         0.
 0.         0.40425532 0.         0.         0.01470588 0.
 0.         0.         0.         0.         0.         0.
 0.         0.         0.         0.         0.         0.
 0.         0.         0.         0.         0.         0.
 0.         0.        ]",0.6914426739678927,0.7446265780663018,"[0.5955941  0.70046936 0.76721772 0.71536952 0.82687779 0.6465938
 0.7709185  0.74358516 0.56932948 0.81151091 0.70975025 0.79216023
 0.97550604 0.49763402 0.5341604  0.70830565 0.85628209 0.55939394
 0.54367163 0.55163954 0.88759361 0.65049407 0.65192584 0.75896352
 0.67843021 0.96782221 0.64880365 0.57830651 0.84673992 0.57948088
 0.77681335 0.55346382 0.64515774 0.52059041 0.73966036 0.74260224
 0.66553911 0.56888122 0.62860988 0.70261298 0.54211929 0.79906217
 0.89361899 0.70973196 0.57818552 0.80584583 0.70342831 0.61102941
 0.52416714 0.73648342]",0.3669018601667735,0.4171614245362188,1559.0,0.0564232130442054,0.0968728984532616,"[0.32061672 0.17088821 0.08930076 0.11921569 0.28117094 0.00941176
 0.01259446 0.14162679 0.10912425 0.09927496 0.01238816 0.0446304
 0.2047729  0.07932011 0.03832753 0.07530313 0.07675277 0.00228311
 0.00639659 0.04226919 0.00245399 0.05818966 0.07142857 0.05988024
 0.         0.07858861 0.00326264 0.03393939 0.06206206 0.01834862
 0.00272109 0.06733167 0.05440696 0.00666667 0.00916031 0.
 0.00387597 0.01857585 0.01488095 0.03518268 0.06435006 0.08510638
 0.         0.01889764 0.00792079 0.         0.0104712  0.04044118
 0.05303867 0.00431034]",0.5820134268956205,0.6714056968029583,"[0.56672722 0.63354704 0.6275556  0.58132003 0.70688962 0.56694501
 0.61743076 0.6405235  0.54157041 0.65033898 0.54536036 0.60587654
 0.81231102 0.44114178 0.53675138 0.63123136 0.6906124  0.54646219
 0.55583571 0.54025328 0.70709283 0.56685279 0.56632034 0.56389591
 0.49800123 0.69173356 0.53672756 0.52322338 0.66546611 0.50735412
 0.63981744 0.524088   0.5784869  0.50010258 0.58731647 0.58715006
 0.58668518 0.51378761 0.48132919 0.60206933 0.52565162 0.65458118
 0.55193891 0.56269376 0.56897804 0.59397311 0.53702548 0.52501074
 0.56291541 0.55171831]",0.3063563563563564,0.3608486052813842,7992.0,0.0,[5.217464962817069e-06],/home/carnelutti/Codes/ICD_Coding/Multi_modal_continiuous/Data/Saved/Events_HADM_50.json,/home/carnelutti/Codes/CAML-DR/Github_code/mimicdata/mimic3,/home/carnelutti/Codes/ICD_Coding/Multi_modal_continiuous/,Multi_modal,multi_modal,/home/carnelutti/caml_splits.csv,/home/carnelutti,/home/carnelutti/Codes/CAML-DR/PLM_ICD_DIR/RoBERTa-base-PM-M3-Voc-distill-align/RoBERTa-base-PM-M3-Voc-distill-align-hf,/home/carnelutti/Codes/ICD_Coding/Multi_modal_continiuous/Data/Saved/,/home/carnelutti/Codes/ICD_Coding/Multi_modal_continiuous/Data/Events_HADM_50.json,/home/carnelutti/Codes/ICD_Coding/Multi_modal_continiuous/Data/Saved/token_dicts.json,1.0,5e-05,20.0,768.0,"{'num_items': 658, 'num_flags': 3, 'do_value': True}","{'num_specimens': 85, 'num_organisms': 212, 'num_antibiotics': 31, 'num_interpretations': 4}","{'num_gsn': 3297, 'do_value': True, 'num_routes': 72}",50.0,1.0,False,True,1.0,16.0,True,1.0,True,True,False,False,True,False,none,True,True,False,16.0,20.0,3.0,False
1,1.0,1.0,1.0,1.0,1.0,1.0,1.0,1.0,1.0,1.0,1.0,1.0,1.0,1.0,1.0,,,0.2160845803027923,0.3699652649471583,"[0.5646711  0.46498599 0.61627907 0.71151358 0.68571429 0.14990859
 0.4516129  0.388      0.         0.41317365 0.5077951  0.53164557
 0.92647059 0.07964602 0.00732601 0.02857143 0.49011858 0.
 0.         0.         0.5210728  0.07179487 0.05847953 0.08333333
 0.11827957 0.90972222 0.08510638 0.         0.4940239  0.
 0.         0.         0.03614458 0.         0.33684211 0.03921569
 0.         0.01923077 0.         0.01428571 0.         0.29824561
 0.4        0.         0.         0.27692308 0.         0.02409639
 0.         0.        ]",0.7678773631427285,0.8111276484930051,"[0.66619484 0.75955165 0.86052441 0.8969228  0.870876   0.69667917
 0.85453295 0.76708728 0.6318884  0.86796269 0.87259868 0.84922129
 0.99303579 0.71164924 0.52454108 0.7316599  0.89253498 0.62569201
 0.60591909 0.5780119  0.92788688 0.76213043 0.7960905  0.80486258
 0.743701   0.99421718 0.76688523 0.6627927  0.90052094 0.71484543
 0.86609043 0.57471363 0.69993966 0.58506152 0.85410093 0.85089855
 0.66060064 0.74064567 0.78018911 0.70999704 0.59470637 0.89943452
 0.94635025 0.73172944 0.72640408 0.8879108  0.72824299 0.85193543
 0.60762909 0.76627101]",0.4405388069275177,0.5058598739460357,1559.0,0.1472269858081297,0.2900114771228395,"[0.46594844 0.44852071 0.42920635 0.43818246 0.65703554 0.02351097
 0.46031113 0.14463545 0.00704225 0.53338479 0.23401826 0.36962919
 0.8145927  0.04189435 0.         0.06676558 0.52550032 0.
 0.00431965 0.00262123 0.32206406 0.0027894  0.01023018 0.01774398
 0.00572246 0.68276436 0.00974026 0.         0.16193182 0.
 0.234375   0.         0.01096892 0.         0.05342237 0.00990099
 0.00408998 0.00695652 0.         0.         0.         0.09459459
 0.05068226 0.         0.         0.01121495 0.         0.
 0.00503778 0.        ]",0.7436617270028857,0.8067553655344637,"[0.68515588 0.77133235 0.78730152 0.81176617 0.8610638  0.71722537
 0.83136294 0.77199721 0.63198601 0.85704151 0.7844963  0.84004941
 0.97447822 0.64619426 0.59799107 0.73191904 0.89095347 0.58729107
 0.67554363 0.58765271 0.8998964  0.70665186 0.72808265 0.73509167
 0.72075788 0.97647649 0.71474439 0.59978821 0.86965779 0.70422044
 0.84813735 0.60850993 0.73819314 0.59319134 0.81509618 0.79928489
 0.68488867 0.74905182 0.72775002 0.71632464 0.61460413 0.82605001
 0.89162222 0.6698935  0.68518012 0.79268457 0.68201879 0.68377803
 0.64445914 0.71419811]",0.4252065081351689,0.5045647896964712,7990.0,1.0,[1.4007186452355308e-05],/home/carnelutti/Codes/ICD_Coding/Multi_modal_continiuous/Data/Saved/Events_HADM_50.json,/home/carnelutti/Codes/CAML-DR/Github_code/mimicdata/mimic3,/home/carnelutti/Codes/ICD_Coding/Multi_modal_continiuous/,Multi_modal,multi_modal,/home/carnelutti/caml_splits.csv,/home/carnelutti,/home/carnelutti/Codes/CAML-DR/PLM_ICD_DIR/RoBERTa-base-PM-M3-Voc-distill-align/RoBERTa-base-PM-M3-Voc-distill-align-hf,/home/carnelutti/Codes/ICD_Coding/Multi_modal_continiuous/Data/Saved/,/home/carnelutti/Codes/ICD_Coding/Multi_modal_continiuous/Data/Events_HADM_50.json,/home/carnelutti/Codes/ICD_Coding/Multi_modal_continiuous/Data/Saved/token_dicts.json,1.0,5e-05,20.0,768.0,"{'num_items': 658, 'num_flags': 3, 'do_value': True}","{'num_specimens': 85, 'num_organisms': 212, 'num_antibiotics': 31, 'num_interpretations': 4}","{'num_gsn': 3297, 'do_value': True, 'num_routes': 72}",50.0,1.0,False,True,1.0,16.0,True,1.0,True,True,False,False,True,False,none,True,True,False,16.0,20.0,3.0,False
2,2.0,2.0,2.0,2.0,2.0,2.0,2.0,2.0,2.0,2.0,2.0,2.0,2.0,2.0,,,,0.2728188695528533,0.4157408071106014,"[0.55750799 0.52670807 0.6744868  0.74055416 0.74226804 0.2027972
 0.23972603 0.46735395 0.39702233 0.64383562 0.56570156 0.51351351
 0.93457944 0.27586207 0.         0.06896552 0.60483871 0.
 0.01273885 0.         0.51914894 0.24242424 0.11049724 0.
 0.2038835  0.91780822 0.06521739 0.         0.52525253 0.08888889
 0.25974026 0.         0.08235294 0.         0.33333333 0.18018018
 0.         0.2        0.08849558 0.         0.         0.49586777
 0.21052632 0.01709402 0.04081633 0.15909091 0.01652893 0.41176471
 0.01785714 0.28571429]",0.7968625663017782,0.8323957826899765,"[0.70023093 0.79836461 0.88782314 0.91523142 0.89467198 0.68902905
 0.86903864 0.80714278 0.72480996 0.91323338 0.88577228 0.85437537
 0.99533109 0.75962895 0.53625832 0.80099668 0.91336958 0.63896509
 0.63096759 0.62547162 0.94429955 0.78983992 0.83010779 0.81052746
 0.78120828 0.99580312 0.77757921 0.72643592 0.90431724 0.74063617
 0.88010155 0.60026409 0.75143659 0.64175036 0.84556185 0.89473684
 0.6719575  0.80151711 0.819912   0.75798835 0.6251861  0.88708207
 0.95698764 0.77273793 0.75039872 0.89031501 0.75462706 0.88771974
 0.70858272 0.80279797]",0.4658114175753688,0.5396577469966349,1559.0,0.243075764139407,0.4040757450204094,"[0.51718611 0.5414305  0.5765043  0.68351384 0.67490208 0.1397624
 0.59952202 0.35615127 0.06973684 0.61676862 0.52256124 0.52042802
 0.89322191 0.23968872 0.0021097  0.26929774 0.60769673 0.
 0.03505155 0.         0.55120275 0.19603267 0.07450524 0.09873708
 0.0332871  0.81779053 0.08194234 0.         0.3969129  0.02298851
 0.43733333 0.         0.02836879 0.         0.18982118 0.08733624
 0.         0.0768     0.05944056 0.         0.         0.57692308
 0.27826087 0.         0.00835073 0.13057325 0.         0.11789474
 0.015      0.00875274]",0.7905130975144711,0.8425843957058444,"[0.71453662 0.80685627 0.84239639 0.89327271 0.87853498 0.74441942
 0.87703043 0.81727054 0.67209408 0.89032846 0.86748295 0.88040264
 0.98371511 0.7325212  0.62527264 0.78290427 0.91319356 0.62335332
 0.68258214 0.60053558 0.92813125 0.80347438 0.77512361 0.7716785
 0.75978799 0.98525743 0.80605143 0.64238964 0.89900466 0.79544921
 0.88814313 0.64608893 0.76908145 0.66651724 0.86024501 0.85070981
 0.72343714 0.80089534 0.79042916 0.74239199 0.6756263  0.91907396
 0.91776304 0.68146544 0.75461859 0.83976358 0.7034433  0.83653085
 0.73756572 0.72681347]",0.4749249249249249,0.5694405932873138,7992.0,2.0,[2.6012446058155606e-05],/home/carnelutti/Codes/ICD_Coding/Multi_modal_continiuous/Data/Saved/Events_HADM_50.json,/home/carnelutti/Codes/CAML-DR/Github_code/mimicdata/mimic3,/home/carnelutti/Codes/ICD_Coding/Multi_modal_continiuous/,Multi_modal,multi_modal,/home/carnelutti/caml_splits.csv,/home/carnelutti,/home/carnelutti/Codes/CAML-DR/PLM_ICD_DIR/RoBERTa-base-PM-M3-Voc-distill-align/RoBERTa-base-PM-M3-Voc-distill-align-hf,/home/carnelutti/Codes/ICD_Coding/Multi_modal_continiuous/Data/Saved/,/home/carnelutti/Codes/ICD_Coding/Multi_modal_continiuous/Data/Events_HADM_50.json,/home/carnelutti/Codes/ICD_Coding/Multi_modal_continiuous/Data/Saved/token_dicts.json,1.0,5e-05,20.0,768.0,"{'num_items': 658, 'num_flags': 3, 'do_value': True}","{'num_specimens': 85, 'num_organisms': 212, 'num_antibiotics': 31, 'num_interpretations': 4}","{'num_gsn': 3297, 'do_value': True, 'num_routes': 72}",50.0,1.0,False,True,1.0,16.0,True,1.0,True,True,False,False,True,False,none,True,True,False,16.0,20.0,3.0,False
3,3.0,3.0,3.0,3.0,3.0,3.0,3.0,3.0,3.0,3.0,3.0,3.0,3.0,,,,,0.3084460073421499,0.4383774250440917,"[0.37460317 0.58013245 0.65422886 0.78779473 0.71794872 0.25827815
 0.55580866 0.2228739  0.48590022 0.64157119 0.68858131 0.56050955
 0.9451074  0.3465704  0.21604938 0.         0.63157895 0.
 0.06024096 0.08465608 0.53231939 0.30081301 0.31304348 0.04379562
 0.         0.90322581 0.30275229 0.1025641  0.47474747 0.21674877
 0.38888889 0.         0.14772727 0.         0.17266187 0.15929204
 0.02962963 0.38509317 0.04081633 0.         0.         0.66666667
 0.63681592 0.01666667 0.03960396 0.12658228 0.064      0.47133758
 0.         0.07407407]",0.811245667202881,0.8409554217989483,"[0.7259586  0.8271374  0.88438955 0.91603264 0.89337778 0.70401938
 0.88564446 0.82381812 0.728717   0.92589039 0.9068656  0.86807922
 0.99597164 0.78278845 0.56885104 0.80857635 0.92287828 0.60129718
 0.67516915 0.5922233  0.9415868  0.81424111 0.84486217 0.82015504
 0.79212026 0.99632837 0.81475958 0.75710825 0.89711481 0.77615708
 0.8831117  0.60734463 0.79108166 0.62730316 0.85672046 0.90723969
 0.68424676 0.85500431 0.85731374 0.76944691 0.64066722 0.89047339
 0.96081112 0.81148188 0.80836324 0.91903302 0.80279129 0.89806457
 0.69008093 0.80958466]",0.4797947402180885,0.5586526965465312,1559.0,0.295678318572766,0.446355710805178,"[0.5171328  0.59714929 0.60210413 0.7044847  0.69835575 0.15796703
 0.6377899  0.44168096 0.19030521 0.64238179 0.57727652 0.54440154
 0.90404729 0.34388489 0.04081633 0.36695388 0.64165733 0.00233372
 0.06237425 0.         0.60969388 0.31256384 0.15943491 0.11777778
 0.09302326 0.8561354  0.13731343 0.01230769 0.46122449 0.08243728
 0.53344482 0.00407332 0.08026756 0.01568627 0.24619289 0.18548387
 0.00804829 0.21216407 0.11729323 0.00838574 0.00506329 0.7366212
 0.38070404 0.02474227 0.04417671 0.21253406 0.03818616 0.29109589
 0.03365385 0.09108911]",0.809350044063327,0.8538833285951353,"[0.73521207 0.83195869 0.84397366 0.89586    0.89152863 0.76415172
 0.89230183 0.8379847  0.70177193 0.89950518 0.88302754 0.88585645
 0.98802014 0.76773058 0.63747494 0.81733549 0.92633898 0.6344594
 0.70253654 0.61832458 0.94101404 0.83368903 0.78385903 0.78073007
 0.78340743 0.98854395 0.82724545 0.68505765 0.9101808  0.81396489
 0.90754208 0.67053391 0.80796371 0.68940628 0.87394418 0.8764345
 0.7363276  0.83697997 0.80575603 0.75130071 0.70292236 0.92173399
 0.93012865 0.71347832 0.77105718 0.86389163 0.71912011 0.86513982
 0.7695406  0.75125521]",0.49321482223335,0.5932428892859213,7988.0,3.0,[3.8014368600952494e-05],/home/carnelutti/Codes/ICD_Coding/Multi_modal_continiuous/Data/Saved/Events_HADM_50.json,/home/carnelutti/Codes/CAML-DR/Github_code/mimicdata/mimic3,/home/carnelutti/Codes/ICD_Coding/Multi_modal_continiuous/,Multi_modal,multi_modal,/home/carnelutti/caml_splits.csv,/home/carnelutti,/home/carnelutti/Codes/CAML-DR/PLM_ICD_DIR/RoBERTa-base-PM-M3-Voc-distill-align/RoBERTa-base-PM-M3-Voc-distill-align-hf,/home/carnelutti/Codes/ICD_Coding/Multi_modal_continiuous/Data/Saved/,/home/carnelutti/Codes/ICD_Coding/Multi_modal_continiuous/Data/Events_HADM_50.json,/home/carnelutti/Codes/ICD_Coding/Multi_modal_continiuous/Data/Saved/token_dicts.json,1.0,5e-05,20.0,768.0,"{'num_items': 658, 'num_flags': 3, 'do_value': True}","{'num_specimens': 85, 'num_organisms': 212, 'num_antibiotics': 31, 'num_interpretations': 4}","{'num_gsn': 3297, 'do_value': True, 'num_routes': 72}",50.0,1.0,False,True,1.0,16.0,True,1.0,True,True,False,False,True,False,none,True,True,False,16.0,20.0,3.0,False
4,4.0,4.0,4.0,4.0,4.0,4.0,4.0,4.0,4.0,4.0,4.0,4.0,,,,,,0.3907970628355393,0.5021039603960397,"[0.55631399 0.56586483 0.66933333 0.77640604 0.71142857 0.54432624
 0.56709957 0.5389755  0.48430493 0.6561086  0.68512111 0.55981941
 0.94663573 0.49577465 0.26586103 0.         0.6102719  0.
 0.04938272 0.46153846 0.63897764 0.34677419 0.41304348 0.09655172
 0.21719457 0.88421053 0.34710744 0.17647059 0.51851852 0.42320819
 0.37837838 0.         0.35074627 0.01197605 0.15827338 0.44295302
 0.04444444 0.48175182 0.07692308 0.         0.02547771 0.66666667
 0.63106796 0.03389831 0.46616541 0.42696629 0.11851852 0.45517241
 0.25615764 0.30769231]",0.8221082512216465,0.8516908929633699,"[0.74547116 0.81834674 0.89632941 0.92304168 0.8891733  0.73857842
 0.88501277 0.84069943 0.77534806 0.9242712  0.90290019 0.86105781
 0.99605705 0.79135601 0.60625342 0.82388335 0.92949763 0.55546341
 0.67911048 0.71361833 0.9523226  0.82935573 0.85610188 0.82220415
 0.78193146 0.99270773 0.82140275 0.78200463 0.90449124 0.7926644
 0.89204545 0.62746204 0.81807995 0.65614104 0.86410334 0.9195147
 0.73405974 0.83730946 0.87796195 0.77941641 0.65406213 0.88439373
 0.96716222 0.79916576 0.81556163 0.91823792 0.77945332 0.89890974
 0.73042223 0.82129335]",0.5084028223220013,0.5840402344578016,1559.0,0.3419326990554776,0.4793360241032346,"[0.53112033 0.60841584 0.62831416 0.72078863 0.70680628 0.2108072
 0.65876777 0.48356221 0.25503356 0.67326057 0.61170651 0.57102002
 0.9090086  0.3933287  0.18613139 0.42005013 0.6514658  0.00932401
 0.04897959 0.15017878 0.65893838 0.34615385 0.26086957 0.15320042
 0.09585492 0.87404315 0.17118402 0.07594937 0.50383142 0.19666667
 0.5681445  0.         0.1433121  0.02348337 0.32360097 0.27560521
 0.03976143 0.34793187 0.2435724  0.01242236 0.00503778 0.73312565
 0.4276885  0.0511811  0.23655914 0.27568922 0.08597285 0.34796748
 0.06132075 0.1294964 ]",0.8253606163428736,0.8652338563472084,"[0.75530088 0.84592749 0.8528113  0.89703739 0.89103582 0.78228478
 0.89844243 0.85438943 0.72637599 0.9080123  0.89392457 0.89528286
 0.98912416 0.79025005 0.67631871 0.8375001  0.93261256 0.6417945
 0.70079188 0.66506339 0.94702408 0.85535817 0.80368705 0.78874239
 0.78283839 0.99059829 0.85011758 0.73207632 0.92159833 0.84656483
 0.91145224 0.68454663 0.83006875 0.69961066 0.88632818 0.89325699
 0.74925    0.86083847 0.84510902 0.76582333 0.70787534 0.93464387
 0.93369323 0.73922593 0.82510499 0.87410829 0.74287518 0.87495141
 0.78956484 0.76681745]",0.5095393089634451,0.617438263375491,7988.0,4.0,[4.679497364175488e-05],/home/carnelutti/Codes/ICD_Coding/Multi_modal_continiuous/Data/Saved/Events_HADM_50.json,/home/carnelutti/Codes/CAML-DR/Github_code/mimicdata/mimic3,/home/carnelutti/Codes/ICD_Coding/Multi_modal_continiuous/,Multi_modal,multi_modal,/home/carnelutti/caml_splits.csv,/home/carnelutti,/home/carnelutti/Codes/CAML-DR/PLM_ICD_DIR/RoBERTa-base-PM-M3-Voc-distill-align/RoBERTa-base-PM-M3-Voc-distill-align-hf,/home/carnelutti/Codes/ICD_Coding/Multi_modal_continiuous/Data/Saved/,/home/carnelutti/Codes/ICD_Coding/Multi_modal_continiuous/Data/Events_HADM_50.json,/home/carnelutti/Codes/ICD_Coding/Multi_modal_continiuous/Data/Saved/token_dicts.json,1.0,5e-05,20.0,768.0,"{'num_items': 658, 'num_flags': 3, 'do_value': True}","{'num_specimens': 85, 'num_organisms': 212, 'num_antibiotics': 31, 'num_interpretations': 4}","{'num_gsn': 3297, 'do_value': True, 'num_routes': 72}",50.0,1.0,False,True,1.0,16.0,True,1.0,True,True,False,False,True,False,none,True,True,False,16.0,20.0,3.0,False
5,5.0,5.0,5.0,5.0,5.0,5.0,5.0,5.0,5.0,5.0,5.0,,,,,,,0.4044586609390848,0.4922551684895998,"[0.48812915 0.46608696 0.68613139 0.72330654 0.74256145 0.56688359
 0.47910864 0.33678756 0.48828125 0.64600326 0.69090909 0.47272727
 0.85638298 0.41549296 0.31460674 0.19444444 0.63859649 0.01869159
 0.1242236  0.44628099 0.62121212 0.44736842 0.32786885 0.08860759
 0.24761905 0.91549296 0.44444444 0.34313725 0.53333333 0.33884298
 0.4109589  0.         0.42105263 0.         0.46315789 0.48504983
 0.14634146 0.53947368 0.06060606 0.02857143 0.01273885 0.59259259
 0.54901961 0.34934498 0.56818182 0.2826087  0.39153439 0.42647059
 0.125      0.26666667]",0.8314499038857437,0.8537935112442048,"[0.74964447 0.82943265 0.89840559 0.91943511 0.90440599 0.75659177
 0.89706777 0.85998732 0.79599488 0.92309845 0.9117585  0.86863306
 0.99707482 0.80869611 0.65098124 0.80178418 0.93269908 0.59128832
 0.72298557 0.7424581  0.9441791  0.82140711 0.8475456  0.81165501
 0.80923282 0.99662924 0.82504273 0.8159283  0.92094718 0.82222123
 0.91037234 0.60378392 0.83895359 0.5942872  0.88079008 0.91946486
 0.72104949 0.85107133 0.88144367 0.80713725 0.64915908 0.92467246
 0.9652042  0.8172944  0.83450815 0.90829926 0.82712532 0.89354293
 0.74255599 0.82456838]",0.4927517639512508,0.5746364272010351,1559.0,0.3724342997152103,0.4971218375312385,"[0.54097145 0.63450652 0.6348212  0.72034884 0.71688312 0.24713376
 0.68059299 0.49620253 0.2832981  0.67042254 0.6464     0.56657224
 0.91157703 0.44237175 0.21314387 0.43717402 0.67536705 0.01154734
 0.09251969 0.28819068 0.63571889 0.39074074 0.26159555 0.15058324
 0.13181242 0.86908078 0.25405405 0.15670651 0.52081317 0.26666667
 0.57894737 0.00806452 0.18597561 0.06026365 0.33098592 0.30769231
 0.06118547 0.39904988 0.32953105 0.05210421 0.00502513 0.74465921
 0.44444444 0.08712121 0.4246988  0.30144168 0.09292035 0.40127389
 0.0649652  0.19354839]",0.8353842001730333,0.873045711696437,"[0.75695121 0.85505417 0.85677519 0.89376654 0.90245749 0.78373619
 0.90638789 0.86673228 0.74856143 0.90643224 0.90452057 0.89508636
 0.98917541 0.80419982 0.68195036 0.84345348 0.93270724 0.65004374
 0.71593849 0.69606603 0.95326005 0.86093058 0.82167644 0.79859942
 0.79510318 0.99247225 0.85172558 0.75399138 0.92910715 0.8605188
 0.91796071 0.70433167 0.84269317 0.74053246 0.89734636 0.89562564
 0.76873747 0.86324089 0.86108381 0.78314471 0.70633679 0.93531964
 0.93504489 0.76010957 0.83845557 0.88457753 0.77175066 0.87262878
 0.81086281 0.77204592]",0.5230133900638217,0.6341189978889582,7991.0,5.0,[4.999998709130303e-05],/home/carnelutti/Codes/ICD_Coding/Multi_modal_continiuous/Data/Saved/Events_HADM_50.json,/home/carnelutti/Codes/CAML-DR/Github_code/mimicdata/mimic3,/home/carnelutti/Codes/ICD_Coding/Multi_modal_continiuous/,Multi_modal,multi_modal,/home/carnelutti/caml_splits.csv,/home/carnelutti,/home/carnelutti/Codes/CAML-DR/PLM_ICD_DIR/RoBERTa-base-PM-M3-Voc-distill-align/RoBERTa-base-PM-M3-Voc-distill-align-hf,/home/carnelutti/Codes/ICD_Coding/Multi_modal_continiuous/Data/Saved/,/home/carnelutti/Codes/ICD_Coding/Multi_modal_continiuous/Data/Events_HADM_50.json,/home/carnelutti/Codes/ICD_Coding/Multi_modal_continiuous/Data/Saved/token_dicts.json,1.0,5e-05,20.0,768.0,"{'num_items': 658, 'num_flags': 3, 'do_value': True}","{'num_specimens': 85, 'num_organisms': 212, 'num_antibiotics': 31, 'num_interpretations': 4}","{'num_gsn': 3297, 'do_value': True, 'num_routes': 72}",50.0,1.0,False,True,1.0,16.0,True,1.0,True,True,False,False,True,False,none,True,True,False,16.0,20.0,3.0,False
6,6.0,6.0,6.0,6.0,6.0,6.0,6.0,6.0,6.0,6.0,,,,,,,,0.3884903351310283,0.486097662193941,"[0.66165414 0.46859083 0.63780664 0.75852273 0.75107914 0.34728682
 0.52777778 0.59625213 0.46948357 0.62992126 0.60136674 0.4742268
 0.96037296 0.48318043 0.19480519 0.296875   0.58295964 0.
 0.16080402 0.42857143 0.66891892 0.37547893 0.23232323 0.11392405
 0.07777778 0.92041522 0.26794258 0.15189873 0.42622951 0.3286385
 0.36363636 0.18905473 0.3627451  0.02366864 0.21428571 0.28099174
 0.14569536 0.47142857 0.44117647 0.12987013 0.         0.59541985
 0.61271676 0.25225225 0.61935484 0.27659574 0.23357664 0.30909091
 0.03418803 0.27368421]",0.839216592913318,0.8655405537941342,"[0.74708599 0.80278817 0.88737391 0.92361274 0.90734273 0.75266049
 0.89693217 0.85748317 0.78440999 0.93082792 0.91928112 0.87392939
 0.99766199 0.8199458  0.67551367 0.83736926 0.93586026 0.61580719
 0.72327419 0.7179783  0.95779    0.81397628 0.85696022 0.82117417
 0.81110284 0.99662414 0.84106521 0.79144103 0.90271963 0.83540475
 0.90539168 0.67613056 0.84441263 0.67768358 0.88510779 0.91417464
 0.74429447 0.86159764 0.91483681 0.81005926 0.63436265 0.91995241
 0.96679198 0.81373408 0.87221605 0.92820498 0.82180334 0.90616971
 0.79245875 0.8360499 ]",0.5226427196921103,0.613523451560147,1559.0,0.4001694349750728,0.5195566068874463,"[0.57551385 0.65426053 0.64486922 0.74103814 0.73470538 0.3248671
 0.68953919 0.5177453  0.31018277 0.67425026 0.65453106 0.59372027
 0.92090909 0.45921053 0.23642732 0.46025878 0.67434211 0.00233372
 0.15509468 0.30835118 0.6946417  0.43336355 0.31671041 0.20391349
 0.15180723 0.88585099 0.3015873  0.22110553 0.52497551 0.29123328
 0.58454106 0.03929273 0.20869565 0.08502773 0.38961039 0.30639731
 0.08778626 0.39190898 0.36121212 0.06336634 0.00501253 0.75
 0.46925972 0.17182131 0.47578348 0.35670357 0.16052061 0.44204019
 0.06726457 0.23488774]",0.845586870267943,0.8818936101781836,"[0.77155198 0.86205661 0.86709843 0.90543218 0.905808   0.80204535
 0.91042458 0.87049276 0.74994538 0.91297258 0.90899717 0.90516197
 0.99063715 0.81632779 0.69602239 0.85520187 0.93849621 0.65376861
 0.73001883 0.70021751 0.9564014  0.87223909 0.83678617 0.80766547
 0.80458179 0.99133717 0.8633193  0.77318831 0.92905748 0.87434988
 0.91606849 0.72006271 0.85241755 0.74544123 0.89440734 0.91046877
 0.78143558 0.87104726 0.86463863 0.80099805 0.73728809 0.94980346
 0.94536082 0.77270079 0.85643144 0.90058577 0.78618262 0.88914333
 0.82513466 0.79812353]",0.5351608461634747,0.6493927363426681,7989.0,6.0,[4.677007407632374e-05],/home/carnelutti/Codes/ICD_Coding/Multi_modal_continiuous/Data/Saved/Events_HADM_50.json,/home/carnelutti/Codes/CAML-DR/Github_code/mimicdata/mimic3,/home/carnelutti/Codes/ICD_Coding/Multi_modal_continiuous/,Multi_modal,multi_modal,/home/carnelutti/caml_splits.csv,/home/carnelutti,/home/carnelutti/Codes/CAML-DR/PLM_ICD_DIR/RoBERTa-base-PM-M3-Voc-distill-align/RoBERTa-base-PM-M3-Voc-distill-align-hf,/home/carnelutti/Codes/ICD_Coding/Multi_modal_continiuous/Data/Saved/,/home/carnelutti/Codes/ICD_Coding/Multi_modal_continiuous/Data/Events_HADM_50.json,/home/carnelutti/Codes/ICD_Coding/Multi_modal_continiuous/Data/Saved/token_dicts.json,1.0,5e-05,20.0,768.0,"{'num_items': 658, 'num_flags': 3, 'do_value': True}","{'num_specimens': 85, 'num_organisms': 212, 'num_antibiotics': 31, 'num_interpretations': 4}","{'num_gsn': 3297, 'do_value': True, 'num_routes': 72}",50.0,1.0,False,True,1.0,16.0,True,1.0,True,True,False,False,True,False,none,True,True,False,16.0,20.0,3.0,False
7,7.0,7.0,7.0,7.0,7.0,7.0,7.0,7.0,7.0,,,,,,,,,0.4377289604810374,0.5172276702888948,"[0.67287234 0.52359209 0.67082683 0.75418275 0.75211268 0.27931034
 0.53132832 0.57960644 0.37172775 0.62162162 0.69667319 0.51084337
 0.95612009 0.53291536 0.28571429 0.24719101 0.67883212 0.
 0.28571429 0.46530612 0.7032967  0.40559441 0.28959276 0.08391608
 0.01156069 0.92733564 0.33187773 0.35121951 0.54385965 0.41463415
 0.49019608 0.24074074 0.44642857 0.1319797  0.50442478 0.4
 0.14765101 0.44615385 0.52413793 0.0952381  0.01282051 0.70588235
 0.59887006 0.2208589  0.6025641  0.4964539  0.34615385 0.48979592
 0.05217391 0.45454545]",0.8434107610411175,0.8689408117617088,"[0.75176768 0.81329965 0.90010296 0.92192562 0.9101075  0.7580984
 0.89011919 0.85668911 0.78970111 0.92899217 0.92033911 0.86069161
 0.99772248 0.84522461 0.65439325 0.84393995 0.93833686 0.60209463
 0.74059144 0.785738   0.96064415 0.81978261 0.85512609 0.80404944
 0.80991322 0.99685871 0.81707257 0.79527911 0.90758629 0.82778771
 0.90180126 0.70286656 0.83681307 0.70491283 0.89105143 0.92277569
 0.76149509 0.84228142 0.93858225 0.80656101 0.67155133 0.91386503
 0.96056192 0.8123334  0.89727159 0.92555467 0.82550382 0.89623056
 0.79811155 0.85643836]",0.5286722257857601,0.621797283595412,1559.0,0.4244362681028794,0.5381361676744123,"[0.60368824 0.66131387 0.66535627 0.73367698 0.7544843  0.36283186
 0.70696095 0.52351228 0.33230769 0.69520193 0.66931007 0.61293346
 0.93327239 0.48739496 0.232358   0.50135501 0.71598272 0.00700117
 0.15875912 0.30063966 0.7036806  0.44218316 0.35021459 0.19536757
 0.17241379 0.88934708 0.33374844 0.2629108  0.5675413  0.34236805
 0.61106656 0.07169811 0.28016644 0.12982456 0.36759371 0.4144427
 0.15602837 0.39490446 0.359375   0.08576998 0.00498753 0.76938776
 0.49047014 0.18842975 0.4978903  0.4018583  0.22983871 0.48942598
 0.08444444 0.27609428]",0.8579223048155378,0.8906065863611665,"[0.78693956 0.87049816 0.87274148 0.91159608 0.91261618 0.80560985
 0.91374321 0.87932858 0.76812526 0.91941095 0.91508391 0.91055631
 0.99183927 0.82409243 0.7182084  0.8725428  0.94873199 0.68542102
 0.74021116 0.70983372 0.96008854 0.87926083 0.84950467 0.81713076
 0.80954736 0.99418867 0.88017551 0.78539711 0.93815072 0.87869519
 0.92784124 0.74537913 0.8642059  0.78000952 0.91117089 0.9213892
 0.81472109 0.87624238 0.87448169 0.8296971  0.75001248 0.95041779
 0.95339213 0.78236068 0.8771849  0.90676459 0.81543736 0.90153159
 0.84621996 0.81838595]",0.5489606811920862,0.6638677224313579,7986.0,7.0,[3.7971245593370564e-05],/home/carnelutti/Codes/ICD_Coding/Multi_modal_continiuous/Data/Saved/Events_HADM_50.json,/home/carnelutti/Codes/CAML-DR/Github_code/mimicdata/mimic3,/home/carnelutti/Codes/ICD_Coding/Multi_modal_continiuous/,Multi_modal,multi_modal,/home/carnelutti/caml_splits.csv,/home/carnelutti,/home/carnelutti/Codes/CAML-DR/PLM_ICD_DIR/RoBERTa-base-PM-M3-Voc-distill-align/RoBERTa-base-PM-M3-Voc-distill-align-hf,/home/carnelutti/Codes/ICD_Coding/Multi_modal_continiuous/Data/Saved/,/home/carnelutti/Codes/ICD_Coding/Multi_modal_continiuous/Data/Events_HADM_50.json,/home/carnelutti/Codes/ICD_Coding/Multi_modal_continiuous/Data/Saved/token_dicts.json,1.0,5e-05,20.0,768.0,"{'num_items': 658, 'num_flags': 3, 'do_value': True}","{'num_specimens': 85, 'num_organisms': 212, 'num_antibiotics': 31, 'num_interpretations': 4}","{'num_gsn': 3297, 'do_value': True, 'num_routes': 72}",50.0,1.0,False,True,1.0,16.0,True,1.0,True,True,False,False,True,False,none,True,True,False,16.0,20.0,3.0,False
8,8.0,8.0,8.0,8.0,8.0,8.0,8.0,8.0,,,,,,,,,,0.441603867997819,0.5353953668953022,"[0.68403474 0.4957265  0.69115646 0.77368421 0.74692202 0.53961456
 0.55778894 0.60625    0.44711538 0.72961373 0.70081967 0.56795132
 0.96453901 0.57910448 0.26315789 0.23188406 0.6959707  0.
 0.20111732 0.46825397 0.55172414 0.35772358 0.33766234 0.08333333
 0.2605042  0.8778626  0.35087719 0.13513514 0.56190476 0.41322314
 0.35616438 0.2739726  0.41284404 0.18090452 0.47474747 0.53424658
 0.20858896 0.49315068 0.47328244 0.04255319 0.02547771 0.67142857
 0.36220472 0.28742515 0.63855422 0.51968504 0.30263158 0.46376812
 0.01724138 0.46666667]",0.8498993420487376,0.8800824687222308,"[0.77414773 0.82710058 0.89616914 0.92918871 0.91331102 0.76920228
 0.90247516 0.86489534 0.80141678 0.93337331 0.92548748 0.85842176
 0.99813884 0.8447938  0.67607562 0.83540052 0.94015907 0.59817827
 0.75312515 0.7772569  0.96104739 0.82389723 0.86103958 0.81828482
 0.81801376 0.99679242 0.83746631 0.82062227 0.91690306 0.83710239
 0.893206   0.71905533 0.85216063 0.72008174 0.89540528 0.92584444
 0.76521386 0.85230083 0.92363722 0.82271109 0.66096866 0.92434028
 0.96793119 0.83046821 0.88845694 0.93762305 0.82276465 0.90439486
 0.81623063 0.86268552]",0.5450930083386786,0.6413848166207418,1559.0,0.451099043785969,0.5584828678414687,"[0.64128126 0.66470299 0.66786725 0.74351585 0.7559322  0.37612613
 0.72038238 0.57689305 0.34486267 0.7058011  0.71383648 0.63192182
 0.93345571 0.53682896 0.26994907 0.53255501 0.73271639 0.02298851
 0.18776916 0.33263598 0.71492063 0.48085485 0.38046272 0.20491803
 0.20604703 0.90433586 0.34837093 0.28018223 0.57649254 0.38
 0.60562249 0.15384615 0.2679558  0.19694397 0.44368601 0.44230769
 0.19753086 0.44283995 0.41509434 0.08679245 0.01485149 0.76858639
 0.51620948 0.24175824 0.5499316  0.4144819  0.24901186 0.49415205
 0.14035088 0.34439179]",0.8682804496302259,0.8987170325042797,"[0.7946872  0.87964293 0.88212932 0.91868353 0.92212588 0.81957417
 0.91986601 0.88993865 0.77109152 0.92364113 0.92787335 0.91870811
 0.99284166 0.84185319 0.72937538 0.88584412 0.94976684 0.70002421
 0.75722245 0.740308   0.96441692 0.89298341 0.86358392 0.82913385
 0.82145941 0.99498979 0.88943982 0.80316979 0.94499923 0.89148928
 0.93485345 0.76673812 0.87464876 0.7966493  0.92176935 0.920746
 0.83380475 0.88704983 0.88563635 0.84377323 0.76843946 0.94975227
 0.95597722 0.7970041  0.88486282 0.91653002 0.81995407 0.90488171
 0.85008563 0.84000301]",0.5632561051972449,0.685513241982651,7985.0,8.0,[2.5962661838921717e-05],/home/carnelutti/Codes/ICD_Coding/Multi_modal_continiuous/Data/Saved/Events_HADM_50.json,/home/carnelutti/Codes/CAML-DR/Github_code/mimicdata/mimic3,/home/carnelutti/Codes/ICD_Coding/Multi_modal_continiuous/,Multi_modal,multi_modal,/home/carnelutti/caml_splits.csv,/home/carnelutti,/home/carnelutti/Codes/CAML-DR/PLM_ICD_DIR/RoBERTa-base-PM-M3-Voc-distill-align/RoBERTa-base-PM-M3-Voc-distill-align-hf,/home/carnelutti/Codes/ICD_Coding/Multi_modal_continiuous/Data/Saved/,/home/carnelutti/Codes/ICD_Coding/Multi_modal_continiuous/Data/Events_HADM_50.json,/home/carnelutti/Codes/ICD_Coding/Multi_modal_continiuous/Data/Saved/token_dicts.json,1.0,5e-05,20.0,768.0,"{'num_items': 658, 'num_flags': 3, 'do_value': True}","{'num_specimens': 85, 'num_organisms': 212, 'num_antibiotics': 31, 'num_interpretations': 4}","{'num_gsn': 3297, 'do_value': True, 'num_routes': 72}",50.0,1.0,False,True,1.0,16.0,True,1.0,True,True,False,False,True,False,none,True,True,False,16.0,20.0,3.0,False
9,9.0,9.0,9.0,9.0,9.0,9.0,9.0,,,,,,,,,,,0.4671672169446337,0.538235294117647,"[0.68181818 0.49832776 0.69672131 0.78021978 0.75423729 0.47248322
 0.52367688 0.60507246 0.43076923 0.72483221 0.64642082 0.55233853
 0.96453901 0.47524752 0.34243176 0.20253165 0.72727273 0.01785714
 0.27184466 0.4743083  0.62978723 0.45697329 0.46206897 0.10666667
 0.24347826 0.88973384 0.3902439  0.35652174 0.57013575 0.43478261
 0.46601942 0.28448276 0.4556962  0.24528302 0.45303867 0.47887324
 0.24539877 0.53012048 0.47761194 0.10810811 0.02531646 0.72847682
 0.64835165 0.28985507 0.61146497 0.58108108 0.40243902 0.4
 0.03333333 0.51006711]",0.8513185405117702,0.8807161975184963,"[0.76176402 0.82884349 0.89936233 0.92503062 0.90617421 0.76783696
 0.90144991 0.86767591 0.79379342 0.93287356 0.92503207 0.87543657
 0.99796447 0.83440573 0.66727472 0.82599975 0.94112554 0.60583023
 0.73186184 0.80297142 0.96252422 0.83044269 0.86464912 0.81090692
 0.8248391  0.99688421 0.84457783 0.81667115 0.91464109 0.84441119
 0.90992505 0.73409126 0.85551267 0.73416373 0.89339395 0.93018769
 0.78463165 0.85699597 0.92197112 0.82327204 0.65435162 0.93135468
 0.96782439 0.81232723 0.89564821 0.94504392 0.83595668 0.90371873
 0.80984378 0.86245835]",0.5426555484284799,0.6381691068466837,1559.0,0.477653629101292,0.5787760849062868,"[0.64529845 0.68524914 0.68699187 0.74906151 0.7598989  0.43058568
 0.75219446 0.59680561 0.38061938 0.72347707 0.72478499 0.64619615
 0.94085282 0.5401369  0.28132579 0.58130602 0.75588865 0.00700117
 0.21453901 0.35876289 0.73929961 0.49867374 0.3973064  0.23069208
 0.23340471 0.9099723  0.38012422 0.31652989 0.62024141 0.42818428
 0.62046737 0.15726496 0.36750999 0.21639344 0.46822742 0.48773006
 0.21805792 0.44660194 0.41895262 0.16785714 0.02948403 0.77938144
 0.55031847 0.26774194 0.57859974 0.47619048 0.28083491 0.54124457
 0.1627409  0.43167702]",0.8800067057154007,0.907435303970624,"[0.80711774 0.89015042 0.88948046 0.92187966 0.92758461 0.83365047
 0.93165673 0.90078706 0.78875808 0.92880683 0.93462375 0.92610224
 0.99463649 0.84402752 0.7422424  0.89975572 0.95795537 0.7226046
 0.7694552  0.75714584 0.9682388  0.9021547  0.87172491 0.84419819
 0.84064104 0.99390743 0.89965784 0.81856924 0.95122027 0.90567391
 0.94086832 0.78173324 0.89028718 0.82518438 0.92931782 0.94065123
 0.85082404 0.8975481  0.90352699 0.85651994 0.79314312 0.95663944
 0.96066754 0.81448385 0.89829193 0.92735506 0.83646569 0.9155003
 0.87019446 0.84672511]",0.5781927559844592,0.7028949195179222,7979.0,9.0,[1.3964089269893315e-05],/home/carnelutti/Codes/ICD_Coding/Multi_modal_continiuous/Data/Saved/Events_HADM_50.json,/home/carnelutti/Codes/CAML-DR/Github_code/mimicdata/mimic3,/home/carnelutti/Codes/ICD_Coding/Multi_modal_continiuous/,Multi_modal,multi_modal,/home/carnelutti/caml_splits.csv,/home/carnelutti,/home/carnelutti/Codes/CAML-DR/PLM_ICD_DIR/RoBERTa-base-PM-M3-Voc-distill-align/RoBERTa-base-PM-M3-Voc-distill-align-hf,/home/carnelutti/Codes/ICD_Coding/Multi_modal_continiuous/Data/Saved/,/home/carnelutti/Codes/ICD_Coding/Multi_modal_continiuous/Data/Events_HADM_50.json,/home/carnelutti/Codes/ICD_Coding/Multi_modal_continiuous/Data/Saved/token_dicts.json,1.0,5e-05,20.0,768.0,"{'num_items': 658, 'num_flags': 3, 'do_value': True}","{'num_specimens': 85, 'num_organisms': 212, 'num_antibiotics': 31, 'num_interpretations': 4}","{'num_gsn': 3297, 'do_value': True, 'num_routes': 72}",50.0,1.0,False,True,1.0,16.0,True,1.0,True,True,False,False,True,False,none,True,True,False,16.0,20.0,3.0,False
10,10.0,10.0,10.0,10.0,10.0,10.0,,,,,,,,,,,,0.4876992956108105,0.5504338728537141,"[0.66111111 0.52698413 0.68834688 0.77066667 0.75169607 0.51720047
 0.61137441 0.60869565 0.44924406 0.7311828  0.69548134 0.57324841
 0.95981087 0.52795031 0.32360743 0.26373626 0.70103093 0.01834862
 0.30578512 0.4743083  0.6504065  0.4587156  0.47586207 0.15116279
 0.30882353 0.89552239 0.39330544 0.2967033  0.57370518 0.47857143
 0.49484536 0.28691983 0.42918455 0.27433628 0.51184834 0.5497076
 0.29946524 0.5034965  0.54929577 0.1863354  0.06741573 0.73333333
 0.61904762 0.32227488 0.63855422 0.55474453 0.46875    0.44444444
 0.09448819 0.51388889]",0.8536469265593108,0.883619800645294,"[0.76041584 0.82905215 0.90085087 0.92695224 0.90841866 0.76002994
 0.90243548 0.86581135 0.79829714 0.93292354 0.92696202 0.87141742
 0.99816019 0.8408366  0.68677272 0.83802141 0.94244438 0.61681021
 0.73787083 0.80848514 0.96246661 0.83613439 0.86618509 0.81467989
 0.82562648 0.996976   0.84083514 0.81980944 0.9165287  0.84183792
 0.90911509 0.74427874 0.8539851  0.74299378 0.89399615 0.93080713
 0.7882691  0.85166091 0.91731459 0.82904466 0.66220476 0.93234349
 0.96854352 0.83199847 0.89178201 0.94131455 0.83848158 0.899476
 0.81576009 0.86492882]",0.549711353431687,0.642813986090719,1559.0,0.498388594080273,0.5933224584298042,"[0.65778217 0.70513447 0.70939954 0.75627344 0.77548715 0.44723093
 0.74940334 0.61284121 0.39629087 0.72826831 0.74033149 0.66787004
 0.94139194 0.53087206 0.304      0.60618729 0.75337291 0.02061856
 0.23878069 0.37577002 0.74836173 0.5385906  0.44333333 0.25641026
 0.2462203  0.90594744 0.39555006 0.33743017 0.62410072 0.46112601
 0.6410055  0.1903172  0.36787565 0.25454545 0.51570964 0.50532725
 0.30420712 0.52193995 0.4600246  0.21993127 0.05755396 0.7930683
 0.55128205 0.25748503 0.58221024 0.50771056 0.28349515 0.56857143
 0.21576763 0.44702467]",0.8866626927138292,0.9120273820472078,"[0.81617203 0.89402696 0.89855947 0.92797169 0.9304046  0.84153892
 0.93334282 0.90751288 0.78767479 0.93503952 0.93792834 0.93241162
 0.99384989 0.85196149 0.74998481 0.90998942 0.95851359 0.74732018
 0.77122059 0.76195291 0.97043052 0.90664475 0.87961248 0.85376376
 0.84794587 0.99504608 0.90629541 0.825137   0.95069047 0.91236433
 0.9413254  0.79029891 0.90031203 0.84104482 0.93366131 0.938963
 0.86291504 0.90713393 0.90360302 0.87020368 0.81039944 0.95924644
 0.96584466 0.81963974 0.90436424 0.93739081 0.85170203 0.92175599
 0.87816001 0.85986292]",0.5883738411425707,0.7165308624972769,7982.0,10.0,[5.192610123340946e-06],/home/carnelutti/Codes/ICD_Coding/Multi_modal_continiuous/Data/Saved/Events_HADM_50.json,/home/carnelutti/Codes/CAML-DR/Github_code/mimicdata/mimic3,/home/carnelutti/Codes/ICD_Coding/Multi_modal_continiuous/,Multi_modal,multi_modal,/home/carnelutti/caml_splits.csv,/home/carnelutti,/home/carnelutti/Codes/CAML-DR/PLM_ICD_DIR/RoBERTa-base-PM-M3-Voc-distill-align/RoBERTa-base-PM-M3-Voc-distill-align-hf,/home/carnelutti/Codes/ICD_Coding/Multi_modal_continiuous/Data/Saved/,/home/carnelutti/Codes/ICD_Coding/Multi_modal_continiuous/Data/Events_HADM_50.json,/home/carnelutti/Codes/ICD_Coding/Multi_modal_continiuous/Data/Saved/token_dicts.json,1.0,5e-05,20.0,768.0,"{'num_items': 658, 'num_flags': 3, 'do_value': True}","{'num_specimens': 85, 'num_organisms': 212, 'num_antibiotics': 31, 'num_interpretations': 4}","{'num_gsn': 3297, 'do_value': True, 'num_routes': 72}",50.0,1.0,False,True,1.0,16.0,True,1.0,True,True,False,False,True,False,none,True,True,False,16.0,20.0,3.0,False
11,11.0,11.0,11.0,11.0,11.0,,,,,,,,,,,,,0.4872332648637067,0.55340165452525,"[0.66938221 0.5187602  0.69529086 0.76964048 0.75405405 0.53287982
 0.5914787  0.59336824 0.47083333 0.73548387 0.70588235 0.56034483
 0.96713615 0.55255255 0.33854167 0.22988506 0.7003367  0.01801802
 0.28806584 0.47154472 0.68634686 0.46349206 0.47811448 0.12790698
 0.26337449 0.91970803 0.40650407 0.37073171 0.57740586 0.46441948
 0.49484536 0.28193833 0.4375     0.25116279 0.49740933 0.56287425
 0.25609756 0.52760736 0.53900709 0.19393939 0.03529412 0.72972973
 0.61111111 0.30769231 0.64670659 0.56551724 0.45810056 0.45714286
 0.09375    0.49275362]",0.8533201519827814,0.8835871258717953,"[0.75906433 0.82885331 0.90023409 0.92774694 0.90847819 0.76407817
 0.90138376 0.86702278 0.79627278 0.93260703 0.92680373 0.87005551
 0.99818511 0.84288643 0.6821936  0.84144211 0.94267089 0.61812865
 0.73264727 0.80241276 0.96333595 0.83509881 0.86489307 0.81075514
 0.82534833 0.99723608 0.84121311 0.82128438 0.91647597 0.84131076
 0.90874033 0.74778222 0.8557952  0.7418547  0.89430326 0.93152626
 0.78726622 0.85170406 0.92072511 0.82805536 0.65977392 0.93093752
 0.96915584 0.83077673 0.89322027 0.94327389 0.83559185 0.89892664
 0.81534601 0.8611332 ]",0.5503527902501604,0.6439454859399408,1559.0,0.5104409556436468,0.6035916848957992,"[0.67445304 0.71627226 0.70681296 0.75392969 0.77656294 0.4616999
 0.75843083 0.62461538 0.39860835 0.73899693 0.75292284 0.67084639
 0.94876487 0.55334988 0.30119522 0.61800083 0.75961538 0.02317497
 0.25207297 0.36024845 0.75665152 0.54892206 0.43287225 0.2642998
 0.26762002 0.9271978  0.42195122 0.37012263 0.6631016  0.46153846
 0.67079783 0.20428336 0.39018088 0.26829268 0.54487856 0.51940299
 0.30243902 0.51152074 0.4520202  0.21217391 0.08018868 0.80651731
 0.58154235 0.3081571  0.59817945 0.50789793 0.3126177  0.59142857
 0.21141649 0.48326055]",0.8913425359876191,0.9153385290009451,"[0.82428644 0.90309001 0.90282372 0.9284406  0.93360813 0.84701079
 0.93578869 0.91329532 0.79913329 0.93653832 0.9409158  0.93367536
 0.99587246 0.86196849 0.76269184 0.91314277 0.95606804 0.76041032
 0.77891987 0.76330816 0.973944   0.91180064 0.88071916 0.85841755
 0.85518029 0.99691743 0.91265894 0.83921643 0.95688927 0.91450823
 0.94323604 0.79791379 0.8983652  0.83676525 0.9405991  0.94158622
 0.86924662 0.90672906 0.91377773 0.87893872 0.81693859 0.960487
 0.96612963 0.82955219 0.91057874 0.94013052 0.84909049 0.93018537
 0.87428438 0.87135183]",0.5954943679599499,0.7262445603228314,7990.0,11.0,[1.999998791327834e-06],/home/carnelutti/Codes/ICD_Coding/Multi_modal_continiuous/Data/Saved/Events_HADM_50.json,/home/carnelutti/Codes/CAML-DR/Github_code/mimicdata/mimic3,/home/carnelutti/Codes/ICD_Coding/Multi_modal_continiuous/,Multi_modal,multi_modal,/home/carnelutti/caml_splits.csv,/home/carnelutti,/home/carnelutti/Codes/CAML-DR/PLM_ICD_DIR/RoBERTa-base-PM-M3-Voc-distill-align/RoBERTa-base-PM-M3-Voc-distill-align-hf,/home/carnelutti/Codes/ICD_Coding/Multi_modal_continiuous/Data/Saved/,/home/carnelutti/Codes/ICD_Coding/Multi_modal_continiuous/Data/Events_HADM_50.json,/home/carnelutti/Codes/ICD_Coding/Multi_modal_continiuous/Data/Saved/token_dicts.json,1.0,5e-05,20.0,768.0,"{'num_items': 658, 'num_flags': 3, 'do_value': True}","{'num_specimens': 85, 'num_organisms': 212, 'num_antibiotics': 31, 'num_interpretations': 4}","{'num_gsn': 3297, 'do_value': True, 'num_routes': 72}",50.0,1.0,False,True,1.0,16.0,True,1.0,True,True,False,False,True,False,none,True,True,False,16.0,20.0,3.0,False
12,12.0,12.0,12.0,12.0,,,,,,,,,,,,,,0.4875397633525858,0.5522873810254836,"[0.66113416 0.51935484 0.69589041 0.7723036  0.75202156 0.53156146
 0.60047281 0.60738255 0.44444444 0.74186551 0.71317829 0.56603774
 0.95529412 0.54545455 0.34020619 0.23255814 0.69863014 0.01818182
 0.28085106 0.488      0.66929134 0.45625    0.47017544 0.21052632
 0.30943396 0.8988764  0.38842975 0.32989691 0.58536585 0.47826087
 0.47058824 0.28695652 0.45454545 0.25570776 0.4787234  0.5398773
 0.28235294 0.5375     0.54929577 0.20238095 0.03636364 0.72727273
 0.61016949 0.31050228 0.6547619  0.54814815 0.4673913  0.43971631
 0.08064516 0.48275862]",0.853060212095868,0.8832633186401735,"[0.75749435 0.82818069 0.90058619 0.92787505 0.90915946 0.76151708
 0.90187324 0.86807159 0.7956652  0.93241712 0.9273369  0.87014025
 0.99812461 0.84093041 0.68357972 0.84151593 0.94236887 0.61472621
 0.73312988 0.80165169 0.96280702 0.83495652 0.86302731 0.811964
 0.82563076 0.99714938 0.83970124 0.81919578 0.91614907 0.84088188
 0.90901838 0.7482687  0.85430594 0.74330681 0.89405034 0.93091393
 0.78878951 0.85243026 0.91907325 0.82916195 0.66175443 0.92865089
 0.9692128  0.82873433 0.89260794 0.94235575 0.8355571  0.90045639
 0.81542129 0.8611332 ]",0.549711353431687,0.6438360101624568,1559.0,0.5173261802344185,0.6086152323142853,"[0.66644845 0.71428571 0.7174298  0.76478913 0.7793007  0.45191802
 0.77275838 0.63639803 0.40621963 0.75       0.75557294 0.68825911
 0.94736842 0.54260652 0.32840467 0.62718932 0.76971943 0.03436426
 0.25528455 0.39117352 0.76299113 0.5475793  0.46030473 0.26812314
 0.26626016 0.91891892 0.42358604 0.3557047  0.66428571 0.47657296
 0.65098039 0.22042139 0.40254777 0.28700906 0.58105263 0.52121212
 0.30063291 0.51767389 0.47890819 0.22259696 0.06603774 0.81230769
 0.59332509 0.28998505 0.60823373 0.54797688 0.31698113 0.60254597
 0.22869023 0.47337278]",0.8936748550347331,0.9167626793849064,"[0.82536031 0.9032774  0.9042487  0.93051444 0.93206343 0.8452664
 0.93759289 0.91452003 0.80082326 0.93734582 0.94279705 0.93718808
 0.99515133 0.86092746 0.76462473 0.91952697 0.95923344 0.76623637
 0.78206345 0.77176148 0.97387096 0.91151797 0.87982823 0.86286601
 0.85752808 0.99495353 0.91228637 0.83855408 0.95582286 0.91691049
 0.94687799 0.8152854  0.90148945 0.84720293 0.94117581 0.94877909
 0.87274199 0.90853947 0.91791248 0.88856512 0.8218569  0.96038239
 0.96747376 0.83214969 0.90769954 0.93872007 0.8511606  0.9296164
 0.87849102 0.87296104]",0.5967939887288667,0.7282543451242818,7985.0,12.0,[1.9233283889794216e-06],/home/carnelutti/Codes/ICD_Coding/Multi_modal_continiuous/Data/Saved/Events_HADM_50.json,/home/carnelutti/Codes/CAML-DR/Github_code/mimicdata/mimic3,/home/carnelutti/Codes/ICD_Coding/Multi_modal_continiuous/,Multi_modal,multi_modal,/home/carnelutti/caml_splits.csv,/home/carnelutti,/home/carnelutti/Codes/CAML-DR/PLM_ICD_DIR/RoBERTa-base-PM-M3-Voc-distill-align/RoBERTa-base-PM-M3-Voc-distill-align-hf,/home/carnelutti/Codes/ICD_Coding/Multi_modal_continiuous/Data/Saved/,/home/carnelutti/Codes/ICD_Coding/Multi_modal_continiuous/Data/Events_HADM_50.json,/home/carnelutti/Codes/ICD_Coding/Multi_modal_continiuous/Data/Saved/token_dicts.json,1.0,5e-05,20.0,768.0,"{'num_items': 658, 'num_flags': 3, 'do_value': True}","{'num_specimens': 85, 'num_organisms': 212, 'num_antibiotics': 31, 'num_interpretations': 4}","{'num_gsn': 3297, 'do_value': True, 'num_routes': 72}",50.0,1.0,False,True,1.0,16.0,True,1.0,True,True,False,False,True,False,none,True,True,False,16.0,20.0,3.0,False
13,13.0,13.0,13.0,,,,,,,,,,,,,,,0.4912361980390307,0.557230191877005,"[0.6807947  0.55792683 0.68918919 0.76882431 0.75100942 0.54019293
 0.60143198 0.59666667 0.46938776 0.73846154 0.71923077 0.56595745
 0.95754717 0.54711246 0.34625323 0.23655914 0.7027027  0.01801802
 0.3030303  0.47389558 0.68939394 0.45783133 0.48       0.16574586
 0.30534351 0.9070632  0.41434263 0.32653061 0.57959184 0.45925926
 0.48979592 0.28691983 0.44155844 0.25688073 0.51282051 0.5748503
 0.27428571 0.5408805  0.54929577 0.17283951 0.03614458 0.72847682
 0.60227273 0.32900433 0.64327485 0.55072464 0.46153846 0.44755245
 0.12307692 0.49032258]",0.8527228219301979,0.8834474008602115,"[0.75705742 0.82761854 0.89978728 0.9281291  0.90707816 0.75974537
 0.90173103 0.86728837 0.79705746 0.93175412 0.9267593  0.87067291
 0.99813528 0.84236876 0.68277859 0.84186047 0.9432246  0.61416622
 0.73174828 0.80071654 0.96239853 0.83447431 0.86382692 0.81248441
 0.82497176 0.99722588 0.83787304 0.82189805 0.91600671 0.84007773
 0.90865571 0.7494338  0.85462677 0.74413721 0.89240636 0.9312557
 0.78900634 0.85184786 0.91733595 0.83006456 0.6617866  0.92969378
 0.96891376 0.82574785 0.89121241 0.94215697 0.83108061 0.89903651
 0.81464333 0.86218386]",0.5511225144323284,0.6431359897021112,1559.0,0.5175035879887168,0.6099675396628818,"[0.67673324 0.71816387 0.72032397 0.76731694 0.77845982 0.46815122
 0.76886145 0.6402439  0.41173594 0.74439157 0.75630915 0.69557362
 0.9478022  0.54465959 0.290938   0.62329051 0.77529286 0.02076125
 0.24422442 0.36344969 0.76326003 0.56046706 0.46612903 0.25940594
 0.29233871 0.92574601 0.40391677 0.37938596 0.67790594 0.49290323
 0.678125   0.19869707 0.40841584 0.28441755 0.54680851 0.55081001
 0.31730769 0.51920838 0.48462485 0.23011844 0.07565012 0.79754601
 0.58779577 0.28951256 0.59445178 0.53908985 0.30654206 0.59312321
 0.22403259 0.47076023]",0.8936701256467369,0.916638516044078,"[0.82821422 0.90519825 0.90633359 0.93305583 0.93285625 0.84729399
 0.93417038 0.91450801 0.7983083  0.93501699 0.94293218 0.93848979
 0.99558909 0.86298091 0.75796986 0.91460906 0.95732979 0.76497296
 0.78298123 0.76539507 0.97356812 0.91798091 0.88412695 0.86277578
 0.85600169 0.99633356 0.91212728 0.8365365  0.9560688  0.91971407
 0.9435007  0.81022722 0.90739093 0.84881026 0.93971835 0.94236952
 0.87622997 0.91126008 0.91663688 0.88261591 0.82794439 0.960556
 0.96735704 0.83181416 0.91446052 0.94136682 0.84971474 0.92349321
 0.8828626  0.87173758]",0.5987478086651641,0.7313240608035643,7986.0,13.0,[1.706173492719505e-06],/home/carnelutti/Codes/ICD_Coding/Multi_modal_continiuous/Data/Saved/Events_HADM_50.json,/home/carnelutti/Codes/CAML-DR/Github_code/mimicdata/mimic3,/home/carnelutti/Codes/ICD_Coding/Multi_modal_continiuous/,Multi_modal,multi_modal,/home/carnelutti/caml_splits.csv,/home/carnelutti,/home/carnelutti/Codes/CAML-DR/PLM_ICD_DIR/RoBERTa-base-PM-M3-Voc-distill-align/RoBERTa-base-PM-M3-Voc-distill-align-hf,/home/carnelutti/Codes/ICD_Coding/Multi_modal_continiuous/Data/Saved/,/home/carnelutti/Codes/ICD_Coding/Multi_modal_continiuous/Data/Events_HADM_50.json,/home/carnelutti/Codes/ICD_Coding/Multi_modal_continiuous/Data/Saved/token_dicts.json,1.0,5e-05,20.0,768.0,"{'num_items': 658, 'num_flags': 3, 'do_value': True}","{'num_specimens': 85, 'num_organisms': 212, 'num_antibiotics': 31, 'num_interpretations': 4}","{'num_gsn': 3297, 'do_value': True, 'num_routes': 72}",50.0,1.0,False,True,1.0,16.0,True,1.0,True,True,False,False,True,False,none,True,True,False,16.0,20.0,3.0,False
14,14.0,14.0,,,,,,,,,,,,,,,,0.4916704129833646,0.5552570521431187,"[0.66392318 0.55521472 0.69376694 0.77206851 0.75335121 0.5255814
 0.60807601 0.59762309 0.45378151 0.74449339 0.71676301 0.55603448
 0.96226415 0.55688623 0.33333333 0.24175824 0.7        0.00909091
 0.28215768 0.48       0.68401487 0.46107784 0.48630137 0.23350254
 0.31460674 0.8988764  0.41935484 0.34       0.58064516 0.46666667
 0.46601942 0.29166667 0.44444444 0.25688073 0.51282051 0.55555556
 0.28735632 0.54658385 0.53900709 0.20238095 0.03658537 0.72847682
 0.60335196 0.33484163 0.6547619  0.55072464 0.46153846 0.43356643
 0.10687023 0.47887324]",0.8527368125904817,0.882793474730159,"[0.75529805 0.82809478 0.8998917  0.92853948 0.90837456 0.76081736
 0.90202207 0.86747265 0.79764052 0.93186407 0.92701756 0.87041566
 0.99819934 0.84240698 0.68188525 0.83994094 0.94284708 0.61455963
 0.7303383  0.80125901 0.96257135 0.83464427 0.86399859 0.81248984
 0.82538684 0.99715448 0.83810721 0.82058998 0.91551899 0.83993031
 0.90878868 0.7482687  0.8544879  0.744072   0.89280381 0.93016632
 0.78836667 0.85227207 0.91829004 0.82937103 0.66093649 0.92929207
 0.96919144 0.832054   0.88948935 0.94213804 0.83258629 0.89951826
 0.8140724  0.86139823]",0.5484284797947402,0.6423397598175219,1559.0,0.5178691266853745,0.6089932973254377,"[0.66883539 0.71578947 0.72262958 0.76419091 0.78637252 0.47726111
 0.77291382 0.62652439 0.41702128 0.73766587 0.75009747 0.68705674
 0.94664213 0.55644664 0.31537242 0.63131732 0.75294118 0.03669725
 0.23639456 0.35477178 0.75272961 0.54817276 0.4685259  0.2751004
 0.2926337  0.93010381 0.41176471 0.34521158 0.64363636 0.47606383
 0.64766429 0.2247557  0.42416769 0.27314112 0.5565032  0.53846154
 0.32339089 0.52764977 0.5097561  0.22372881 0.07125891 0.78586279
 0.60199005 0.30205279 0.625      0.5495283  0.29795158 0.61340942
 0.21205821 0.48424069]",0.8935845194529152,0.9168042510837272,"[0.82501028 0.90101083 0.90685743 0.93086312 0.93462945 0.84871708
 0.93500302 0.91242507 0.7986347  0.93549458 0.94208472 0.93745024
 0.99410936 0.85995315 0.7630753  0.91744417 0.95804219 0.76531271
 0.7799163  0.77176432 0.97113515 0.91489476 0.88637917 0.86364997
 0.85857088 0.99594386 0.91614501 0.83250903 0.95917021 0.91788609
 0.94107096 0.80941448 0.90366267 0.84607595 0.93940474 0.93951999
 0.88120548 0.91070642 0.91157185 0.8865219  0.83121166 0.95650288
 0.96763116 0.82952234 0.9129681  0.94473014 0.8477225  0.92520243
 0.88522295 0.87527521]",0.5962689370226618,0.7297689705761811,7987.0,14.0,[1.3815778174789077e-06],/home/carnelutti/Codes/ICD_Coding/Multi_modal_continiuous/Data/Saved/Events_HADM_50.json,/home/carnelutti/Codes/CAML-DR/Github_code/mimicdata/mimic3,/home/carnelutti/Codes/ICD_Coding/Multi_modal_continiuous/,Multi_modal,multi_modal,/home/carnelutti/caml_splits.csv,/home/carnelutti,/home/carnelutti/Codes/CAML-DR/PLM_ICD_DIR/RoBERTa-base-PM-M3-Voc-distill-align/RoBERTa-base-PM-M3-Voc-distill-align-hf,/home/carnelutti/Codes/ICD_Coding/Multi_modal_continiuous/Data/Saved/,/home/carnelutti/Codes/ICD_Coding/Multi_modal_continiuous/Data/Events_HADM_50.json,/home/carnelutti/Codes/ICD_Coding/Multi_modal_continiuous/Data/Saved/token_dicts.json,1.0,5e-05,20.0,768.0,"{'num_items': 658, 'num_flags': 3, 'do_value': True}","{'num_specimens': 85, 'num_organisms': 212, 'num_antibiotics': 31, 'num_interpretations': 4}","{'num_gsn': 3297, 'do_value': True, 'num_routes': 72}",50.0,1.0,False,True,1.0,16.0,True,1.0,True,True,False,False,True,False,none,True,True,False,16.0,20.0,3.0,False
15,15.0,,,,,,,,,,,,,,,,,0.4908477522392737,0.5537200195790505,"[0.66666667 0.53140097 0.69329529 0.76821192 0.75067024 0.52561247
 0.59952038 0.59931507 0.45962733 0.75167785 0.71566731 0.55793991
 0.96261682 0.55757576 0.335      0.23255814 0.70103093 0.00909091
 0.28571429 0.47580645 0.68965517 0.46385542 0.47017544 0.23958333
 0.3        0.8988764  0.41935484 0.33502538 0.57983193 0.48201439
 0.46601942 0.29875519 0.44067797 0.28947368 0.4921466  0.56626506
 0.28901734 0.5408805  0.54929577 0.20238095 0.03592814 0.72368421
 0.61016949 0.32110092 0.65088757 0.55882353 0.45303867 0.42465753
 0.10606061 0.46575342]",0.852746177368078,0.8831231497054234,"[0.75574993 0.82737306 0.90020009 0.92791848 0.9082533  0.75997147
 0.90200553 0.86809598 0.79748522 0.93191737 0.92685372 0.87017656
 0.99819934 0.84226801 0.68208697 0.84027316 0.94288231 0.61621124
 0.72774545 0.803356   0.96248233 0.83456126 0.86262525 0.8119098
 0.82592174 0.99714938 0.83802094 0.81943801 0.9157958  0.8407836
 0.90924807 0.74757782 0.85445917 0.74371114 0.89383958 0.9311845
 0.78887082 0.85202042 0.91717931 0.82933023 0.66085838 0.93082164
 0.9689992  0.82958584 0.89247266 0.94206232 0.83142228 0.899738
 0.81390928 0.86230691]",0.548941629249519,0.6438879065264675,1559.0,0.523140449350259,0.6130030959752322,"[0.66776262 0.71804878 0.71811741 0.76473923 0.78226931 0.46089677
 0.77360406 0.63878327 0.41385857 0.74686547 0.7603242  0.68602541
 0.95421245 0.56738462 0.32608696 0.63386155 0.7735155  0.02978236
 0.23927393 0.37755102 0.7628866  0.56547123 0.4504065  0.26496565
 0.30738119 0.92901447 0.42350061 0.33409611 0.66961131 0.48620237
 0.67132867 0.2464     0.40717029 0.30075188 0.5540107  0.55407407
 0.31309904 0.52153667 0.52579853 0.23569024 0.07981221 0.80730223
 0.61519608 0.32400589 0.61336828 0.56271981 0.30057803 0.62359551
 0.20964361 0.46444122]",0.8951618467518304,0.9179665759492204,"[0.82710967 0.90366399 0.90298637 0.93067608 0.9343561  0.85138858
 0.93806963 0.91494247 0.80362256 0.93606239 0.94269107 0.93777014
 0.99501742 0.86361752 0.7634539  0.9164129  0.96204305 0.7719421
 0.77977509 0.76908894 0.97369794 0.9163589  0.88752406 0.86651262
 0.86098183 0.99628272 0.91775699 0.83182622 0.95758568 0.92011442
 0.94625425 0.80889835 0.91033866 0.85187896 0.93998161 0.94585058
 0.87691327 0.91362829 0.91673749 0.88239564 0.83662438 0.96194306
 0.96817756 0.83833432 0.91089756 0.94476717 0.8556061  0.92576493
 0.87971709 0.87005172]",0.6007763586275982,0.7344551253823342,7986.0,15.0,[9.989339726123395e-07],/home/carnelutti/Codes/ICD_Coding/Multi_modal_continiuous/Data/Saved/Events_HADM_50.json,/home/carnelutti/Codes/CAML-DR/Github_code/mimicdata/mimic3,/home/carnelutti/Codes/ICD_Coding/Multi_modal_continiuous/,Multi_modal,multi_modal,/home/carnelutti/caml_splits.csv,/home/carnelutti,/home/carnelutti/Codes/CAML-DR/PLM_ICD_DIR/RoBERTa-base-PM-M3-Voc-distill-align/RoBERTa-base-PM-M3-Voc-distill-align-hf,/home/carnelutti/Codes/ICD_Coding/Multi_modal_continiuous/Data/Saved/,/home/carnelutti/Codes/ICD_Coding/Multi_modal_continiuous/Data/Events_HADM_50.json,/home/carnelutti/Codes/ICD_Coding/Multi_modal_continiuous/Data/Saved/token_dicts.json,1.0,5e-05,20.0,768.0,"{'num_items': 658, 'num_flags': 3, 'do_value': True}","{'num_specimens': 85, 'num_organisms': 212, 'num_antibiotics': 31, 'num_interpretations': 4}","{'num_gsn': 3297, 'do_value': True, 'num_routes': 72}",50.0,1.0,False,True,1.0,16.0,True,1.0,True,True,False,False,True,False,none,True,True,False,16.0,20.0,3.0,False
16,,,,,,,,,,,,,,,,,,0.49011489435755834,0.5538969778539093,"[0.66254296 0.54344392 0.69252078 0.7712766  0.75099867 0.52342857
 0.60377358 0.60204082 0.45188285 0.75055188 0.72275335 0.56050955
 0.96018735 0.56379822 0.33846154 0.25806452 0.69686411 0.01785714
 0.29508197 0.48192771 0.68913858 0.4601227  0.48630137 0.21989529
 0.30418251 0.8988764  0.39506173 0.33333333 0.57983193 0.48571429
 0.47058824 0.30125523 0.44813278 0.25570776 0.5        0.55214724
 0.28571429 0.53846154 0.54929577 0.17283951 0.03592814 0.72368421
 0.61016949 0.30414747 0.64705882 0.55072464 0.45303867 0.43971631
 0.09448819 0.47222222]",0.8525395472153463,0.8826521893559524,"[0.75652329 0.8274197  0.90005682 0.92757324 0.90874276 0.75890142
 0.90145983 0.86842933 0.79644171 0.93189072 0.92674542 0.87017051
 0.99817799 0.84209082 0.68352209 0.8416759  0.9427162  0.61487507
 0.72958599 0.80225083 0.96280178 0.83414229 0.86293244 0.81135144
 0.82625552 0.99720038 0.83733485 0.82028853 0.91531599 0.840797
 0.90828095 0.74757577 0.85504817 0.74316334 0.89230399 0.93097089
 0.78887082 0.85161058 0.91725051 0.82787688 0.65976013 0.92995643
 0.96906328 0.82918477 0.89107712 0.94279116 0.83146861 0.89888438
 0.81261058 0.86155914]",0.5475304682488775,0.6424105812759277,1559.0,0.522527345785621,0.6123399604455085,"[0.67937439 0.71845136 0.71696177 0.75683371 0.78345364 0.4623323
 0.77350721 0.63920671 0.42238946 0.74880546 0.75910693 0.68571429
 0.95281722 0.55822551 0.32822086 0.63338926 0.7793177  0.02309469
 0.24277457 0.35758836 0.76030928 0.54773869 0.47385621 0.25958702
 0.32206759 0.92520776 0.44418052 0.38585209 0.655885   0.49408673
 0.68478261 0.22539683 0.4144819  0.28358209 0.52267819 0.51305684
 0.31309904 0.52860412 0.488228   0.25785124 0.0521327  0.80287474
 0.59526775 0.30701754 0.61182519 0.56046512 0.35315985 0.59550562
 0.23529412 0.49072753]",0.895564690728116,0.9182798071568603,"[0.83035506 0.90945332 0.90556187 0.93198064 0.9355952  0.84887637
 0.93663946 0.91525279 0.80215184 0.9391285  0.94047091 0.9383821
 0.99491082 0.8644871  0.76563897 0.91906516 0.96088343 0.77187702
 0.78472098 0.77094423 0.97317945 0.91437468 0.88905964 0.86339223
 0.86278597 0.99583004 0.91233772 0.83305584 0.95673471 0.92334577
 0.95213124 0.8141283  0.9095596  0.85376231 0.93774685 0.94075474
 0.88111092 0.9096305  0.91105321 0.88496663 0.83149984 0.9621047
 0.96519341 0.83401208 0.91264095 0.94596473 0.86153668 0.92777437
 0.88000554 0.87218613]",0.6015531062124249,0.7339359840606421,7984.0,16.0,[6.164675581296259e-07],/home/carnelutti/Codes/ICD_Coding/Multi_modal_continiuous/Data/Saved/Events_HADM_50.json,/home/carnelutti/Codes/CAML-DR/Github_code/mimicdata/mimic3,/home/carnelutti/Codes/ICD_Coding/Multi_modal_continiuous/,Multi_modal,multi_modal,/home/carnelutti/caml_splits.csv,/home/carnelutti,/home/carnelutti/Codes/CAML-DR/PLM_ICD_DIR/RoBERTa-base-PM-M3-Voc-distill-align/RoBERTa-base-PM-M3-Voc-distill-align-hf,/home/carnelutti/Codes/ICD_Coding/Multi_modal_continiuous/Data/Saved/,/home/carnelutti/Codes/ICD_Coding/Multi_modal_continiuous/Data/Events_HADM_50.json,/home/carnelutti/Codes/ICD_Coding/Multi_modal_continiuous/Data/Saved/token_dicts.json,1.0,5e-05,20.0,768.0,"{'num_items': 658, 'num_flags': 3, 'do_value': True}","{'num_specimens': 85, 'num_organisms': 212, 'num_antibiotics': 31, 'num_interpretations': 4}","{'num_gsn': 3297, 'do_value': True, 'num_routes': 72}",50.0,1.0,False,True,1.0,16.0,True,1.0,True,True,False,False,True,False,none,True,True,False,16.0,20.0,3.0,False
