,Unnamed: 0.19,Unnamed: 0.18,Unnamed: 0.17,Unnamed: 0.16,Unnamed: 0.15,Unnamed: 0.14,Unnamed: 0.13,Unnamed: 0.12,Unnamed: 0.11,Unnamed: 0.10,Unnamed: 0.9,Unnamed: 0.8,Unnamed: 0.7,Unnamed: 0.6,Unnamed: 0.5,Unnamed: 0.4,Unnamed: 0.3,Unnamed: 0.2,Unnamed: 0.1,Unnamed: 0,validation_f1_macro,validation_f1_micro,validation_f1_by_class,validation_auc_macro,validation_auc_micro,validation_auc_by_class,validation_p_5,validation_LRAP,validation_metrics_sample_size,validation_val_loss_cls,train_f1_macro,train_f1_micro,train_f1_by_class,train_auc_macro,train_auc_micro,train_auc_by_class,train_p_5,train_LRAP,train_metrics_sample_size,train_loss,train_loss_aux,train_loss_cls,epoch,curr_lr,file_path,note_path,project_path,run_name,mode,splits,mimic_dir,base_checkpoint,saved_path,event_file,event_tokens_file,batch_size,lr,epochs,hidden_dim,lab_param,microbio_params,drug_param,num_labels,num_heads_labattn,use_all_tokens,reduce_computation,num_layers,max_chunks,use_multihead_attention,num_attention_heads,use_positional_embeddings,use_reverse_positional_embeddings,use_document_embeddings,use_reverse_document_embeddings,use_category_embeddings,is_baseline,aux_task,evaluate_temporal,save_model,debug,grad_accumulation,max_epochs,patience_threshold,load_from_checkpoint,apply_temporal_loss
0,0.0,0.0,0.0,0.0,0.0,0.0,0.0,0.0,0.0,0.0,0.0,0.0,0.0,0.0,0.0,0.0,0.0,0.0,0.0,,0.1092915355259762,0.2254962505513895,"[0.41011236 0.3699422  0.45525292 0.08133971 0.64722222 0.18761062
 0.26791277 0.03311258 0.         0.10833333 0.25994695 0.50691244
 0.9127182  0.         0.         0.         0.175      0.
 0.         0.         0.21463415 0.01052632 0.         0.
 0.         0.824      0.         0.         0.         0.
 0.         0.         0.         0.         0.         0.
 0.         0.         0.         0.         0.         0.
 0.         0.         0.         0.         0.         0.
 0.         0.        ]",0.7325187430111919,0.7864600187825337,"[0.63364031 0.7494551  0.82527633 0.74836728 0.86524642 0.69434187
 0.85908498 0.7394774  0.5956071  0.85758325 0.86464286 0.86192116
 0.99115244 0.64262136 0.56096473 0.6530978  0.90517895 0.49606959
 0.58412738 0.57958443 0.90580108 0.68242882 0.80826506 0.81191887
 0.67461024 0.99356663 0.59930777 0.63755531 0.87877153 0.63170328
 0.78747155 0.56094756 0.66283439 0.50716348 0.81219085 0.84854576
 0.56873134 0.74689125 0.72562627 0.68728223 0.59086779 0.82410468
 0.91720266 0.62422998 0.68415002 0.88629246 0.70976141 0.84003206
 0.56894923 0.74129284]",0.4029243483788938,0.460595438802941,1573.0,0.3018190383048534,0.0605338245205123,0.1104213857140387,"[0.31094636 0.20102215 0.08714409 0.01676529 0.36957972 0.00311042
 0.14728682 0.10094953 0.00140746 0.22758941 0.02793296 0.15005359
 0.28607595 0.00739372 0.         0.101473   0.17458432 0.00232288
 0.00630915 0.07898894 0.10742049 0.0027137  0.         0.00258398
 0.07078189 0.14348786 0.03042877 0.         0.         0.
 0.02384106 0.         0.         0.03851444 0.         0.00849257
 0.06291706 0.00633914 0.03018868 0.04657534 0.         0.
 0.         0.0522466  0.05494505 0.00382409 0.00469484 0.0357599
 0.         0.        ]",0.600832257238615,0.6934722031264641,"[0.59813659 0.63854199 0.64556542 0.55272055 0.73271257 0.64028888
 0.69688212 0.59321008 0.51999915 0.70238882 0.6207693  0.66205372
 0.83910005 0.57748349 0.54000161 0.61711547 0.7079443  0.5121226
 0.59297686 0.53756657 0.7544738  0.57003109 0.5544206  0.62183687
 0.54285727 0.78159337 0.52537038 0.51241603 0.63815145 0.59216727
 0.68602935 0.55087426 0.54179407 0.52400447 0.59423949 0.55752302
 0.51357174 0.57068334 0.5895419  0.56969749 0.55203799 0.52445762
 0.69911295 0.54564479 0.50577435 0.66225637 0.55188392 0.52758864
 0.54231021 0.61168862]",0.311554673939995,0.3732414035707073,8066.0,0.3445578,0.0,0.3445578,0.0,[5.217464962817069e-06],/home/carnelutti/Codes/ICD_Coding/Multi_modal_continiuous/Data/Saved/Events_HADM_50.json,/home/carnelutti/Codes/CAML-DR/Github_code/mimicdata/mimic3,/home/carnelutti/Codes/ICD_Coding/Multi_modal_continiuous/,Multi_modal,multi_modal,/home/carnelutti/caml_splits.csv,/home/carnelutti,/home/carnelutti/Codes/CAML-DR/PLM_ICD_DIR/RoBERTa-base-PM-M3-Voc-distill-align/RoBERTa-base-PM-M3-Voc-distill-align-hf,/home/carnelutti/Codes/ICD_Coding/Multi_modal_continiuous/Data/Saved/,/home/carnelutti/Codes/ICD_Coding/Multi_modal_continiuous/Data/Events_HADM_50.json,/home/carnelutti/Codes/ICD_Coding/Multi_modal_continiuous/Data/Saved/token_dicts.json,1.0,5e-05,20.0,768.0,"{'num_items': 658, 'num_flags': 3, 'do_value': True}","{'num_specimens': 85, 'num_organisms': 212, 'num_antibiotics': 31, 'num_interpretations': 4}","{'num_gsn': 3297, 'do_value': True, 'num_routes': 72}",50.0,1.0,False,True,1.0,16.0,True,1.0,True,True,False,False,True,False,none,True,True,False,16.0,20.0,3.0,False,True
1,1.0,1.0,1.0,1.0,1.0,1.0,1.0,1.0,1.0,1.0,1.0,1.0,1.0,1.0,1.0,1.0,1.0,1.0,,,0.2455622142993204,0.3886197616301422,"[0.49598573 0.38912134 0.72849462 0.77108434 0.72868217 0.02874743
 0.50854701 0.33495146 0.14414414 0.41830065 0.67047619 0.53041363
 0.95150115 0.3655914  0.         0.03636364 0.27906977 0.
 0.         0.         0.66898955 0.19730942 0.16326531 0.01526718
 0.         0.91333333 0.13684211 0.01503759 0.37362637 0.
 0.10169492 0.01111111 0.         0.         0.0483871  0.
 0.         0.17777778 0.09009009 0.         0.         0.78980892
 0.49367089 0.         0.18965517 0.42285714 0.         0.08791209
 0.         0.        ]",0.8235579813457394,0.8528507519631318,"[0.73384932 0.806161   0.93251899 0.96297941 0.9253904  0.74626977
 0.88979326 0.82392288 0.78906477 0.93504451 0.91583715 0.89577227
 0.99630882 0.79626993 0.59623092 0.77234048 0.92148839 0.60956224
 0.62278202 0.64173646 0.95582027 0.86296908 0.8333022  0.83829908
 0.77044569 0.99600566 0.85978883 0.76582974 0.93409602 0.81278928
 0.90504252 0.60659009 0.78395409 0.65208133 0.88541642 0.90151772
 0.6289055  0.85547326 0.80825434 0.74009494 0.61558305 0.99166667
 0.95941943 0.79521732 0.85851811 0.90620956 0.84726428 0.91793035
 0.78905114 0.78704012]",0.4934520025429116,0.5771492514778218,1573.0,0.2649976734057751,0.2038032852073284,0.3680903523423208,"[0.52523826 0.46630026 0.5846583  0.65195347 0.69479197 0.13130615
 0.52528192 0.2814668  0.01512027 0.58185924 0.46366145 0.47794118
 0.87818697 0.08880995 0.00208986 0.1883871  0.57694629 0.
 0.01694915 0.         0.43082022 0.15330189 0.04428044 0.04010025
 0.01133144 0.80348078 0.10810811 0.00309119 0.2893401  0.03752345
 0.29607251 0.         0.02495544 0.         0.09162717 0.03271028
 0.         0.02735043 0.00373832 0.         0.         0.37988827
 0.15172414 0.         0.00414938 0.04339964 0.         0.06222222
 0.         0.        ]",0.7908347432845612,0.8461093569276645,"[0.71860506 0.79178769 0.86379324 0.90274103 0.89142945 0.76595403
 0.87809922 0.80848669 0.66769758 0.89203175 0.873579   0.88660487
 0.9889266  0.71029862 0.63662642 0.7638038  0.92462912 0.58535641
 0.69231862 0.60936689 0.91984555 0.79526445 0.77816469 0.74799064
 0.73536248 0.98602497 0.81111084 0.68032439 0.90691684 0.82348441
 0.88369037 0.66569019 0.7911362  0.6631198  0.86083624 0.85282719
 0.67149134 0.80729023 0.76854219 0.71318375 0.65635784 0.9324293
 0.90339785 0.71217554 0.75654076 0.83797427 0.72237    0.83200653
 0.73422145 0.7398308 ]",0.4715844284651624,0.5646392327492584,8066.0,0.2605924308300018,0.0,0.2605924308300018,1.0,[1.4007186452355308e-05],/home/carnelutti/Codes/ICD_Coding/Multi_modal_continiuous/Data/Saved/Events_HADM_50.json,/home/carnelutti/Codes/CAML-DR/Github_code/mimicdata/mimic3,/home/carnelutti/Codes/ICD_Coding/Multi_modal_continiuous/,Multi_modal,multi_modal,/home/carnelutti/caml_splits.csv,/home/carnelutti,/home/carnelutti/Codes/CAML-DR/PLM_ICD_DIR/RoBERTa-base-PM-M3-Voc-distill-align/RoBERTa-base-PM-M3-Voc-distill-align-hf,/home/carnelutti/Codes/ICD_Coding/Multi_modal_continiuous/Data/Saved/,/home/carnelutti/Codes/ICD_Coding/Multi_modal_continiuous/Data/Events_HADM_50.json,/home/carnelutti/Codes/ICD_Coding/Multi_modal_continiuous/Data/Saved/token_dicts.json,1.0,5e-05,20.0,768.0,"{'num_items': 658, 'num_flags': 3, 'do_value': True}","{'num_specimens': 85, 'num_organisms': 212, 'num_antibiotics': 31, 'num_interpretations': 4}","{'num_gsn': 3297, 'do_value': True, 'num_routes': 72}",50.0,1.0,False,True,1.0,16.0,True,1.0,True,True,False,False,True,False,none,True,True,False,16.0,20.0,3.0,False,True
2,2.0,2.0,2.0,2.0,2.0,2.0,2.0,2.0,2.0,2.0,2.0,2.0,2.0,2.0,2.0,2.0,2.0,,,,0.3223804749026852,0.4725443010282214,"[0.72128946 0.48064516 0.52878465 0.9003881  0.72937771 0.16412214
 0.45244216 0.38356164 0.48058252 0.70559611 0.50738916 0.60043197
 0.95981087 0.40569395 0.69264069 0.16091954 0.54935622 0.
 0.         0.83760684 0.3625731  0.27118644 0.18181818 0.
 0.10989011 0.89552239 0.17346939 0.1875     0.39325843 0.03636364
 0.50632911 0.         0.         0.         0.03333333 0.13207547
 0.         0.44776119 0.         0.1686747  0.         0.77987421
 0.43939394 0.         0.29139073 0.15730337 0.01639344 0.10989011
 0.16438356 0.        ]",0.8705970346436493,0.8956038213621615,"[0.81500604 0.80760922 0.93609615 0.98351398 0.94192875 0.86302176
 0.90402726 0.84460182 0.93175791 0.95245302 0.91943203 0.89187406
 0.99645323 0.86657658 0.90661437 0.78990808 0.93445818 0.63682353
 0.67174766 0.98818298 0.97554272 0.85255146 0.88447511 0.82837295
 0.77965599 0.99551078 0.89038199 0.88491391 0.94069783 0.86257011
 0.93865134 0.68446975 0.83408761 0.71430397 0.90961589 0.91823234
 0.68330864 0.92140873 0.8754161  0.77439277 0.64840854 0.99188858
 0.9735387  0.86181798 0.92109569 0.91313929 0.90407777 0.94486431
 0.8474492  0.79292509]",0.561347743165925,0.6671823198177743,1573.0,0.2352881667253966,0.3154370988967387,0.479996539942044,"[0.60368509 0.56952938 0.69432773 0.82899628 0.72706422 0.32733604
 0.61864117 0.48686953 0.40189573 0.66784954 0.58924908 0.50505051
 0.91797235 0.41269841 0.15356152 0.27303754 0.62667443 0.
 0.05852674 0.31974249 0.59549746 0.32698094 0.13184358 0.07337278
 0.03342618 0.86803105 0.30429448 0.07460545 0.44038668 0.20833333
 0.53686827 0.         0.11764706 0.00788955 0.22546419 0.11182796
 0.         0.25561798 0.06495726 0.         0.         0.76953511
 0.28487518 0.01226994 0.07619048 0.15530903 0.01909308 0.23508137
 0.03791469 0.02183406]",0.8386130632545093,0.8827796799340226,"[0.77575344 0.8378014  0.90354928 0.9554398  0.9194833  0.81826784
 0.90483669 0.86918337 0.83187195 0.92647086 0.90103175 0.89310941
 0.99266473 0.8221372  0.73464316 0.79724956 0.93440811 0.61166838
 0.71566812 0.78470617 0.94743099 0.85538926 0.80047733 0.76899964
 0.76280851 0.99198674 0.87946168 0.77686197 0.92844556 0.88574593
 0.92977749 0.69219703 0.85625963 0.71080601 0.89043783 0.88435118
 0.70806813 0.876099   0.81240248 0.73789942 0.69291823 0.98404927
 0.92840327 0.76887462 0.81512162 0.86008685 0.79122572 0.88955503
 0.81392077 0.76064746]",0.5345152491941484,0.6425744012474549,8066.0,0.2341950982809066,0.0,0.2341950982809066,2.0,[2.6012446058155606e-05],/home/carnelutti/Codes/ICD_Coding/Multi_modal_continiuous/Data/Saved/Events_HADM_50.json,/home/carnelutti/Codes/CAML-DR/Github_code/mimicdata/mimic3,/home/carnelutti/Codes/ICD_Coding/Multi_modal_continiuous/,Multi_modal,multi_modal,/home/carnelutti/caml_splits.csv,/home/carnelutti,/home/carnelutti/Codes/CAML-DR/PLM_ICD_DIR/RoBERTa-base-PM-M3-Voc-distill-align/RoBERTa-base-PM-M3-Voc-distill-align-hf,/home/carnelutti/Codes/ICD_Coding/Multi_modal_continiuous/Data/Saved/,/home/carnelutti/Codes/ICD_Coding/Multi_modal_continiuous/Data/Events_HADM_50.json,/home/carnelutti/Codes/ICD_Coding/Multi_modal_continiuous/Data/Saved/token_dicts.json,1.0,5e-05,20.0,768.0,"{'num_items': 658, 'num_flags': 3, 'do_value': True}","{'num_specimens': 85, 'num_organisms': 212, 'num_antibiotics': 31, 'num_interpretations': 4}","{'num_gsn': 3297, 'do_value': True, 'num_routes': 72}",50.0,1.0,False,True,1.0,16.0,True,1.0,True,True,False,False,True,False,none,True,True,False,16.0,20.0,3.0,False,True
3,3.0,3.0,3.0,3.0,3.0,3.0,3.0,3.0,3.0,3.0,3.0,3.0,3.0,3.0,3.0,3.0,,,,,0.4767956632178262,0.6065194056832947,"[0.79972659 0.06818182 0.67024705 0.89453621 0.81109643 0.73161765
 0.62921348 0.59893048 0.76514032 0.69503546 0.69314079 0.54271357
 0.95529412 0.51333333 0.749499   0.06896552 0.61797753 0.00947867
 0.         0.89230769 0.73867596 0.50314465 0.48184818 0.01515152
 0.13       0.89219331 0.61538462 0.5488959  0.51428571 0.61392405
 0.55555556 0.52307692 0.54200542 0.10928962 0.12307692 0.2300885
 0.37272727 0.66331658 0.08       0.12658228 0.01265823 0.84745763
 0.33057851 0.34693878 0.65789474 0.41121495 0.43274854 0.5443787
 0.14285714 0.02739726]",0.8940515433967119,0.9100475973470517,"[0.86988505 0.81437324 0.94762707 0.97940321 0.95370177 0.88583453
 0.91931455 0.87496391 0.94286885 0.95556215 0.93646674 0.8680789
 0.99651662 0.90956792 0.91115091 0.80369639 0.93307746 0.63947175
 0.74015704 0.98545505 0.97665771 0.88239747 0.90552249 0.82639739
 0.77135655 0.99641973 0.91714388 0.90538408 0.9233091  0.91478769
 0.94927536 0.90735635 0.89201687 0.76250628 0.89116749 0.93132899
 0.81372265 0.95367139 0.91036871 0.78850174 0.65375238 0.99422253
 0.97501269 0.8895265  0.96877821 0.92926802 0.94939206 0.95555447
 0.87285155 0.82775372]",0.593134138588684,0.7012755707948805,1573.0,0.2283016070960511,0.4040433512339236,0.5461410417766229,"[0.69171235 0.61038629 0.71719515 0.83298097 0.74718468 0.51242085
 0.6695138  0.47383601 0.57178527 0.69882839 0.6242497  0.53333333
 0.92673993 0.52440551 0.54402102 0.35192204 0.65835694 0.00234192
 0.09633911 0.68267067 0.65698479 0.36925961 0.23350254 0.05469679
 0.08432148 0.87811634 0.3875969  0.37527594 0.47599165 0.28694405
 0.64624809 0.11573237 0.19941349 0.10431655 0.28787879 0.2303263
 0.11355311 0.51233843 0.16485226 0.01207243 0.         0.82341651
 0.39789196 0.11111111 0.30387597 0.17717718 0.13877551 0.3639399
 0.09756098 0.12877264]",0.8705988562409306,0.9057283930319836,"[0.83557454 0.84958202 0.90926272 0.95914428 0.93112229 0.88048746
 0.92195379 0.86868706 0.89024128 0.93533309 0.91566836 0.90738393
 0.99431008 0.86385738 0.85926349 0.81510476 0.94611293 0.62111012
 0.73060731 0.93511096 0.95891062 0.87827492 0.83975138 0.78251239
 0.76672072 0.9934512  0.90219607 0.85188429 0.93984292 0.90064519
 0.94426364 0.78852087 0.88120728 0.75861817 0.9021859  0.90759406
 0.79943795 0.91787529 0.85807545 0.75791021 0.71018244 0.98849529
 0.9428183  0.8228082  0.90075376 0.87424298 0.86927181 0.90067414
 0.85207762 0.76882189]",0.5734688817257625,0.6962989659572791,8066.0,0.2152864784002304,0.0,0.2152864784002304,3.0,[3.8014368600952494e-05],/home/carnelutti/Codes/ICD_Coding/Multi_modal_continiuous/Data/Saved/Events_HADM_50.json,/home/carnelutti/Codes/CAML-DR/Github_code/mimicdata/mimic3,/home/carnelutti/Codes/ICD_Coding/Multi_modal_continiuous/,Multi_modal,multi_modal,/home/carnelutti/caml_splits.csv,/home/carnelutti,/home/carnelutti/Codes/CAML-DR/PLM_ICD_DIR/RoBERTa-base-PM-M3-Voc-distill-align/RoBERTa-base-PM-M3-Voc-distill-align-hf,/home/carnelutti/Codes/ICD_Coding/Multi_modal_continiuous/Data/Saved/,/home/carnelutti/Codes/ICD_Coding/Multi_modal_continiuous/Data/Events_HADM_50.json,/home/carnelutti/Codes/ICD_Coding/Multi_modal_continiuous/Data/Saved/token_dicts.json,1.0,5e-05,20.0,768.0,"{'num_items': 658, 'num_flags': 3, 'do_value': True}","{'num_specimens': 85, 'num_organisms': 212, 'num_antibiotics': 31, 'num_interpretations': 4}","{'num_gsn': 3297, 'do_value': True, 'num_routes': 72}",50.0,1.0,False,True,1.0,16.0,True,1.0,True,True,False,False,True,False,none,True,True,False,16.0,20.0,3.0,False,True
4,4.0,4.0,4.0,4.0,4.0,4.0,4.0,4.0,4.0,4.0,4.0,4.0,4.0,4.0,4.0,,,,,,0.5213862521868639,0.6408946071063548,"[0.82880435 0.5761194  0.79224377 0.87634409 0.83289817 0.73903509
 0.66666667 0.64978903 0.74264706 0.71014493 0.71875    0.63314711
 0.94520548 0.71578947 0.78388278 0.1971831  0.70545455 0.
 0.31578947 0.88642659 0.74418605 0.46896552 0.57234727 0.25136612
 0.19444444 0.92929293 0.23529412 0.59751037 0.45744681 0.562249
 0.54320988 0.6402439  0.35576923 0.15957447 0.16296296 0.48148148
 0.25454545 0.62251656 0.11650485 0.16969697 0.         0.88648649
 0.69651741 0.37662338 0.65806452 0.49315068 0.17518248 0.48120301
 0.03478261 0.43137255]",0.9110260880890496,0.927645948627216,"[0.90454263 0.84264264 0.95493984 0.97626005 0.95796903 0.9084153
 0.93467684 0.90153508 0.94562839 0.9594329  0.94846972 0.9034075
 0.99750986 0.91659618 0.92169353 0.8568015  0.94354003 0.57970513
 0.84954965 0.98509213 0.9769948  0.88618222 0.92858032 0.8458685
 0.78507456 0.99673282 0.91843724 0.93164881 0.94771452 0.93194127
 0.95038927 0.9259476  0.92628719 0.83400482 0.90847987 0.95385494
 0.84893921 0.95031693 0.92701281 0.82299652 0.65178668 0.99667891
 0.97664184 0.92734306 0.97669826 0.95060108 0.97200619 0.96235952
 0.8668738  0.88450292]",0.627844882390337,0.7473059850469738,1573.0,0.199197283419887,0.4658207807961979,0.5849476439790575,"[0.71500081 0.63258625 0.74770174 0.84629484 0.77623542 0.58430098
 0.68064199 0.54200323 0.61010101 0.70435967 0.64601084 0.55323286
 0.92707384 0.5921659  0.62199747 0.37099317 0.67859139 0.00232558
 0.28282828 0.74269423 0.68002672 0.44582593 0.33180568 0.12789416
 0.04569892 0.88169014 0.43844492 0.44605809 0.52122409 0.43612903
 0.63455657 0.23744292 0.28571429 0.20915033 0.36298932 0.29285714
 0.23291925 0.56689342 0.30769231 0.03232323 0.00493827 0.84456929
 0.45373891 0.21227197 0.60727729 0.28080229 0.31272727 0.45354331
 0.1440678  0.20262664]",0.8887704045795372,0.9181054031116684,"[0.85287345 0.86335809 0.92446969 0.96399948 0.94042867 0.90090167
 0.92817113 0.88569211 0.89899802 0.93410793 0.92010199 0.90842202
 0.99400847 0.89278084 0.87232295 0.83873526 0.95082735 0.63650443
 0.78546246 0.94731499 0.96368167 0.87674541 0.87199533 0.79605486
 0.78803863 0.99279942 0.91275287 0.86925784 0.94014147 0.92214098
 0.9492922  0.84871845 0.90810974 0.80056165 0.912836   0.9217458
 0.85168857 0.92135132 0.87052438 0.79801272 0.7243001  0.98937854
 0.94850975 0.87292846 0.95173427 0.89939907 0.89849986 0.92229601
 0.86620767 0.80933622]",0.5975948425489711,0.726035538403165,8066.0,0.2033240795135498,0.0,0.2033240795135498,4.0,[4.679497364175488e-05],/home/carnelutti/Codes/ICD_Coding/Multi_modal_continiuous/Data/Saved/Events_HADM_50.json,/home/carnelutti/Codes/CAML-DR/Github_code/mimicdata/mimic3,/home/carnelutti/Codes/ICD_Coding/Multi_modal_continiuous/,Multi_modal,multi_modal,/home/carnelutti/caml_splits.csv,/home/carnelutti,/home/carnelutti/Codes/CAML-DR/PLM_ICD_DIR/RoBERTa-base-PM-M3-Voc-distill-align/RoBERTa-base-PM-M3-Voc-distill-align-hf,/home/carnelutti/Codes/ICD_Coding/Multi_modal_continiuous/Data/Saved/,/home/carnelutti/Codes/ICD_Coding/Multi_modal_continiuous/Data/Events_HADM_50.json,/home/carnelutti/Codes/ICD_Coding/Multi_modal_continiuous/Data/Saved/token_dicts.json,1.0,5e-05,20.0,768.0,"{'num_items': 658, 'num_flags': 3, 'do_value': True}","{'num_specimens': 85, 'num_organisms': 212, 'num_antibiotics': 31, 'num_interpretations': 4}","{'num_gsn': 3297, 'do_value': True, 'num_routes': 72}",50.0,1.0,False,True,1.0,16.0,True,1.0,True,True,False,False,True,False,none,True,True,False,16.0,20.0,3.0,False,True
5,5.0,5.0,5.0,5.0,5.0,5.0,5.0,5.0,5.0,5.0,5.0,5.0,5.0,5.0,,,,,,,0.5662572315236072,0.6523668639053254,"[0.8147651  0.58603491 0.79825835 0.90613267 0.76103501 0.76515152
 0.5923913  0.60498221 0.76530612 0.71052632 0.43902439 0.59836066
 0.96       0.59305994 0.7582205  0.13333333 0.66666667 0.
 0.5042735  0.88946015 0.7732342  0.56980057 0.56534954 0.09655172
 0.06741573 0.84677419 0.67885117 0.55895197 0.61073826 0.67973856
 0.57575758 0.59587021 0.55905512 0.26341463 0.51937984 0.63348416
 0.375      0.56756757 0.22018349 0.18072289 0.025      0.89285714
 0.65254237 0.51754386 0.81443299 0.46575342 0.75313808 0.58426966
 0.3625     0.46      ]",0.917714472789037,0.932455731612309,"[0.89255903 0.84252882 0.95412837 0.98302481 0.96239071 0.89838558
 0.94388574 0.89647963 0.95387198 0.96560501 0.94625979 0.90625504
 0.99806283 0.9347995  0.92372303 0.83684442 0.95963513 0.64600147
 0.88056184 0.98969849 0.9801116  0.89131266 0.91168726 0.86015375
 0.79386545 0.99741453 0.93634493 0.91650941 0.95530167 0.9416752
 0.94758654 0.91227367 0.93172171 0.83602354 0.92562658 0.9627412
 0.85333591 0.94140019 0.93562401 0.83945867 0.66169168 0.99757423
 0.97458954 0.93090594 0.9830738  0.95485831 0.97863616 0.96465787
 0.90423165 0.95063476]",0.6298792116973935,0.7511044834893491,1573.0,0.1983641751673968,0.508712644297087,0.6155794968907542,"[0.74070513 0.64623817 0.7494898  0.86426161 0.78756192 0.62505654
 0.71493213 0.57559055 0.66718628 0.72587131 0.66562132 0.57238414
 0.9375285  0.65756417 0.62867877 0.43129584 0.70658683 0.00928074
 0.4219097  0.7429399  0.71143617 0.49260226 0.37364621 0.13100437
 0.11025641 0.90469613 0.46666667 0.50305499 0.54932302 0.4987715
 0.66414523 0.30680174 0.37469586 0.28307692 0.42824074 0.39464883
 0.25192012 0.57333333 0.29916898 0.04642166 0.02926829 0.86891386
 0.47512438 0.34643377 0.71676301 0.36052632 0.38644068 0.50980392
 0.21653543 0.29122807]",0.9012336712902212,0.9276826207030452,"[0.87326235 0.8757456  0.92763502 0.96782074 0.94828661 0.9020138
 0.93924675 0.89899935 0.91643186 0.94128275 0.92850475 0.91704405
 0.99517143 0.90485306 0.88129401 0.85936194 0.96050948 0.63382738
 0.84440177 0.95540829 0.969115   0.89966785 0.87759471 0.80643652
 0.78733194 0.99508111 0.92287768 0.87717198 0.9515187  0.93670331
 0.9537999  0.86723063 0.92473939 0.83446367 0.92624037 0.93781849
 0.85702278 0.93092046 0.87521181 0.8249681  0.7421547  0.99083946
 0.95319503 0.89858045 0.95791725 0.91217023 0.91575061 0.92514515
 0.90026096 0.83865431]",0.6152987850235556,0.7493322796732692,8066.0,0.1923754215240478,0.0,0.1923754215240478,5.0,[4.999998709130303e-05],/home/carnelutti/Codes/ICD_Coding/Multi_modal_continiuous/Data/Saved/Events_HADM_50.json,/home/carnelutti/Codes/CAML-DR/Github_code/mimicdata/mimic3,/home/carnelutti/Codes/ICD_Coding/Multi_modal_continiuous/,Multi_modal,multi_modal,/home/carnelutti/caml_splits.csv,/home/carnelutti,/home/carnelutti/Codes/CAML-DR/PLM_ICD_DIR/RoBERTa-base-PM-M3-Voc-distill-align/RoBERTa-base-PM-M3-Voc-distill-align-hf,/home/carnelutti/Codes/ICD_Coding/Multi_modal_continiuous/Data/Saved/,/home/carnelutti/Codes/ICD_Coding/Multi_modal_continiuous/Data/Events_HADM_50.json,/home/carnelutti/Codes/ICD_Coding/Multi_modal_continiuous/Data/Saved/token_dicts.json,1.0,5e-05,20.0,768.0,"{'num_items': 658, 'num_flags': 3, 'do_value': True}","{'num_specimens': 85, 'num_organisms': 212, 'num_antibiotics': 31, 'num_interpretations': 4}","{'num_gsn': 3297, 'do_value': True, 'num_routes': 72}",50.0,1.0,False,True,1.0,16.0,True,1.0,True,True,False,False,True,False,none,True,True,False,16.0,20.0,3.0,False,True
6,6.0,6.0,6.0,6.0,6.0,6.0,6.0,6.0,6.0,6.0,6.0,6.0,6.0,,,,,,,,0.5798410214371722,0.6701151343233773,"[0.81570614 0.57271364 0.77142857 0.89721886 0.81540204 0.73743017
 0.68240343 0.67850799 0.79315708 0.75614367 0.72589792 0.61965812
 0.9627907  0.76666667 0.72279261 0.24390244 0.69314079 0.0361991
 0.53125    0.88888889 0.80714286 0.44528302 0.58045977 0.19161677
 0.12021858 0.9261745  0.66490765 0.28571429 0.56338028 0.69594595
 0.6        0.14213198 0.62190813 0.41245136 0.43678161 0.74146341
 0.21556886 0.65641026 0.5        0.17964072 0.04848485 0.91011236
 0.68619247 0.56074766 0.725      0.51121076 0.72592593 0.60792952
 0.18461538 0.53333333]",0.9194092101695162,0.9339287461104426,"[0.90089971 0.85889034 0.9557585  0.98032577 0.96754535 0.89796951
 0.94144329 0.91619347 0.953077   0.96580943 0.94814192 0.90523422
 0.99766131 0.94602958 0.9078224  0.84565869 0.95393281 0.64081333
 0.85203659 0.98571827 0.98401668 0.88643454 0.92165497 0.84041422
 0.80382986 0.99689441 0.93266008 0.92090197 0.94424507 0.94052463
 0.95624626 0.90322051 0.93790115 0.84994165 0.9201181  0.98152928
 0.85188108 0.95842176 0.9510198  0.82696561 0.68677804 0.99767371
 0.98114844 0.9390706  0.98109202 0.96208811 0.97654852 0.97175737
 0.89986329 0.94465727]",0.6455181182453911,0.7649483244978326,1573.0,0.1988527251084029,0.5480406182785249,0.6410985802034036,"[0.75454692 0.66040069 0.77141409 0.86668392 0.79988975 0.63697706
 0.72049287 0.62300195 0.6767208  0.73511706 0.68639508 0.58751183
 0.94545455 0.68369565 0.67355623 0.49174139 0.71034109 0.0046729
 0.48895028 0.76319544 0.72146119 0.5081826  0.43889845 0.14798694
 0.15686275 0.91397109 0.55014896 0.54740958 0.59413434 0.53380783
 0.69865067 0.34818942 0.44393593 0.37302726 0.47830923 0.52279635
 0.27439024 0.59459459 0.37816245 0.10603291 0.01965602 0.86456401
 0.52682927 0.47203274 0.72171946 0.4895449  0.46275753 0.56804734
 0.25746269 0.40770465]",0.9126406488382672,0.936105905129308,"[0.88679549 0.88307366 0.93603562 0.97018176 0.95302699 0.90941776
 0.94379839 0.91471621 0.92428221 0.94628655 0.93485998 0.92159827
 0.99609013 0.91849793 0.90182792 0.88174023 0.95991809 0.65576894
 0.86713501 0.95543905 0.97043613 0.91088586 0.89720121 0.81946235
 0.8080194  0.99574292 0.93494056 0.89391591 0.95730219 0.94254352
 0.95988029 0.8833721  0.93387448 0.86192948 0.93718175 0.95668823
 0.87275809 0.94041366 0.8877341  0.83603625 0.74964371 0.99091022
 0.95863165 0.91185079 0.97386861 0.93142979 0.93278188 0.94035995
 0.91673384 0.86501333]",0.6313166377386562,0.7708585481277742,8066.0,0.1828846186399459,0.0,0.1828846186399459,6.0,[4.677007407632374e-05],/home/carnelutti/Codes/ICD_Coding/Multi_modal_continiuous/Data/Saved/Events_HADM_50.json,/home/carnelutti/Codes/CAML-DR/Github_code/mimicdata/mimic3,/home/carnelutti/Codes/ICD_Coding/Multi_modal_continiuous/,Multi_modal,multi_modal,/home/carnelutti/caml_splits.csv,/home/carnelutti,/home/carnelutti/Codes/CAML-DR/PLM_ICD_DIR/RoBERTa-base-PM-M3-Voc-distill-align/RoBERTa-base-PM-M3-Voc-distill-align-hf,/home/carnelutti/Codes/ICD_Coding/Multi_modal_continiuous/Data/Saved/,/home/carnelutti/Codes/ICD_Coding/Multi_modal_continiuous/Data/Events_HADM_50.json,/home/carnelutti/Codes/ICD_Coding/Multi_modal_continiuous/Data/Saved/token_dicts.json,1.0,5e-05,20.0,768.0,"{'num_items': 658, 'num_flags': 3, 'do_value': True}","{'num_specimens': 85, 'num_organisms': 212, 'num_antibiotics': 31, 'num_interpretations': 4}","{'num_gsn': 3297, 'do_value': True, 'num_routes': 72}",50.0,1.0,False,True,1.0,16.0,True,1.0,True,True,False,False,True,False,none,True,True,False,16.0,20.0,3.0,False,True
7,7.0,7.0,7.0,7.0,7.0,7.0,7.0,7.0,7.0,7.0,7.0,7.0,,,,,,,,,0.598597521232843,0.6733476497256025,"[0.8180536  0.40248963 0.81791908 0.9057971  0.83333333 0.64556962
 0.69703872 0.67663551 0.74708171 0.73611111 0.76588629 0.57076566
 0.95673077 0.74528302 0.78030303 0.1875     0.69230769 0.
 0.54901961 0.89417989 0.79704797 0.59296482 0.52755906 0.05714286
 0.43971631 0.92193309 0.695      0.64227642 0.55895197 0.68
 0.56470588 0.44268775 0.61971831 0.39830508 0.4519774  0.64473684
 0.33507853 0.69148936 0.56338028 0.36363636 0.0375     0.91208791
 0.65853659 0.46987952 0.81675393 0.67716535 0.69268293 0.62721893
 0.         0.62773723]",0.924165995784638,0.9420420526212592,"[0.90093563 0.86888017 0.95960694 0.98256567 0.96546609 0.90667625
 0.94451836 0.92669201 0.95788194 0.96217112 0.94813645 0.90905183
 0.99854184 0.94248451 0.92023251 0.85814254 0.95181936 0.64689236
 0.89687596 0.99124591 0.98571251 0.88683977 0.93488298 0.84554639
 0.83179546 0.99753068 0.94977468 0.9232635  0.95470009 0.93734852
 0.95049707 0.91984803 0.93077536 0.87025238 0.93323551 0.97389839
 0.84686165 0.96373478 0.94703509 0.85405747 0.64707258 0.99735996
 0.98315843 0.93921727 0.98309496 0.97681026 0.9706412  0.97305786
 0.90510781 0.95637168]",0.6531468531468531,0.7817375891584368,1573.0,0.1823805243774547,0.5769603897414135,0.6640816275803786,"[0.7678315  0.67859734 0.77886301 0.87603734 0.82109842 0.66460451
 0.75160875 0.62382445 0.71730915 0.74768824 0.70759785 0.60910371
 0.95376247 0.69433962 0.69086509 0.53235429 0.72258065 0.00233918
 0.53233492 0.78757939 0.77150193 0.54375531 0.49411765 0.16291533
 0.22118743 0.92549556 0.58695652 0.60697455 0.61423221 0.57109827
 0.69421488 0.44325768 0.51670379 0.3933518  0.50547046 0.60416667
 0.28878648 0.63419913 0.33972603 0.12408759 0.02933985 0.87732342
 0.5638051  0.50592885 0.75141884 0.4969697  0.57313433 0.58874459
 0.28467153 0.47416413]",0.9229552576043822,0.9440855739305468,"[0.89630117 0.89631289 0.94129044 0.97231112 0.95985919 0.92817444
 0.95091763 0.91437288 0.93509133 0.95056779 0.94719078 0.92830485
 0.99695135 0.9277223  0.9143445  0.89391481 0.96695881 0.66451725
 0.88586826 0.95976708 0.97770801 0.92340941 0.91202351 0.83030734
 0.83487798 0.99637974 0.94532674 0.90943834 0.96249996 0.95411477
 0.96457753 0.90434818 0.94511443 0.89029027 0.94559816 0.96494561
 0.87969955 0.94487871 0.89108255 0.85571187 0.76410476 0.99450038
 0.96355343 0.92686839 0.97420431 0.93551449 0.95501151 0.94999598
 0.92451793 0.89642015]",0.6479791718323828,0.7938266572096081,8066.0,0.1721230596303939,0.0,0.1721230596303939,7.0,[3.7971245593370564e-05],/home/carnelutti/Codes/ICD_Coding/Multi_modal_continiuous/Data/Saved/Events_HADM_50.json,/home/carnelutti/Codes/CAML-DR/Github_code/mimicdata/mimic3,/home/carnelutti/Codes/ICD_Coding/Multi_modal_continiuous/,Multi_modal,multi_modal,/home/carnelutti/caml_splits.csv,/home/carnelutti,/home/carnelutti/Codes/CAML-DR/PLM_ICD_DIR/RoBERTa-base-PM-M3-Voc-distill-align/RoBERTa-base-PM-M3-Voc-distill-align-hf,/home/carnelutti/Codes/ICD_Coding/Multi_modal_continiuous/Data/Saved/,/home/carnelutti/Codes/ICD_Coding/Multi_modal_continiuous/Data/Events_HADM_50.json,/home/carnelutti/Codes/ICD_Coding/Multi_modal_continiuous/Data/Saved/token_dicts.json,1.0,5e-05,20.0,768.0,"{'num_items': 658, 'num_flags': 3, 'do_value': True}","{'num_specimens': 85, 'num_organisms': 212, 'num_antibiotics': 31, 'num_interpretations': 4}","{'num_gsn': 3297, 'do_value': True, 'num_routes': 72}",50.0,1.0,False,True,1.0,16.0,True,1.0,True,True,False,False,True,False,none,True,True,False,16.0,20.0,3.0,False,True
8,8.0,8.0,8.0,8.0,8.0,8.0,8.0,8.0,8.0,8.0,8.0,,,,,,,,,,0.6202479769857354,0.6958198627417617,"[0.83311258 0.62316911 0.8128655  0.90379747 0.86015831 0.76377953
 0.70736086 0.71600688 0.79370629 0.7755102  0.73835125 0.6473029
 0.96055684 0.71875    0.77504726 0.15       0.70769231 0.04444444
 0.56       0.89617486 0.82181818 0.59195402 0.52788104 0.24875622
 0.32365145 0.94773519 0.61904762 0.66666667 0.61087866 0.65942029
 0.68041237 0.35087719 0.51376147 0.41295547 0.55072464 0.76097561
 0.41921397 0.64804469 0.33057851 0.3880597  0.04819277 0.90425532
 0.76041667 0.57754011 0.85279188 0.53333333 0.77333333 0.66242038
 0.24242424 0.59649123]",0.9267728032231272,0.94626089837886,"[0.9066376  0.87640705 0.96034878 0.98016701 0.96945278 0.91031349
 0.94912281 0.9311192  0.95729177 0.96725354 0.95205094 0.91377386
 0.99913708 0.94833337 0.91406441 0.83945334 0.96148938 0.64932397
 0.87276572 0.98825477 0.98525095 0.90458605 0.92269133 0.85301918
 0.83127012 0.99752563 0.93982235 0.93330668 0.96127078 0.94274702
 0.96228291 0.93577423 0.94111033 0.87645761 0.94496249 0.98397653
 0.84670596 0.96043729 0.92569397 0.86654042 0.66516427 0.99784971
 0.9834758  0.94095287 0.98192423 0.97229984 0.98164717 0.98106525
 0.91107935 0.96098897]",0.6639542275905913,0.7920353349473758,1573.0,0.1784854296798659,0.6131249562227594,0.6924995392837398,"[0.79128914 0.69840503 0.79749687 0.88717156 0.84196185 0.69407604
 0.7817715  0.6459144  0.7291823  0.77468022 0.73748103 0.63900415
 0.9578995  0.73618352 0.72630959 0.55125285 0.76816976 0.00698487
 0.56742323 0.84057971 0.77742142 0.58048374 0.53156146 0.18644068
 0.31291028 0.93178718 0.63047619 0.62429907 0.69133574 0.62414579
 0.70193741 0.49167734 0.52888889 0.47058824 0.55696203 0.66089466
 0.3438914  0.66168623 0.44823067 0.18629174 0.0195599  0.89275894
 0.57411765 0.54618474 0.77977528 0.5690673  0.61230329 0.67510549
 0.33453237 0.53769559]",0.9345040503275488,0.9527021089681896,"[0.91370078 0.90884837 0.94845851 0.98009473 0.96687564 0.93618364
 0.96212551 0.92771065 0.9441536  0.95742246 0.95237332 0.93934542
 0.99771518 0.93940037 0.9312218  0.90569229 0.97186096 0.6980934
 0.89990071 0.97358658 0.98154956 0.93287338 0.92427038 0.84615154
 0.85527743 0.99657264 0.95481078 0.92667494 0.97089778 0.95988168
 0.96840616 0.91657535 0.95001574 0.90875325 0.95503904 0.97486826
 0.89823872 0.95442371 0.91609382 0.88124744 0.78973446 0.99567586
 0.97133078 0.93171265 0.98249423 0.95425544 0.96418899 0.95959549
 0.9344866  0.91434253]",0.6648648648648648,0.8174180585332158,8066.0,0.1593769788742065,0.0,0.1593769788742065,8.0,[2.5962661838921717e-05],/home/carnelutti/Codes/ICD_Coding/Multi_modal_continiuous/Data/Saved/Events_HADM_50.json,/home/carnelutti/Codes/CAML-DR/Github_code/mimicdata/mimic3,/home/carnelutti/Codes/ICD_Coding/Multi_modal_continiuous/,Multi_modal,multi_modal,/home/carnelutti/caml_splits.csv,/home/carnelutti,/home/carnelutti/Codes/CAML-DR/PLM_ICD_DIR/RoBERTa-base-PM-M3-Voc-distill-align/RoBERTa-base-PM-M3-Voc-distill-align-hf,/home/carnelutti/Codes/ICD_Coding/Multi_modal_continiuous/Data/Saved/,/home/carnelutti/Codes/ICD_Coding/Multi_modal_continiuous/Data/Events_HADM_50.json,/home/carnelutti/Codes/ICD_Coding/Multi_modal_continiuous/Data/Saved/token_dicts.json,1.0,5e-05,20.0,768.0,"{'num_items': 658, 'num_flags': 3, 'do_value': True}","{'num_specimens': 85, 'num_organisms': 212, 'num_antibiotics': 31, 'num_interpretations': 4}","{'num_gsn': 3297, 'do_value': True, 'num_routes': 72}",50.0,1.0,False,True,1.0,16.0,True,1.0,True,True,False,False,True,False,none,True,True,False,16.0,20.0,3.0,False,True
9,9.0,9.0,9.0,9.0,9.0,9.0,9.0,9.0,9.0,9.0,,,,,,,,,,,0.6428706202895601,0.7064439140811456,"[0.84203481 0.50091408 0.82719547 0.92193309 0.84938942 0.74551214
 0.72156863 0.71636953 0.7826087  0.77973568 0.75517241 0.65250965
 0.96055684 0.77590361 0.76628352 0.27777778 0.71323529 0.01886792
 0.51754386 0.8847185  0.82562278 0.59710145 0.57044674 0.02898551
 0.35833333 0.95172414 0.67096774 0.63755459 0.62222222 0.67820069
 0.70833333 0.62416107 0.63320463 0.47286822 0.57142857 0.7816092
 0.41545894 0.68020305 0.60377358 0.42926829 0.05952381 0.91208791
 0.75376884 0.57142857 0.85714286 0.71621622 0.76106195 0.68181818
 0.34013605 0.61904762]",0.9294279596857732,0.9490883253102796,"[0.91192482 0.8667926  0.96061767 0.98300979 0.96950498 0.91321254
 0.94953695 0.93200143 0.95613837 0.9669667  0.95493832 0.91609606
 0.99894689 0.95203317 0.91212018 0.84456148 0.95966005 0.65265695
 0.88158642 0.98741724 0.98843517 0.90324036 0.9290429  0.85416801
 0.84714879 0.99785891 0.93998503 0.9350605  0.95982388 0.94645685
 0.96294167 0.94388961 0.94592645 0.88481359 0.94423473 0.98014698
 0.87187292 0.967367   0.95022286 0.86551028 0.65771078 0.99781145
 0.98438558 0.94400851 0.98439263 0.9786857  0.98089011 0.97818619
 0.91973529 0.95772263]",0.6682771773680865,0.8008674325340702,1573.0,0.1745187914303774,0.6532439023759657,0.7232911945259991,"[0.81314494 0.72984645 0.81665015 0.89827453 0.85551948 0.72404844
 0.80243746 0.69180952 0.76969018 0.78133159 0.77506572 0.67399267
 0.9609446  0.74567383 0.75323149 0.6202307  0.78724516 0.00934579
 0.61437908 0.84144645 0.81277395 0.62650602 0.57763475 0.21052632
 0.35983264 0.93924915 0.66792098 0.63246269 0.71894273 0.6704162
 0.75419402 0.56963614 0.60085837 0.58007566 0.61122661 0.6685633
 0.41319943 0.69358178 0.45287958 0.28571429 0.03855422 0.91827365
 0.67207416 0.60529634 0.82430939 0.64367816 0.65028902 0.73414305
 0.45918367 0.6058906 ]",0.9451004773312036,0.9605755788209978,"[0.92963285 0.91981229 0.95672698 0.9824455  0.97119834 0.94444022
 0.97079515 0.94066753 0.9556168  0.96271979 0.96207057 0.94956359
 0.99828161 0.94565257 0.93453705 0.92803201 0.97850521 0.72547959
 0.91352841 0.9731437  0.98560798 0.94606143 0.94280271 0.85901276
 0.88253152 0.99777965 0.96161612 0.92982129 0.97681611 0.96960401
 0.97579835 0.92702938 0.96426487 0.9299021  0.96335361 0.9823246
 0.91066597 0.96386627 0.92201934 0.90664576 0.8233846  0.99644085
 0.97368532 0.95068886 0.98518095 0.96284226 0.96546368 0.97431126
 0.94706121 0.9355913 ]",0.6856682370443838,0.843596160184753,8066.0,0.146185964345932,0.0,0.146185964345932,9.0,[1.3964089269893315e-05],/home/carnelutti/Codes/ICD_Coding/Multi_modal_continiuous/Data/Saved/Events_HADM_50.json,/home/carnelutti/Codes/CAML-DR/Github_code/mimicdata/mimic3,/home/carnelutti/Codes/ICD_Coding/Multi_modal_continiuous/,Multi_modal,multi_modal,/home/carnelutti/caml_splits.csv,/home/carnelutti,/home/carnelutti/Codes/CAML-DR/PLM_ICD_DIR/RoBERTa-base-PM-M3-Voc-distill-align/RoBERTa-base-PM-M3-Voc-distill-align-hf,/home/carnelutti/Codes/ICD_Coding/Multi_modal_continiuous/Data/Saved/,/home/carnelutti/Codes/ICD_Coding/Multi_modal_continiuous/Data/Events_HADM_50.json,/home/carnelutti/Codes/ICD_Coding/Multi_modal_continiuous/Data/Saved/token_dicts.json,1.0,5e-05,20.0,768.0,"{'num_items': 658, 'num_flags': 3, 'do_value': True}","{'num_specimens': 85, 'num_organisms': 212, 'num_antibiotics': 31, 'num_interpretations': 4}","{'num_gsn': 3297, 'do_value': True, 'num_routes': 72}",50.0,1.0,False,True,1.0,16.0,True,1.0,True,True,False,False,True,False,none,True,True,False,16.0,20.0,3.0,False,True
10,10.0,10.0,10.0,10.0,10.0,10.0,10.0,10.0,10.0,,,,,,,,,,,,0.6516201178002912,0.7144531904203651,"[0.8462585  0.59475219 0.82183908 0.91180124 0.86465177 0.77299413
 0.74660633 0.71043771 0.80532446 0.78431373 0.75499093 0.66666667
 0.95833333 0.75689223 0.77859779 0.30612245 0.69852941 0.01886792
 0.54545455 0.89784946 0.83032491 0.62222222 0.59868421 0.11320755
 0.37944664 0.94736842 0.71060172 0.64       0.61886792 0.69230769
 0.68131868 0.60338983 0.66666667 0.46825397 0.54545455 0.77011494
 0.43601896 0.69148936 0.48888889 0.46082949 0.08       0.92134831
 0.76237624 0.62264151 0.86432161 0.68456376 0.79012346 0.66666667
 0.35135135 0.63087248]",0.9298175625771424,0.9499789666097528,"[0.91229712 0.87136249 0.96079773 0.98163667 0.97123624 0.91529863
 0.94656949 0.9330708  0.95680939 0.9692153  0.95386477 0.91286348
 0.99921809 0.94842621 0.91236179 0.84965743 0.96091118 0.64553681
 0.8881484  0.98872537 0.98814475 0.90276249 0.9276774  0.8526917
 0.8443696  0.99762157 0.9427507  0.93568954 0.95943493 0.9465181
 0.95753983 0.94116445 0.94744437 0.87965605 0.94473174 0.98106381
 0.87060061 0.96815042 0.94639331 0.87066101 0.66957249 0.99778849
 0.98473116 0.94986922 0.98676935 0.9750286  0.98179055 0.97971569
 0.91774685 0.96479199]",0.6733630006357277,0.8032975343240821,1573.0,0.1752500315971433,0.68503875276916,0.749885798091025,"[0.83456868 0.75473508 0.83733597 0.91513292 0.87061995 0.75689655
 0.83306836 0.71406844 0.78747204 0.79909561 0.79028037 0.71390135
 0.96794582 0.77147319 0.78332355 0.65391304 0.80228928 0.00931315
 0.64611432 0.85360825 0.83656857 0.68408551 0.63414634 0.24008138
 0.38600212 0.94924554 0.73877177 0.70255474 0.74139453 0.72508215
 0.75852273 0.62787879 0.66666667 0.64215686 0.65593561 0.7257384
 0.43874644 0.73006135 0.47765006 0.38957055 0.05673759 0.92518248
 0.67828107 0.64508095 0.85995624 0.69050279 0.70422535 0.72802198
 0.49415693 0.62377622]",0.9538469353715496,0.967149745250245,"[0.94370131 0.92868453 0.96450031 0.98657645 0.97812919 0.9573346
 0.97637993 0.94516368 0.96194926 0.96810098 0.96993234 0.95607561
 0.99898954 0.95491537 0.94434765 0.93460711 0.97987827 0.7460103
 0.92673951 0.98073071 0.98834578 0.9552792  0.95071783 0.87903072
 0.89983353 0.9985876  0.97050886 0.94352995 0.98196988 0.97886282
 0.97775465 0.94807431 0.97323024 0.94378797 0.97010513 0.98334057
 0.92590911 0.9730015  0.93384509 0.92374523 0.83825457 0.99772247
 0.97932561 0.96178431 0.98768165 0.97104018 0.97971576 0.97279448
 0.95965859 0.94216252]",0.7022315893875526,0.8662488199838326,8066.0,0.1342191696166992,0.0,0.1342191696166992,10.0,[5.192610123340946e-06],/home/carnelutti/Codes/ICD_Coding/Multi_modal_continiuous/Data/Saved/Events_HADM_50.json,/home/carnelutti/Codes/CAML-DR/Github_code/mimicdata/mimic3,/home/carnelutti/Codes/ICD_Coding/Multi_modal_continiuous/,Multi_modal,multi_modal,/home/carnelutti/caml_splits.csv,/home/carnelutti,/home/carnelutti/Codes/CAML-DR/PLM_ICD_DIR/RoBERTa-base-PM-M3-Voc-distill-align/RoBERTa-base-PM-M3-Voc-distill-align-hf,/home/carnelutti/Codes/ICD_Coding/Multi_modal_continiuous/Data/Saved/,/home/carnelutti/Codes/ICD_Coding/Multi_modal_continiuous/Data/Events_HADM_50.json,/home/carnelutti/Codes/ICD_Coding/Multi_modal_continiuous/Data/Saved/token_dicts.json,1.0,5e-05,20.0,768.0,"{'num_items': 658, 'num_flags': 3, 'do_value': True}","{'num_specimens': 85, 'num_organisms': 212, 'num_antibiotics': 31, 'num_interpretations': 4}","{'num_gsn': 3297, 'do_value': True, 'num_routes': 72}",50.0,1.0,False,True,1.0,16.0,True,1.0,True,True,False,False,True,False,none,True,True,False,16.0,20.0,3.0,False,True
11,11.0,11.0,11.0,11.0,11.0,11.0,11.0,11.0,,,,,,,,,,,,,0.6540387477412909,0.7146069942651524,"[0.84759358 0.56967841 0.82589928 0.91154791 0.86521181 0.76565657
 0.74186551 0.69415808 0.80801336 0.78587196 0.74814815 0.65853659
 0.96503497 0.77108434 0.77902622 0.2826087  0.70289855 0.03669725
 0.54166667 0.89893617 0.83823529 0.59504132 0.59672131 0.20111732
 0.35983264 0.94366197 0.68263473 0.65853659 0.63846154 0.68456376
 0.67391304 0.64556962 0.67169811 0.50557621 0.5520362  0.76300578
 0.47004608 0.69892473 0.52173913 0.4097561  0.06896552 0.9
 0.77777778 0.61611374 0.84375    0.70921986 0.7755102  0.64052288
 0.41059603 0.64827586]",0.9301594732862808,0.95035801857507,"[0.91202606 0.87022426 0.96054085 0.98169675 0.97131889 0.91441281
 0.94711733 0.93217253 0.95692257 0.96815364 0.95444115 0.91343657
 0.99919696 0.94895573 0.91146357 0.8506693  0.9610956  0.64936939
 0.88534011 0.9887852  0.98847147 0.90396672 0.9296923  0.85428074
 0.84314523 0.99774782 0.9422301  0.93565755 0.95987056 0.94549002
 0.95722841 0.94331653 0.94698524 0.88502653 0.94440631 0.98070413
 0.87393438 0.96700377 0.94704215 0.8698177  0.66995484 0.99762014
 0.98474526 0.95256429 0.98535178 0.9760132  0.98215187 0.97937217
 0.92179208 0.96505108]",0.6736172917991101,0.8053931683721898,1573.0,0.1742796215313752,0.7038674810785678,0.7654433335328983,"[0.85502912 0.76490224 0.84093162 0.91358025 0.88600756 0.78341794
 0.83889602 0.7280303  0.81456708 0.81550288 0.80655982 0.72889683
 0.97111913 0.7755102  0.7941691  0.68812527 0.81069743 0.01166861
 0.66581957 0.8662069  0.84491315 0.70643642 0.65530596 0.2556701
 0.44650206 0.95575221 0.74977252 0.72809395 0.74978051 0.76923077
 0.76555716 0.65789474 0.71033777 0.65525672 0.66868077 0.74104683
 0.44862518 0.73265306 0.48675914 0.40364188 0.07194245 0.91911765
 0.68707483 0.66748466 0.85651214 0.71631982 0.76071923 0.78201635
 0.56129032 0.67934783]",0.9589904678062088,0.9707817277409748,"[0.95205973 0.93320517 0.96809794 0.98684861 0.98073818 0.9628325
 0.97862591 0.95316244 0.96807527 0.9718107  0.97269613 0.96054735
 0.9991897  0.95811954 0.95613016 0.9439631  0.9840628  0.76504915
 0.94068022 0.98139916 0.98962687 0.96101534 0.95783978 0.89057699
 0.91204765 0.99882726 0.97641117 0.95023022 0.98291173 0.98158897
 0.97734129 0.9542578  0.97515939 0.9522516  0.97136667 0.9856269
 0.93192718 0.97137812 0.93927663 0.93371491 0.85074622 0.99782472
 0.98150151 0.96324676 0.98907592 0.97778522 0.98252299 0.97977019
 0.96751264 0.94886697]",0.7111083560624846,0.8785081108864623,8066.0,0.1268794387578964,0.0,0.1268794387578964,11.0,[1.999998791327834e-06],/home/carnelutti/Codes/ICD_Coding/Multi_modal_continiuous/Data/Saved/Events_HADM_50.json,/home/carnelutti/Codes/CAML-DR/Github_code/mimicdata/mimic3,/home/carnelutti/Codes/ICD_Coding/Multi_modal_continiuous/,Multi_modal,multi_modal,/home/carnelutti/caml_splits.csv,/home/carnelutti,/home/carnelutti/Codes/CAML-DR/PLM_ICD_DIR/RoBERTa-base-PM-M3-Voc-distill-align/RoBERTa-base-PM-M3-Voc-distill-align-hf,/home/carnelutti/Codes/ICD_Coding/Multi_modal_continiuous/Data/Saved/,/home/carnelutti/Codes/ICD_Coding/Multi_modal_continiuous/Data/Events_HADM_50.json,/home/carnelutti/Codes/ICD_Coding/Multi_modal_continiuous/Data/Saved/token_dicts.json,1.0,5e-05,20.0,768.0,"{'num_items': 658, 'num_flags': 3, 'do_value': True}","{'num_specimens': 85, 'num_organisms': 212, 'num_antibiotics': 31, 'num_interpretations': 4}","{'num_gsn': 3297, 'do_value': True, 'num_routes': 72}",50.0,1.0,False,True,1.0,16.0,True,1.0,True,True,False,False,True,False,none,True,True,False,16.0,20.0,3.0,False,True
12,12.0,12.0,12.0,12.0,12.0,12.0,12.0,,,,,,,,,,,,,,0.653185686488364,0.7126410835214447,"[0.84605087 0.57055215 0.82576867 0.91133005 0.86096257 0.75983437
 0.74285714 0.70860927 0.8034188  0.78524946 0.74621212 0.65330661
 0.96503497 0.76283619 0.77126654 0.29166667 0.71578947 0.02790698
 0.56097561 0.896      0.82783883 0.61621622 0.60130719 0.18390805
 0.35102041 0.94736842 0.69411765 0.65587045 0.6328125  0.67785235
 0.68817204 0.61639344 0.63779528 0.51470588 0.5520362  0.77011494
 0.47488584 0.69072165 0.54929577 0.40201005 0.05952381 0.91620112
 0.75675676 0.58291457 0.86868687 0.70512821 0.76315789 0.65384615
 0.41916168 0.64383562]",0.9301555139335492,0.9501280125697076,"[0.91134842 0.86911508 0.96045922 0.98195206 0.97004219 0.91317036
 0.94792604 0.93234898 0.95696569 0.96796901 0.95519783 0.91458872
 0.9992357  0.94859813 0.91080413 0.85062053 0.96150932 0.65532264
 0.88531217 0.98867751 0.98821217 0.9030148  0.92924751 0.85458674
 0.84377648 0.99777811 0.94245786 0.93658511 0.96014542 0.94614187
 0.95770751 0.94085987 0.94652612 0.88393199 0.94422881 0.98037971
 0.87611394 0.96852076 0.94563163 0.86827248 0.66970294 0.9976431
 0.98473116 0.95201428 0.98510494 0.97596632 0.98098761 0.97929038
 0.92214006 0.96491228]",0.6724729815638908,0.8044673657030902,1573.0,0.1749366629743147,0.7113171804336841,0.7698832749907408,"[0.85308506 0.77018044 0.84529978 0.91166624 0.88584475 0.77624785
 0.84396027 0.74054463 0.81317055 0.81660232 0.80401636 0.73131673
 0.97382671 0.78819265 0.79439252 0.68846816 0.81594127 0.01398601
 0.6653944  0.86842105 0.84987593 0.7023622  0.64801865 0.29681275
 0.43995964 0.95753425 0.7644363  0.73122172 0.75504829 0.78343949
 0.79633545 0.68639053 0.72635815 0.67156863 0.67128713 0.71888112
 0.49513213 0.74923858 0.49417853 0.4246988  0.07655502 0.93014706
 0.71812081 0.71498771 0.87826087 0.69977925 0.74828061 0.78968792
 0.57003257 0.67667121]",0.9602661706892238,0.9717225641190336,"[0.95345207 0.93705961 0.96935978 0.98739897 0.98114404 0.96053839
 0.97972014 0.95466449 0.96656397 0.97150333 0.97366798 0.96107396
 0.99912987 0.96124349 0.9540479  0.94745565 0.98248828 0.77134152
 0.9406651  0.9789038  0.99044123 0.96159539 0.95629482 0.89195296
 0.91263305 0.99876006 0.97798204 0.94928192 0.98286139 0.98323582
 0.9814906  0.95718897 0.97898077 0.9561414  0.97283471 0.98593134
 0.93667513 0.97663272 0.93958834 0.93287362 0.85709863 0.998084
 0.98428089 0.96711311 0.99290237 0.97738843 0.97900348 0.97718229
 0.97156623 0.95389046]",0.7132655591371189,0.8799752784836672,8066.0,0.1249418333172798,0.0,0.1249418333172798,12.0,[1.9233283889794216e-06],/home/carnelutti/Codes/ICD_Coding/Multi_modal_continiuous/Data/Saved/Events_HADM_50.json,/home/carnelutti/Codes/CAML-DR/Github_code/mimicdata/mimic3,/home/carnelutti/Codes/ICD_Coding/Multi_modal_continiuous/,Multi_modal,multi_modal,/home/carnelutti/caml_splits.csv,/home/carnelutti,/home/carnelutti/Codes/CAML-DR/PLM_ICD_DIR/RoBERTa-base-PM-M3-Voc-distill-align/RoBERTa-base-PM-M3-Voc-distill-align-hf,/home/carnelutti/Codes/ICD_Coding/Multi_modal_continiuous/Data/Saved/,/home/carnelutti/Codes/ICD_Coding/Multi_modal_continiuous/Data/Events_HADM_50.json,/home/carnelutti/Codes/ICD_Coding/Multi_modal_continiuous/Data/Saved/token_dicts.json,1.0,5e-05,20.0,768.0,"{'num_items': 658, 'num_flags': 3, 'do_value': True}","{'num_specimens': 85, 'num_organisms': 212, 'num_antibiotics': 31, 'num_interpretations': 4}","{'num_gsn': 3297, 'do_value': True, 'num_routes': 72}",50.0,1.0,False,True,1.0,16.0,True,1.0,True,True,False,False,True,False,none,True,True,False,16.0,20.0,3.0,False,True
13,13.0,13.0,13.0,13.0,13.0,13.0,,,,,,,,,,,,,,,0.6536241270402202,0.7131521188586863,"[0.84533333 0.56200942 0.82051282 0.90621194 0.86842105 0.76422764
 0.74208145 0.70333333 0.8047138  0.78431373 0.74088292 0.65725806
 0.96503497 0.75980392 0.77039848 0.30612245 0.70588235 0.03636364
 0.54918033 0.8994709  0.82181818 0.59052925 0.60063898 0.16969697
 0.36666667 0.95104895 0.71060172 0.65863454 0.62773723 0.67567568
 0.68817204 0.63665595 0.64885496 0.5037037  0.55111111 0.79096045
 0.4744186  0.68367347 0.54166667 0.41176471 0.07017544 0.91111111
 0.76683938 0.59       0.86432161 0.70748299 0.76521739 0.64968153
 0.41290323 0.64788732]",0.9297459111517096,0.9498731224776938,"[0.91079161 0.86893829 0.95950131 0.98184371 0.96997477 0.91258364
 0.9481217  0.93255483 0.95668542 0.96801517 0.95480447 0.91394996
 0.99922866 0.9469511  0.91138967 0.84902348 0.96165387 0.65072844
 0.88028241 0.98927973 0.98828477 0.9030148  0.92909628 0.85364191
 0.84373835 0.99775792 0.94319402 0.93512447 0.9599276  0.94451444
 0.95750389 0.9422465  0.94514875 0.88196012 0.94467257 0.98107086
 0.87566299 0.96808632 0.94557521 0.86971671 0.66953201 0.99756657
 0.98478758 0.95192261 0.98411758 0.97580691 0.98094747 0.97916769
 0.92254396 0.96466245]",0.6728544183089639,0.8040590876598326,1573.0,0.1757357644227347,0.7112693780494301,0.7702683346065697,"[0.84854216 0.78186158 0.8415057  0.91658137 0.88715325 0.78159931
 0.84288    0.73782772 0.82116244 0.81716298 0.8045977  0.72743601
 0.9651426  0.78152569 0.79107981 0.6979346  0.82505176 0.01398601
 0.66962587 0.86583679 0.84806974 0.69164715 0.67283951 0.2999007
 0.44689379 0.95646259 0.76234004 0.7076077  0.7690957  0.77637131
 0.758967   0.69176471 0.72375127 0.66905615 0.6765873  0.71988796
 0.52282158 0.77045908 0.4967825  0.39449541 0.07655502 0.93260474
 0.71476888 0.69987849 0.89081081 0.72626932 0.7566064  0.78179384
 0.53246753 0.67741935]",0.9604115251549604,0.9720012272619174,"[0.95400455 0.93987152 0.97009311 0.98691506 0.98250123 0.96218471
 0.9803073  0.95747018 0.96953825 0.97112839 0.97258352 0.96291043
 0.99921928 0.96111213 0.95233783 0.94906123 0.98259821 0.76941647
 0.93815271 0.98212302 0.99051134 0.9620028  0.95411659 0.8949511
 0.91313733 0.99862489 0.97616045 0.94567085 0.98504473 0.98183983
 0.98036286 0.95615442 0.97837569 0.95977092 0.97449913 0.98583703
 0.93331842 0.97578879 0.93999319 0.93457703 0.85401382 0.99828125
 0.98266469 0.96962833 0.99312911 0.97576811 0.98060305 0.97777029
 0.96555646 0.95889458]",0.7156459211505083,0.8821067521224718,8066.0,0.124324694275856,0.0,0.124324694275856,13.0,[1.706173492719505e-06],/home/carnelutti/Codes/ICD_Coding/Multi_modal_continiuous/Data/Saved/Events_HADM_50.json,/home/carnelutti/Codes/CAML-DR/Github_code/mimicdata/mimic3,/home/carnelutti/Codes/ICD_Coding/Multi_modal_continiuous/,Multi_modal,multi_modal,/home/carnelutti/caml_splits.csv,/home/carnelutti,/home/carnelutti/Codes/CAML-DR/PLM_ICD_DIR/RoBERTa-base-PM-M3-Voc-distill-align/RoBERTa-base-PM-M3-Voc-distill-align-hf,/home/carnelutti/Codes/ICD_Coding/Multi_modal_continiuous/Data/Saved/,/home/carnelutti/Codes/ICD_Coding/Multi_modal_continiuous/Data/Events_HADM_50.json,/home/carnelutti/Codes/ICD_Coding/Multi_modal_continiuous/Data/Saved/token_dicts.json,1.0,5e-05,20.0,768.0,"{'num_items': 658, 'num_flags': 3, 'do_value': True}","{'num_specimens': 85, 'num_organisms': 212, 'num_antibiotics': 31, 'num_interpretations': 4}","{'num_gsn': 3297, 'do_value': True, 'num_routes': 72}",50.0,1.0,False,True,1.0,16.0,True,1.0,True,True,False,False,True,False,none,True,True,False,16.0,20.0,3.0,False,True
14,14.0,14.0,14.0,14.0,14.0,,,,,,,,,,,,,,,,0.6559598367757695,0.7148237674967678,"[0.84450402 0.56923077 0.82267442 0.91042945 0.86018642 0.76307692
 0.75       0.70703764 0.8        0.78617711 0.74487896 0.66
 0.9627907  0.76097561 0.77882798 0.3        0.71014493 0.02777778
 0.54320988 0.90185676 0.83687943 0.60162602 0.59602649 0.16969697
 0.35042735 0.94736842 0.69069069 0.65843621 0.624      0.67785235
 0.68       0.6625387  0.651341   0.51957295 0.5437788  0.78212291
 0.4549763  0.68367347 0.53521127 0.40594059 0.08139535 0.91712707
 0.76616915 0.62801932 0.86294416 0.69863014 0.77586207 0.69090909
 0.43902439 0.66197183]",0.93005920644598,0.9501981931276612,"[0.90959472 0.86933304 0.95963575 0.98195206 0.9699552  0.91272169
 0.94875432 0.93257087 0.95656415 0.96777118 0.95521422 0.91403055
 0.99926388 0.94842621 0.91158864 0.8531807  0.96180839 0.65273032
 0.88119056 0.98917205 0.98843517 0.90367236 0.92771299 0.8516395
 0.84332317 0.99776297 0.9424416  0.93476731 0.96016097 0.94582688
 0.95807881 0.94387759 0.94620754 0.88425141 0.94459565 0.98156455
 0.87636625 0.96834983 0.94600542 0.86925213 0.67061607 0.99763545
 0.98482989 0.95252762 0.98381432 0.97624763 0.98125143 0.97945396
 0.92298515 0.96384818]",0.6728544183089639,0.8051890072801852,1573.0,0.1753267626359267,0.7156648772446151,0.772528193806313,"[0.85301961 0.76353139 0.85553103 0.90927888 0.88363343 0.78464819
 0.83381364 0.73979783 0.81451314 0.81753707 0.81208054 0.73041169
 0.97565374 0.79460581 0.8030303  0.68784886 0.82542991 0.02314815
 0.67258883 0.87362637 0.85553471 0.72062257 0.67073171 0.32283465
 0.436853   0.95699659 0.76672694 0.73315364 0.77632724 0.75402793
 0.7781766  0.67391304 0.69957983 0.71702638 0.68712871 0.740638
 0.50138504 0.76612903 0.5        0.43657817 0.08114558 0.93382353
 0.69415808 0.7097561  0.8673913  0.74617068 0.73136428 0.78308322
 0.58785942 0.70039947]",0.9610594839378814,0.9722590176102436,"[0.95416154 0.93825378 0.97249087 0.98755286 0.98084729 0.96366645
 0.9788003  0.95532458 0.96861253 0.97122423 0.97292813 0.96348202
 0.99919834 0.96583807 0.95480321 0.94771905 0.98384512 0.77687328
 0.94315722 0.98359412 0.99020546 0.96254757 0.96010592 0.89847696
 0.91036025 0.99883748 0.98027179 0.95206642 0.98505983 0.98195184
 0.98086871 0.94953434 0.97454159 0.95839447 0.97264468 0.98595669
 0.93891182 0.9753162  0.93670658 0.93587356 0.86079584 0.99700739
 0.9819176  0.9663131  0.98993499 0.97962318 0.97757006 0.97909243
 0.97078146 0.95893302]",0.7168361021572031,0.8833875445218156,8066.0,0.1235735192894935,0.0,0.1235735192894935,14.0,[1.3815778174789077e-06],/home/carnelutti/Codes/ICD_Coding/Multi_modal_continiuous/Data/Saved/Events_HADM_50.json,/home/carnelutti/Codes/CAML-DR/Github_code/mimicdata/mimic3,/home/carnelutti/Codes/ICD_Coding/Multi_modal_continiuous/,Multi_modal,multi_modal,/home/carnelutti/caml_splits.csv,/home/carnelutti,/home/carnelutti/Codes/CAML-DR/PLM_ICD_DIR/RoBERTa-base-PM-M3-Voc-distill-align/RoBERTa-base-PM-M3-Voc-distill-align-hf,/home/carnelutti/Codes/ICD_Coding/Multi_modal_continiuous/Data/Saved/,/home/carnelutti/Codes/ICD_Coding/Multi_modal_continiuous/Data/Events_HADM_50.json,/home/carnelutti/Codes/ICD_Coding/Multi_modal_continiuous/Data/Saved/token_dicts.json,1.0,5e-05,20.0,768.0,"{'num_items': 658, 'num_flags': 3, 'do_value': True}","{'num_specimens': 85, 'num_organisms': 212, 'num_antibiotics': 31, 'num_interpretations': 4}","{'num_gsn': 3297, 'do_value': True, 'num_routes': 72}",50.0,1.0,False,True,1.0,16.0,True,1.0,True,True,False,False,True,False,none,True,True,False,16.0,20.0,3.0,False,True
15,15.0,15.0,15.0,15.0,,,,,,,,,,,,,,,,,0.6561243523237158,0.7141410732365846,"[0.84330868 0.55974843 0.82014388 0.90842491 0.86956522 0.75903614
 0.74285714 0.69520548 0.80602007 0.78867102 0.74349442 0.65873016
 0.9627907  0.76399027 0.7752809  0.30107527 0.71428571 0.03587444
 0.55870445 0.8994709  0.83032491 0.59504132 0.59800664 0.18390805
 0.36363636 0.95104895 0.69616519 0.65863454 0.62256809 0.66440678
 0.71578947 0.65420561 0.6536965  0.50735294 0.55707763 0.74853801
 0.45714286 0.69148936 0.51798561 0.43062201 0.07017544 0.92222222
 0.78172589 0.63106796 0.86868687 0.69798658 0.78111588 0.66666667
 0.41558442 0.66666667]",0.929978855518531,0.950151006706245,"[0.90975311 0.86849026 0.95970298 0.98162595 0.96993345 0.9134177
 0.94837931 0.93215917 0.95692257 0.96822288 0.95483452 0.91555282
 0.99923922 0.94710927 0.91194395 0.8487187  0.96216728 0.65343605
 0.87989121 0.98909229 0.98834701 0.90361501 0.92844244 0.85347012
 0.8439756  0.99779326 0.94227484 0.93484727 0.96016616 0.9454769
 0.95816265 0.9430921  0.94590302 0.88251378 0.94306913 0.98143055
 0.87703193 0.96841393 0.945815   0.87117103 0.67033718 0.99762779
 0.9848581  0.95258874 0.98384253 0.97599445 0.98113099 0.97938035
 0.92320263 0.9643756 ]",0.6723458359821997,0.8046589520822229,1573.0,0.1755500792778386,0.7171861317796485,0.774990773919358,"[0.8543264  0.77478754 0.84976641 0.90923156 0.8906839  0.79434447
 0.85430039 0.74328358 0.81344662 0.81491003 0.82445024 0.73291925
 0.97336343 0.79419388 0.79174041 0.70076726 0.82248829 0.01627907
 0.67748215 0.8835286  0.85855466 0.71794872 0.67379679 0.2939424
 0.45691383 0.95634379 0.7804878  0.71324864 0.76882662 0.75133404
 0.77498203 0.67548077 0.70803662 0.69314079 0.672      0.74355495
 0.5        0.76008065 0.50062893 0.41754917 0.07142857 0.93601463
 0.71681416 0.73388042 0.89032258 0.73637375 0.78344828 0.79045093
 0.57142857 0.696     ]",0.961886542084772,0.9728986764488688,"[0.95395271 0.94105406 0.96996528 0.98789899 0.98339131 0.96506318
 0.98028838 0.95597193 0.9675874  0.97322964 0.97497734 0.96280001
 0.99936171 0.96291437 0.95413405 0.947801   0.98330724 0.77862994
 0.94549749 0.98489406 0.99130629 0.96669782 0.95984273 0.89778676
 0.91345808 0.99882215 0.97902685 0.95181419 0.98568911 0.98189093
 0.98025257 0.94553004 0.97957486 0.95648827 0.97337517 0.98498723
 0.94040691 0.97693301 0.94014416 0.93778229 0.86264174 0.99806001
 0.98392089 0.97126344 0.99028362 0.97832474 0.98489318 0.98238517
 0.97115795 0.95686684]",0.7179518968509794,0.8844857054348849,8066.0,0.1221706941723823,0.0,0.1221706941723823,15.0,[9.989339726123395e-07],/home/carnelutti/Codes/ICD_Coding/Multi_modal_continiuous/Data/Saved/Events_HADM_50.json,/home/carnelutti/Codes/CAML-DR/Github_code/mimicdata/mimic3,/home/carnelutti/Codes/ICD_Coding/Multi_modal_continiuous/,Multi_modal,multi_modal,/home/carnelutti/caml_splits.csv,/home/carnelutti,/home/carnelutti/Codes/CAML-DR/PLM_ICD_DIR/RoBERTa-base-PM-M3-Voc-distill-align/RoBERTa-base-PM-M3-Voc-distill-align-hf,/home/carnelutti/Codes/ICD_Coding/Multi_modal_continiuous/Data/Saved/,/home/carnelutti/Codes/ICD_Coding/Multi_modal_continiuous/Data/Events_HADM_50.json,/home/carnelutti/Codes/ICD_Coding/Multi_modal_continiuous/Data/Saved/token_dicts.json,1.0,5e-05,20.0,768.0,"{'num_items': 658, 'num_flags': 3, 'do_value': True}","{'num_specimens': 85, 'num_organisms': 212, 'num_antibiotics': 31, 'num_interpretations': 4}","{'num_gsn': 3297, 'do_value': True, 'num_routes': 72}",50.0,1.0,False,True,1.0,16.0,True,1.0,True,True,False,False,True,False,none,True,True,False,16.0,20.0,3.0,False,True
16,16.0,16.0,16.0,,,,,,,,,,,,,,,,,,0.6558753730406663,0.7152407168136623,"[0.84666667 0.56289308 0.82678311 0.91198044 0.86622517 0.76452599
 0.74324324 0.69798658 0.80602007 0.78709677 0.75       0.65873016
 0.96503497 0.76097561 0.77735849 0.2826087  0.70629371 0.0361991
 0.56573705 0.8994709  0.81751825 0.608      0.59800664 0.16568047
 0.36065574 0.95104895 0.70520231 0.65853659 0.62835249 0.67114094
 0.71578947 0.64576803 0.64313725 0.50922509 0.54954955 0.76300578
 0.45410628 0.69518717 0.5248227  0.41176471 0.07017544 0.91712707
 0.78172589 0.63507109 0.86432161 0.69333333 0.78111588 0.68292683
 0.41830065 0.65734266]",0.9299288753021756,0.9501096371141876,"[0.91047974 0.86819723 0.96002708 0.98167529 0.96979425 0.91362285
 0.94834344 0.93258959 0.95709235 0.96806133 0.95473618 0.91447231
 0.9992357  0.94672072 0.91168528 0.85021822 0.96193301 0.65571394
 0.87999367 0.98886496 0.98829515 0.90350414 0.92773523 0.85194013
 0.84376801 0.99776297 0.94303133 0.9347993  0.96049807 0.94546815
 0.95827045 0.94318828 0.94570625 0.88134684 0.94417556 0.98101444
 0.87699972 0.96818603 0.94515205 0.87032773 0.66995484 0.9976431
 0.98492158 0.95223428 0.9836239  0.97579753 0.98140629 0.97924948
 0.92274902 0.96423681]",0.673490146217419,0.8039571449561471,1573.0,0.175735361953343,0.7188836124560631,0.7752394111201104,"[0.86096257 0.76879298 0.85665278 0.91405044 0.88716162 0.79710145
 0.84203822 0.73712121 0.81546961 0.82014853 0.80451128 0.73632726
 0.97207207 0.78844169 0.80093403 0.69300912 0.82144716 0.01626016
 0.67472947 0.87101248 0.85325077 0.71349645 0.66358737 0.33744076
 0.474      0.95867769 0.77106227 0.72941176 0.76569408 0.76290832
 0.79043601 0.67151515 0.73930754 0.68832732 0.6765286  0.72600834
 0.51657459 0.77031093 0.50190114 0.42406015 0.08095238 0.9266055
 0.71347678 0.72594397 0.8826087  0.73819742 0.77178423 0.79245283
 0.60802469 0.69139073]",0.962043650510838,0.9730987323792264,"[0.95616911 0.9378239  0.9712964  0.98639107 0.98288812 0.96600256
 0.97894465 0.95764669 0.97161813 0.97376197 0.97494521 0.96521763
 0.99926183 0.96330203 0.96033304 0.94899762 0.98421534 0.78233069
 0.94171658 0.98258623 0.9909126  0.96581095 0.95628032 0.90011209
 0.91503367 0.99901259 0.98067582 0.95358103 0.98650992 0.98396671
 0.98182981 0.95026716 0.98129824 0.95797361 0.97453629 0.98687642
 0.93901274 0.9749798  0.93691413 0.93871163 0.85937726 0.99763766
 0.98418214 0.97134466 0.9911625  0.97824166 0.98303029 0.97894629
 0.96664432 0.95187145]",0.7180262831638979,0.8852190370090709,8066.0,0.1216793283820152,0.0,0.1216793283820152,16.0,[6.164675581296259e-07],/home/carnelutti/Codes/ICD_Coding/Multi_modal_continiuous/Data/Saved/Events_HADM_50.json,/home/carnelutti/Codes/CAML-DR/Github_code/mimicdata/mimic3,/home/carnelutti/Codes/ICD_Coding/Multi_modal_continiuous/,Multi_modal,multi_modal,/home/carnelutti/caml_splits.csv,/home/carnelutti,/home/carnelutti/Codes/CAML-DR/PLM_ICD_DIR/RoBERTa-base-PM-M3-Voc-distill-align/RoBERTa-base-PM-M3-Voc-distill-align-hf,/home/carnelutti/Codes/ICD_Coding/Multi_modal_continiuous/Data/Saved/,/home/carnelutti/Codes/ICD_Coding/Multi_modal_continiuous/Data/Events_HADM_50.json,/home/carnelutti/Codes/ICD_Coding/Multi_modal_continiuous/Data/Saved/token_dicts.json,1.0,5e-05,20.0,768.0,"{'num_items': 658, 'num_flags': 3, 'do_value': True}","{'num_specimens': 85, 'num_organisms': 212, 'num_antibiotics': 31, 'num_interpretations': 4}","{'num_gsn': 3297, 'do_value': True, 'num_routes': 72}",50.0,1.0,False,True,1.0,16.0,True,1.0,True,True,False,False,True,False,none,True,True,False,16.0,20.0,3.0,False,True
17,17.0,17.0,,,,,,,,,,,,,,,,,,,0.6561588822021107,0.715024741340531,"[0.84856571 0.56656347 0.82627737 0.90931373 0.86357616 0.76591376
 0.74720358 0.70351759 0.80336134 0.78431373 0.7458256  0.65863454
 0.96503497 0.76097561 0.77819549 0.3        0.71014493 0.0361991
 0.57028112 0.90237467 0.83032491 0.60215054 0.60264901 0.1754386
 0.36213992 0.95104895 0.69026549 0.65853659 0.63320463 0.66216216
 0.71578947 0.65420561 0.64031621 0.50735294 0.54954955 0.76300578
 0.45410628 0.68062827 0.5248227  0.41176471 0.07017544 0.91208791
 0.7755102  0.63207547 0.86432161 0.7027027  0.78481013 0.68292683
 0.41025641 0.65734266]",0.9299469235038602,0.950149418409407,"[0.91038666 0.8691611  0.95994065 0.98197137 0.96977467 0.91328348
 0.94844127 0.93250671 0.95707887 0.96795252 0.95489188 0.91477378
 0.99925683 0.94673791 0.91220261 0.85029137 0.96189812 0.65472173
 0.87995641 0.98891681 0.98834701 0.90356149 0.92787311 0.85274002
 0.84329775 0.99776297 0.94239279 0.93493257 0.96060697 0.94523191
 0.95758774 0.94301596 0.94536425 0.88158108 0.94400398 0.9811696
 0.87672593 0.96834983 0.94537068 0.87080745 0.66940606 0.99768901
 0.984978   0.95214261 0.98397653 0.97600383 0.98169878 0.97929856
 0.92274281 0.96454216]",0.673490146217419,0.8049160047910091,1573.0,0.1757671031179664,0.7193794022880282,0.7774604987626118,"[0.85934308 0.78167502 0.85756385 0.91765311 0.8916309  0.78949598
 0.85373711 0.74573758 0.82060786 0.81858974 0.81585773 0.7380531
 0.97556561 0.78445596 0.80628272 0.70583227 0.81600832 0.02317497
 0.69052103 0.88461538 0.85520641 0.73384615 0.68606432 0.31558567
 0.44489383 0.96038251 0.76825969 0.72379216 0.77229437 0.76251331
 0.77633478 0.65789474 0.70020534 0.68181818 0.68080808 0.75034106
 0.48527349 0.76267748 0.48329049 0.44510386 0.09478673 0.92633517
 0.72240803 0.73671498 0.89274106 0.73545554 0.77900552 0.78213802
 0.58637084 0.69002695]",0.9628020021469104,0.9735704534308524,"[0.95599948 0.94255218 0.97245909 0.98730459 0.98142893 0.96754229
 0.98141261 0.95815854 0.97022217 0.97308719 0.97507104 0.96208687
 0.99923211 0.96233121 0.9583384  0.95010415 0.98345643 0.77966877
 0.94944023 0.98428488 0.99050413 0.96801537 0.95764552 0.89781231
 0.91695777 0.99902584 0.97948036 0.95433791 0.9854873  0.98296354
 0.98221258 0.95274554 0.9783488  0.96035026 0.97437542 0.98867803
 0.94307362 0.97627135 0.94329132 0.94156565 0.86381759 0.9971758
 0.98449783 0.96771091 0.99396259 0.97862125 0.98227321 0.98214896
 0.96911887 0.95344933]",0.7187453508554426,0.8884861277939007,8066.0,0.1210383921861648,0.0,0.1210383921861648,17.0,[2.9237717506831564e-07],/home/carnelutti/Codes/ICD_Coding/Multi_modal_continiuous/Data/Saved/Events_HADM_50.json,/home/carnelutti/Codes/CAML-DR/Github_code/mimicdata/mimic3,/home/carnelutti/Codes/ICD_Coding/Multi_modal_continiuous/,Multi_modal,multi_modal,/home/carnelutti/caml_splits.csv,/home/carnelutti,/home/carnelutti/Codes/CAML-DR/PLM_ICD_DIR/RoBERTa-base-PM-M3-Voc-distill-align/RoBERTa-base-PM-M3-Voc-distill-align-hf,/home/carnelutti/Codes/ICD_Coding/Multi_modal_continiuous/Data/Saved/,/home/carnelutti/Codes/ICD_Coding/Multi_modal_continiuous/Data/Events_HADM_50.json,/home/carnelutti/Codes/ICD_Coding/Multi_modal_continiuous/Data/Saved/token_dicts.json,1.0,5e-05,20.0,768.0,"{'num_items': 658, 'num_flags': 3, 'do_value': True}","{'num_specimens': 85, 'num_organisms': 212, 'num_antibiotics': 31, 'num_interpretations': 4}","{'num_gsn': 3297, 'do_value': True, 'num_routes': 72}",50.0,1.0,False,True,1.0,16.0,True,1.0,True,True,False,False,True,False,none,True,True,False,16.0,20.0,3.0,False,True
18,18.0,,,,,,,,,,,,,,,,,,,,0.6567091540473465,0.7154096886590986,"[0.84702739 0.57098765 0.82748538 0.91064871 0.86357616 0.76530612
 0.74501109 0.70351759 0.80336134 0.7826087  0.7458256  0.66267465
 0.96503497 0.76097561 0.77819549 0.29166667 0.71272727 0.03603604
 0.56451613 0.90237467 0.82733813 0.6        0.60264901 0.1754386
 0.36065574 0.95104895 0.69026549 0.66129032 0.63320463 0.66666667
 0.71578947 0.65838509 0.64031621 0.50549451 0.5520362  0.76300578
 0.45410628 0.69148936 0.5248227  0.41176471 0.07017544 0.91208791
 0.78172589 0.625      0.86432161 0.7027027  0.79148936 0.68292683
 0.42236025 0.65734266]",0.9299510366530116,0.9501699623826052,"[0.91043891 0.86919016 0.95985422 0.98199283 0.9697899  0.91343495
 0.94851627 0.93255216 0.9570627  0.96799209 0.9547553  0.91480661
 0.99924627 0.94686857 0.912376   0.85044986 0.9617735  0.65457499
 0.88022187 0.98900056 0.98825884 0.90357678 0.92797986 0.85234276
 0.84308168 0.99777306 0.94227891 0.93499653 0.96065365 0.94527128
 0.95742005 0.94317225 0.94546264 0.88161089 0.94399214 0.98117665
 0.87712856 0.96810768 0.94524374 0.87077715 0.66986937 0.99771197
 0.98490747 0.95209372 0.98392011 0.9758913  0.98167011 0.97922494
 0.92276766 0.96429232]",0.673744437380801,0.8053791745054177,1573.0,0.1758632600273695,0.7213140140467991,0.7785038386002499,"[0.86219856 0.77173653 0.85195188 0.91808346 0.89673622 0.79726846
 0.84864    0.76054217 0.82366071 0.82221513 0.82013323 0.73529412
 0.97331524 0.79164491 0.78626406 0.70678617 0.8238342  0.02768166
 0.69047619 0.87621697 0.83814304 0.72515528 0.68601986 0.29330709
 0.43292683 0.95730028 0.78315412 0.7277677  0.77854671 0.76709402
 0.78576512 0.69678954 0.70505051 0.70179641 0.69338677 0.76255088
 0.50206897 0.78131213 0.49171975 0.4245142  0.09859155 0.93382353
 0.71347678 0.73188406 0.88983957 0.71920089 0.76566757 0.80373832
 0.59330144 0.69712794]",0.9629305723033263,0.973453761582826,"[0.95748968 0.94028634 0.97165035 0.98802983 0.98288278 0.96724544
 0.98057933 0.96059644 0.9693574  0.97390613 0.97416104 0.96314267
 0.99920959 0.96322423 0.95957906 0.95182343 0.98378492 0.78725712
 0.94967028 0.97909933 0.99031149 0.96553284 0.96021782 0.89835155
 0.9151746  0.99899101 0.98017882 0.95352564 0.98412148 0.98314832
 0.98065518 0.95802854 0.97978919 0.9585254  0.97399536 0.98684081
 0.9428143  0.97595476 0.93984948 0.93902431 0.86280334 0.99758459
 0.98278889 0.97022392 0.99181244 0.97622174 0.98108328 0.98292435
 0.97218192 0.96089787]",0.7182742375402926,0.888904225905778,8066.0,0.1209816560149192,0.0,0.1209816560149192,18.0,[7.597854420719033e-08],/home/carnelutti/Codes/ICD_Coding/Multi_modal_continiuous/Data/Saved/Events_HADM_50.json,/home/carnelutti/Codes/CAML-DR/Github_code/mimicdata/mimic3,/home/carnelutti/Codes/ICD_Coding/Multi_modal_continiuous/,Multi_modal,multi_modal,/home/carnelutti/caml_splits.csv,/home/carnelutti,/home/carnelutti/Codes/CAML-DR/PLM_ICD_DIR/RoBERTa-base-PM-M3-Voc-distill-align/RoBERTa-base-PM-M3-Voc-distill-align-hf,/home/carnelutti/Codes/ICD_Coding/Multi_modal_continiuous/Data/Saved/,/home/carnelutti/Codes/ICD_Coding/Multi_modal_continiuous/Data/Events_HADM_50.json,/home/carnelutti/Codes/ICD_Coding/Multi_modal_continiuous/Data/Saved/token_dicts.json,1.0,5e-05,20.0,768.0,"{'num_items': 658, 'num_flags': 3, 'do_value': True}","{'num_specimens': 85, 'num_organisms': 212, 'num_antibiotics': 31, 'num_interpretations': 4}","{'num_gsn': 3297, 'do_value': True, 'num_routes': 72}",50.0,1.0,False,True,1.0,16.0,True,1.0,True,True,False,False,True,False,none,True,True,False,16.0,20.0,3.0,False,True
19,,,,,,,,,,,,,,,,,,,,,0.6571935743335877,0.7156427407115956,"[0.84795713 0.57098765 0.82627737 0.90931373 0.86586985 0.76530612
 0.74501109 0.70234114 0.80336134 0.7826087  0.74349442 0.66
 0.96503497 0.76097561 0.77819549 0.29166667 0.71480144 0.03603604
 0.56680162 0.90237467 0.82733813 0.60215054 0.60264901 0.1754386
 0.36065574 0.95104895 0.69026549 0.66396761 0.63320463 0.66442953
 0.71578947 0.65838509 0.65098039 0.50549451 0.5520362  0.76300578
 0.45410628 0.68783069 0.5248227  0.4195122  0.07017544 0.91208791
 0.78172589 0.625      0.86432161 0.7027027  0.79148936 0.68292683
 0.43037975 0.65734266]",0.9299372321430446,0.950153895498071,"[0.91039156 0.86919016 0.95982542 0.9819821  0.96981382 0.91337743
 0.94844779 0.93254681 0.95705462 0.96799209 0.95473344 0.91478273
 0.99924627 0.94682387 0.91230209 0.85040109 0.96179344 0.65464137
 0.88027775 0.98901651 0.98827959 0.90361119 0.92792204 0.85221929
 0.84308592 0.99776801 0.94220977 0.93499653 0.96065365 0.94518816
 0.95742005 0.94312416 0.94545795 0.88155126 0.94400989 0.9811555
 0.87711783 0.96810056 0.94522963 0.87076706 0.66981989 0.99768901
 0.98491452 0.95211206 0.98388485 0.97592881 0.98169878 0.97923312
 0.92274281 0.96432934]",0.6731087094723458,0.8052587888742785,1573.0,0.17587738546513793,0.7215123151797446,0.7792207792207793,"[0.85570417 0.77785731 0.85608674 0.92117465 0.89438323 0.79896907
 0.85012755 0.75309105 0.83512412 0.82059482 0.80843056 0.73637961
 0.97052154 0.80227155 0.81957883 0.70608108 0.82876358 0.03225806
 0.68477574 0.87517337 0.85856079 0.72257053 0.68136882 0.30709427
 0.484      0.9556314  0.77235023 0.72057502 0.77340332 0.78214665
 0.7788873  0.69039146 0.74020619 0.69544365 0.69809428 0.71687587
 0.49157303 0.73673469 0.47074122 0.44444444 0.07619048 0.94388224
 0.73142857 0.72242424 0.88128342 0.73275862 0.77241379 0.78191489
 0.59133127 0.69354839]",0.963364356561172,0.9741994177305752,"[0.95602207 0.9415132  0.97321157 0.98898335 0.98427487 0.97028581
 0.98126012 0.95865834 0.97284865 0.97434031 0.97540846 0.96262353
 0.99936969 0.96635013 0.96241736 0.95135315 0.98528936 0.78295992
 0.94452209 0.98248819 0.98955246 0.96953202 0.96111912 0.89985843
 0.91734839 0.99902054 0.97783738 0.95531364 0.98547964 0.98444882
 0.98148411 0.9594808  0.97976548 0.96190067 0.9757301  0.98764505
 0.93928088 0.97547115 0.94189726 0.93867823 0.86030579 0.99848964
 0.98519733 0.96697581 0.9898728  0.97817004 0.98506303 0.9807062
 0.97231528 0.95609756]",0.7200843044879743,0.8894286700691187,8066.0,0.11964374035596848,0.0,0.11964374035596848,19.0,[2.003021680872143e-10],/home/carnelutti/Codes/ICD_Coding/Multi_modal_continiuous/Data/Saved/Events_HADM_50.json,/home/carnelutti/Codes/CAML-DR/Github_code/mimicdata/mimic3,/home/carnelutti/Codes/ICD_Coding/Multi_modal_continiuous/,Multi_modal,multi_modal,/home/carnelutti/caml_splits.csv,/home/carnelutti,/home/carnelutti/Codes/CAML-DR/PLM_ICD_DIR/RoBERTa-base-PM-M3-Voc-distill-align/RoBERTa-base-PM-M3-Voc-distill-align-hf,/home/carnelutti/Codes/ICD_Coding/Multi_modal_continiuous/Data/Saved/,/home/carnelutti/Codes/ICD_Coding/Multi_modal_continiuous/Data/Events_HADM_50.json,/home/carnelutti/Codes/ICD_Coding/Multi_modal_continiuous/Data/Saved/token_dicts.json,1.0,5e-05,20.0,768.0,"{'num_items': 658, 'num_flags': 3, 'do_value': True}","{'num_specimens': 85, 'num_organisms': 212, 'num_antibiotics': 31, 'num_interpretations': 4}","{'num_gsn': 3297, 'do_value': True, 'num_routes': 72}",50.0,1.0,False,True,1.0,16.0,True,1.0,True,True,False,False,True,False,none,True,True,False,16.0,20.0,3.0,False,True
