,Unnamed: 0.19,Unnamed: 0.18,Unnamed: 0.17,Unnamed: 0.16,Unnamed: 0.15,Unnamed: 0.14,Unnamed: 0.13,Unnamed: 0.12,Unnamed: 0.11,Unnamed: 0.10,Unnamed: 0.9,Unnamed: 0.8,Unnamed: 0.7,Unnamed: 0.6,Unnamed: 0.5,Unnamed: 0.4,Unnamed: 0.3,Unnamed: 0.2,Unnamed: 0.1,Unnamed: 0,validation_f1_macro,validation_f1_micro,validation_f1_by_class,validation_auc_macro,validation_auc_micro,validation_auc_by_class,validation_p_5,validation_LRAP,validation_metrics_sample_size,train_f1_macro,train_f1_micro,train_f1_by_class,train_auc_macro,train_auc_micro,train_auc_by_class,train_p_5,train_LRAP,train_metrics_sample_size,epoch,curr_lr,file_path,note_path,project_path,run_name,mode,splits,mimic_dir,base_checkpoint,saved_path,event_file,event_tokens_file,batch_size,lr,epochs,hidden_dim,lab_param,microbio_params,drug_param,num_labels,num_heads_labattn,use_all_tokens,reduce_computation,num_layers,max_chunks,use_multihead_attention,num_attention_heads,use_positional_embeddings,use_reverse_positional_embeddings,use_document_embeddings,use_reverse_document_embeddings,use_category_embeddings,is_baseline,aux_task,evaluate_temporal,save_model,debug,grad_accumulation,max_epochs,patience_threshold,load_from_checkpoint,apply_temporal_loss
0,0.0,0.0,0.0,0.0,0.0,0.0,0.0,0.0,0.0,0.0,0.0,0.0,0.0,0.0,0.0,0.0,0.0,0.0,0.0,,0.1095551784600214,0.2368445649126087,"[0.44485635 0.26950355 0.51677852 0.20091324 0.62864721 0.13229572
 0.2739726  0.00757576 0.         0.125      0.45994832 0.42780749
 0.79444444 0.         0.         0.         0.15384615 0.
 0.         0.         0.3197026  0.         0.         0.
 0.         0.72246696 0.         0.         0.         0.
 0.         0.         0.         0.         0.         0.
 0.         0.         0.         0.         0.         0.
 0.         0.         0.         0.         0.         0.
 0.         0.        ]",0.6840788902065309,0.7494752919204867,"[0.61467131 0.66260693 0.78527203 0.69821495 0.82197946 0.65122013
 0.76808273 0.72296095 0.59195484 0.75214539 0.8239371  0.77571025
 0.9731421  0.60099984 0.53906526 0.55168185 0.75515707 0.46827447
 0.5681637  0.52755325 0.8551867  0.64093127 0.76608858 0.70248744
 0.67989462 0.97841175 0.56662828 0.57293368 0.79954623 0.5752113
 0.66953961 0.59582596 0.63881937 0.5067672  0.74527057 0.73789592
 0.57370658 0.66489409 0.70299986 0.64794635 0.55904309 0.76403406
 0.88858497 0.60167121 0.6010751  0.83518051 0.69370054 0.69187033
 0.54866245 0.74634328]",0.3630538513974097,0.4265935233579588,1467.0,0.0700813333106941,0.1381013824884792,"[0.42996255 0.19043727 0.22769231 0.0503937  0.38927012 0.01452785
 0.13480233 0.11285947 0.00457317 0.16579101 0.07675277 0.14736842
 0.30477436 0.01017294 0.01779755 0.08634921 0.12983224 0.00249377
 0.00671892 0.07801418 0.16722859 0.01186944 0.01117318 0.01494768
 0.0701107  0.14712644 0.02204724 0.         0.00831601 0.
 0.06585789 0.         0.         0.05209841 0.00759013 0.01058201
 0.05957447 0.02051282 0.03380282 0.02769231 0.         0.00892857
 0.         0.04861878 0.0625     0.01232033 0.00505051 0.04526167
 0.00555556 0.00471698]",0.5761923265014439,0.67039705928433,"[0.58366171 0.58937221 0.62566559 0.52535767 0.70670901 0.60725523
 0.6266209  0.56246759 0.51095896 0.59669498 0.61391581 0.60207359
 0.78564108 0.56532556 0.51573669 0.57495784 0.57133643 0.49639584
 0.56865959 0.53604031 0.72330425 0.55279191 0.53687963 0.56103235
 0.53046421 0.74304613 0.52637859 0.50613226 0.61136167 0.55943845
 0.64418755 0.56448843 0.54263147 0.51889896 0.56156703 0.5204971
 0.5028215  0.5676009  0.55716616 0.54605508 0.54717214 0.52261164
 0.70345698 0.52409    0.51037464 0.63470792 0.53547992 0.53838853
 0.54289173 0.60885262]",0.280334383993422,0.3444612529671728,7297.0,0.0,[5.217464962817069e-06],/home/carnelutti/Codes/ICD_Coding/Multi_modal_continiuous/Data/Saved/Events_HADM_50.json,/home/carnelutti/Codes/CAML-DR/Github_code/mimicdata/mimic3,/home/carnelutti/Codes/ICD_Coding/Multi_modal_continiuous/,Multi_modal,multi_modal,/home/carnelutti/caml_splits.csv,/home/carnelutti,/home/carnelutti/Codes/CAML-DR/PLM_ICD_DIR/RoBERTa-base-PM-M3-Voc-distill-align/RoBERTa-base-PM-M3-Voc-distill-align-hf,/home/carnelutti/Codes/ICD_Coding/Multi_modal_continiuous/Data/Saved/,/home/carnelutti/Codes/ICD_Coding/Multi_modal_continiuous/Data/Events_HADM_50.json,/home/carnelutti/Codes/ICD_Coding/Multi_modal_continiuous/Data/Saved/token_dicts.json,1.0,5e-05,20.0,768.0,"{'num_items': 658, 'num_flags': 3, 'do_value': True}","{'num_specimens': 85, 'num_organisms': 212, 'num_antibiotics': 31, 'num_interpretations': 4}","{'num_gsn': 3297, 'do_value': True, 'num_routes': 72}",50.0,1.0,False,True,1.0,16.0,True,1.0,True,True,False,False,True,False,none,True,True,False,16.0,20.0,3.0,False,True
1,1.0,1.0,1.0,1.0,1.0,1.0,1.0,1.0,1.0,1.0,1.0,1.0,1.0,1.0,1.0,1.0,1.0,1.0,,,0.1890459459707984,0.3131987173931883,"[0.42535787 0.32061069 0.62154696 0.52837573 0.67945205 0.00879121
 0.35955056 0.29569892 0.07586207 0.16513761 0.60927152 0.4248366
 0.78851175 0.27642276 0.         0.04545455 0.14754098 0.
 0.         0.         0.54054054 0.14778325 0.1734104  0.03636364
 0.         0.80769231 0.03529412 0.         0.29333333 0.
 0.         0.         0.         0.         0.05607477 0.
 0.         0.13084112 0.06451613 0.         0.         0.38
 0.46428571 0.         0.08080808 0.36893204 0.         0.1
 0.         0.        ]",0.7580347032203503,0.789234035921266,"[0.69310422 0.70716363 0.86679717 0.83771723 0.86451099 0.67960235
 0.77931388 0.80770644 0.67260952 0.78638954 0.8412606  0.80381895
 0.96571831 0.73332325 0.5406003  0.65378416 0.7670513  0.59372292
 0.61276109 0.60140126 0.9143457  0.76533234 0.7959168  0.74231757
 0.75393083 0.97827828 0.74858591 0.69862039 0.85940779 0.77643269
 0.77519213 0.60982254 0.75779669 0.61252909 0.80738733 0.79577688
 0.61931137 0.76737392 0.74291385 0.70051863 0.56457822 0.92255539
 0.93747721 0.71762115 0.78007115 0.87383957 0.7404875  0.85695879
 0.68453355 0.79346482]",0.4074982958418541,0.4870871330549493,1467.0,0.1925897338764114,0.3309299119923655,"[0.51243871 0.35973353 0.53357642 0.52470424 0.63606161 0.08006159
 0.46971678 0.26599889 0.03402367 0.39978621 0.52297489 0.41202815
 0.76429717 0.11753555 0.00455063 0.22556391 0.33333333 0.00258065
 0.03053435 0.00285714 0.48984772 0.20539153 0.11083744 0.06223479
 0.01926164 0.69453376 0.06942149 0.02003339 0.30769231 0.03726708
 0.25232404 0.         0.03921569 0.         0.16780822 0.0625
 0.         0.06440072 0.03245436 0.004914   0.         0.29602888
 0.19354839 0.         0.01781737 0.146875   0.         0.08866995
 0.         0.01405152]",0.7317605247239368,0.7921609179479311,"[0.67740266 0.70727763 0.80116952 0.79931884 0.84038093 0.69895897
 0.79050985 0.77858392 0.62073103 0.77277222 0.83327728 0.80637078
 0.94586835 0.66960469 0.5932822  0.7063833  0.76075358 0.5654589
 0.65998308 0.56176291 0.88498668 0.74219583 0.72276233 0.67750333
 0.70318168 0.94756127 0.73498488 0.64396645 0.84823634 0.76168295
 0.79238537 0.62142737 0.75074954 0.62884788 0.80721258 0.72496342
 0.63456131 0.74941564 0.69728373 0.66305705 0.59744543 0.86961649
 0.87703691 0.64165154 0.6988235  0.78535446 0.6256534  0.77265361
 0.67642214 0.71655248]",0.4043049081436797,0.4954977022220537,7294.0,1.0,[1.4007186452355308e-05],/home/carnelutti/Codes/ICD_Coding/Multi_modal_continiuous/Data/Saved/Events_HADM_50.json,/home/carnelutti/Codes/CAML-DR/Github_code/mimicdata/mimic3,/home/carnelutti/Codes/ICD_Coding/Multi_modal_continiuous/,Multi_modal,multi_modal,/home/carnelutti/caml_splits.csv,/home/carnelutti,/home/carnelutti/Codes/CAML-DR/PLM_ICD_DIR/RoBERTa-base-PM-M3-Voc-distill-align/RoBERTa-base-PM-M3-Voc-distill-align-hf,/home/carnelutti/Codes/ICD_Coding/Multi_modal_continiuous/Data/Saved/,/home/carnelutti/Codes/ICD_Coding/Multi_modal_continiuous/Data/Events_HADM_50.json,/home/carnelutti/Codes/ICD_Coding/Multi_modal_continiuous/Data/Saved/token_dicts.json,1.0,5e-05,20.0,768.0,"{'num_items': 658, 'num_flags': 3, 'do_value': True}","{'num_specimens': 85, 'num_organisms': 212, 'num_antibiotics': 31, 'num_interpretations': 4}","{'num_gsn': 3297, 'do_value': True, 'num_routes': 72}",50.0,1.0,False,True,1.0,16.0,True,1.0,True,True,False,False,True,False,none,True,True,False,16.0,20.0,3.0,False,True
2,2.0,2.0,2.0,2.0,2.0,2.0,2.0,2.0,2.0,2.0,2.0,2.0,2.0,2.0,2.0,2.0,2.0,,,,0.2544194113408685,0.3676912796525225,"[0.5851602  0.38864629 0.53556485 0.61646235 0.68273092 0.01754386
 0.34751773 0.52408478 0.2        0.45847176 0.45303867 0.46197183
 0.832      0.38582677 0.19931271 0.17910448 0.32369942 0.
 0.         0.30845771 0.54421769 0.20754717 0.1375     0.
 0.16       0.83333333 0.03508772 0.14084507 0.3        0.
 0.12765957 0.         0.01449275 0.         0.01923077 0.18
 0.01709402 0.27184466 0.08695652 0.17105263 0.         0.40425532
 0.62105263 0.         0.19834711 0.28703704 0.01694915 0.23529412
 0.08       0.13157895]",0.7838472556469513,0.8069072459362168,"[0.7322926  0.70066866 0.8628023  0.85194043 0.88273211 0.72433174
 0.80416425 0.82374331 0.71779166 0.80035397 0.86422701 0.80180124
 0.97423395 0.79977826 0.64720752 0.66571479 0.79239813 0.61566557
 0.63847994 0.72834873 0.91754625 0.72220889 0.82042698 0.74234579
 0.76107257 0.98003559 0.76008291 0.74733977 0.85238329 0.82407236
 0.7883538  0.64173002 0.79369369 0.65125956 0.82420306 0.82217135
 0.6939049  0.8045312  0.79910683 0.7370313  0.61887546 0.91836838
 0.95209549 0.74946507 0.82625296 0.84510041 0.76139285 0.87370897
 0.72745358 0.80747335]",0.4319018404907975,0.5207088954652496,1467.0,0.2597745861956387,0.3876821830389045,"[0.54424221 0.44203911 0.55629139 0.57977364 0.66235367 0.11596386
 0.51666667 0.5029988  0.11653117 0.42630137 0.55867464 0.41825095
 0.78670954 0.38415546 0.06396588 0.32887856 0.35970025 0.0075662
 0.07384615 0.05329593 0.57455383 0.34764398 0.17312073 0.09461235
 0.06738132 0.73574297 0.11041009 0.05616225 0.41412911 0.15411559
 0.32484848 0.         0.11018364 0.         0.25       0.17302799
 0.00453515 0.21638331 0.12286689 0.00950119 0.00544959 0.55667145
 0.33642384 0.00428266 0.03375527 0.23681125 0.02099738 0.26984127
 0.02762431 0.05944798]",0.7673049853502028,0.8133118756535958,"[0.71220898 0.7355469  0.81484036 0.83577412 0.86390264 0.72721384
 0.80868085 0.84366811 0.67388514 0.78082781 0.84380968 0.80686376
 0.95591229 0.74871922 0.62792317 0.74129694 0.78309359 0.59066797
 0.67767159 0.60207474 0.91552687 0.78778357 0.73958301 0.70841304
 0.72832176 0.95777911 0.78497357 0.69091768 0.86456051 0.85043346
 0.82288059 0.63131178 0.83171622 0.66150354 0.83519851 0.77565838
 0.70985955 0.77886902 0.75525128 0.69439381 0.64878531 0.92585113
 0.89778686 0.6835273  0.75741124 0.80022178 0.67767946 0.81560538
 0.73341898 0.72544487]",0.432093023255814,0.5330356554903182,7310.0,2.0,[2.6012446058155606e-05],/home/carnelutti/Codes/ICD_Coding/Multi_modal_continiuous/Data/Saved/Events_HADM_50.json,/home/carnelutti/Codes/CAML-DR/Github_code/mimicdata/mimic3,/home/carnelutti/Codes/ICD_Coding/Multi_modal_continiuous/,Multi_modal,multi_modal,/home/carnelutti/caml_splits.csv,/home/carnelutti,/home/carnelutti/Codes/CAML-DR/PLM_ICD_DIR/RoBERTa-base-PM-M3-Voc-distill-align/RoBERTa-base-PM-M3-Voc-distill-align-hf,/home/carnelutti/Codes/ICD_Coding/Multi_modal_continiuous/Data/Saved/,/home/carnelutti/Codes/ICD_Coding/Multi_modal_continiuous/Data/Events_HADM_50.json,/home/carnelutti/Codes/ICD_Coding/Multi_modal_continiuous/Data/Saved/token_dicts.json,1.0,5e-05,20.0,768.0,"{'num_items': 658, 'num_flags': 3, 'do_value': True}","{'num_specimens': 85, 'num_organisms': 212, 'num_antibiotics': 31, 'num_interpretations': 4}","{'num_gsn': 3297, 'do_value': True, 'num_routes': 72}",50.0,1.0,False,True,1.0,16.0,True,1.0,True,True,False,False,True,False,none,True,True,False,16.0,20.0,3.0,False,True
3,3.0,3.0,3.0,3.0,3.0,3.0,3.0,3.0,3.0,3.0,3.0,3.0,3.0,3.0,3.0,3.0,,,,,0.3346079263198918,0.4286014721345952,"[0.55251545 0.11333333 0.58823529 0.62184874 0.71244635 0.35987261
 0.47191011 0.55035461 0.36979167 0.38235294 0.62869198 0.43076923
 0.79787234 0.47272727 0.21621622 0.10526316 0.34782609 0.01980198
 0.         0.38709677 0.49417249 0.40939597 0.38095238 0.08130081
 0.11627907 0.85140562 0.31578947 0.21989529 0.35       0.40701754
 0.13636364 0.25352113 0.43902439 0.03773585 0.05555556 0.15217391
 0.44081633 0.43137255 0.10989011 0.08955224 0.03896104 0.43396226
 0.42384106 0.1875     0.45121951 0.28947368 0.23448276 0.44067797
 0.07272727 0.25641026]",0.7893329496626158,0.8147423071125643,"[0.73540356 0.71178768 0.87005796 0.84945181 0.88516684 0.70138618
 0.80491971 0.83635932 0.72393859 0.78588449 0.85961949 0.77107959
 0.96295543 0.78801403 0.66629107 0.70928521 0.78825943 0.6351382
 0.63040659 0.69315224 0.92630802 0.73905024 0.82337413 0.71667419
 0.7544838  0.97239462 0.76036849 0.72973893 0.84202709 0.85290662
 0.81049343 0.66545598 0.8415471  0.63078683 0.8266167  0.8407923
 0.79638965 0.80642403 0.82044362 0.74882265 0.60305425 0.91602768
 0.9517004  0.74040976 0.86848221 0.87320312 0.7611396  0.86064015
 0.75792934 0.82040512]",0.4407634628493524,0.5272034740881659,1467.0,0.3027969095036377,0.4087340211537213,"[0.53919764 0.44119743 0.5753101  0.59556192 0.66503817 0.16715116
 0.543383   0.47829787 0.17517328 0.42087912 0.57921017 0.43734336
 0.79699248 0.43148688 0.17777778 0.34706205 0.35313531 0.01006289
 0.11509434 0.21446384 0.56994819 0.36578171 0.24973319 0.0817942
 0.09026798 0.7733119  0.14664587 0.10164425 0.4351145  0.1836394
 0.33548387 0.02966102 0.14264036 0.04828974 0.2748538  0.23628692
 0.2047532  0.32080925 0.22946176 0.02267574 0.         0.56035768
 0.42619048 0.04426559 0.27046263 0.26842684 0.04411765 0.39590444
 0.06366048 0.15984405]",0.7832327313395843,0.8223326974279679,"[0.72274267 0.73465482 0.8159479  0.83529501 0.87193002 0.74788204
 0.81732451 0.84277665 0.68642153 0.79018322 0.86059302 0.82597528
 0.95503948 0.76815068 0.6581771  0.74359973 0.79299196 0.59847991
 0.67536948 0.65870107 0.90991753 0.80366386 0.7658822  0.71554424
 0.73733021 0.95941303 0.78431222 0.71719625 0.86899601 0.86077364
 0.83656891 0.66179803 0.8460094  0.69973234 0.84381352 0.77981017
 0.78213977 0.79775517 0.7701268  0.70498375 0.6803482  0.91743625
 0.90468966 0.71377074 0.8167721  0.81435095 0.72420112 0.8346569
 0.76676052 0.74064697]",0.4416883650815403,0.5480236515424661,7297.0,3.0,[3.8014368600952494e-05],/home/carnelutti/Codes/ICD_Coding/Multi_modal_continiuous/Data/Saved/Events_HADM_50.json,/home/carnelutti/Codes/CAML-DR/Github_code/mimicdata/mimic3,/home/carnelutti/Codes/ICD_Coding/Multi_modal_continiuous/,Multi_modal,multi_modal,/home/carnelutti/caml_splits.csv,/home/carnelutti,/home/carnelutti/Codes/CAML-DR/PLM_ICD_DIR/RoBERTa-base-PM-M3-Voc-distill-align/RoBERTa-base-PM-M3-Voc-distill-align-hf,/home/carnelutti/Codes/ICD_Coding/Multi_modal_continiuous/Data/Saved/,/home/carnelutti/Codes/ICD_Coding/Multi_modal_continiuous/Data/Events_HADM_50.json,/home/carnelutti/Codes/ICD_Coding/Multi_modal_continiuous/Data/Saved/token_dicts.json,1.0,5e-05,20.0,768.0,"{'num_items': 658, 'num_flags': 3, 'do_value': True}","{'num_specimens': 85, 'num_organisms': 212, 'num_antibiotics': 31, 'num_interpretations': 4}","{'num_gsn': 3297, 'do_value': True, 'num_routes': 72}",50.0,1.0,False,True,1.0,16.0,True,1.0,True,True,False,False,True,False,none,True,True,False,16.0,20.0,3.0,False,True
4,4.0,4.0,4.0,4.0,4.0,4.0,4.0,4.0,4.0,4.0,4.0,4.0,4.0,4.0,4.0,,,,,,0.3510183429653684,0.4338156892612338,"[0.52257445 0.45086705 0.64262295 0.58181818 0.69565217 0.30088496
 0.50285714 0.57534247 0.32653061 0.41958042 0.62745098 0.47867299
 0.83969466 0.44688645 0.2745098  0.13114754 0.34951456 0.
 0.07843137 0.35406699 0.62015504 0.28571429 0.3982684  0.23834197
 0.23584906 0.86346863 0.17297297 0.27218935 0.39189189 0.33
 0.04761905 0.23414634 0.31958763 0.04938272 0.13913043 0.33587786
 0.31764706 0.24299065 0.14736842 0.21714286 0.03896104 0.47619048
 0.63207547 0.10344828 0.39344262 0.41509434 0.15625    0.36734694
 0.01869159 0.49056604]",0.7945619216507651,0.8208541725441225,"[0.73105159 0.72212487 0.87548252 0.83380653 0.87631574 0.72139135
 0.80504142 0.84682462 0.72797502 0.80936718 0.85752605 0.80861196
 0.96718781 0.77978955 0.69261219 0.71576734 0.79805894 0.58238514
 0.65883604 0.68297958 0.92900919 0.75858069 0.8344328  0.74228935
 0.75480724 0.97341786 0.73154307 0.75135486 0.85165427 0.86092043
 0.80950585 0.67965016 0.8611556  0.64495687 0.81852051 0.83954032
 0.802107   0.78077958 0.77364371 0.77290015 0.6171696  0.87703297
 0.95802182 0.75732466 0.89465613 0.88291452 0.80193732 0.88231926
 0.74662086 0.84619403]",0.4605316973415134,0.5532591986274265,1467.0,0.3219577707478508,0.4187392865228501,"[0.53546302 0.43646805 0.57168089 0.60614624 0.68347339 0.19616205
 0.55442926 0.50796312 0.22629969 0.40293454 0.59885007 0.43921069
 0.78465753 0.41751825 0.18199052 0.38249088 0.35153584 0.00987654
 0.09028459 0.23809524 0.60085837 0.3668993  0.24947589 0.14148681
 0.09103079 0.74317817 0.18512898 0.15895954 0.41282051 0.23089983
 0.29495472 0.06854839 0.16451613 0.11132438 0.28613139 0.19230769
 0.31654676 0.31964809 0.24928367 0.06320542 0.03100775 0.58394161
 0.41281139 0.09187279 0.43202417 0.32295271 0.0979021  0.38327526
 0.06701031 0.21235521]",0.7902199493733171,0.8263835322324617,"[0.72686567 0.74038786 0.81418497 0.83614311 0.87899947 0.75132479
 0.82054846 0.8458998  0.70768602 0.78171877 0.85608668 0.82496886
 0.95412901 0.75652476 0.66239325 0.76268068 0.78447002 0.60279732
 0.675737   0.66406224 0.9209714  0.81273848 0.77482325 0.72810167
 0.75145468 0.95271439 0.80904339 0.73095857 0.86895107 0.8636936
 0.82638924 0.6729298  0.85212042 0.71754438 0.84584643 0.79572723
 0.81855988 0.79400345 0.77349327 0.736662   0.68361961 0.90854157
 0.91251997 0.73014684 0.84420209 0.8370514  0.71641475 0.84076224
 0.77232933 0.7710743 ]",0.4505263157894736,0.558663281961625,7315.0,4.0,[4.679497364175488e-05],/home/carnelutti/Codes/ICD_Coding/Multi_modal_continiuous/Data/Saved/Events_HADM_50.json,/home/carnelutti/Codes/CAML-DR/Github_code/mimicdata/mimic3,/home/carnelutti/Codes/ICD_Coding/Multi_modal_continiuous/,Multi_modal,multi_modal,/home/carnelutti/caml_splits.csv,/home/carnelutti,/home/carnelutti/Codes/CAML-DR/PLM_ICD_DIR/RoBERTa-base-PM-M3-Voc-distill-align/RoBERTa-base-PM-M3-Voc-distill-align-hf,/home/carnelutti/Codes/ICD_Coding/Multi_modal_continiuous/Data/Saved/,/home/carnelutti/Codes/ICD_Coding/Multi_modal_continiuous/Data/Events_HADM_50.json,/home/carnelutti/Codes/ICD_Coding/Multi_modal_continiuous/Data/Saved/token_dicts.json,1.0,5e-05,20.0,768.0,"{'num_items': 658, 'num_flags': 3, 'do_value': True}","{'num_specimens': 85, 'num_organisms': 212, 'num_antibiotics': 31, 'num_interpretations': 4}","{'num_gsn': 3297, 'do_value': True, 'num_routes': 72}",50.0,1.0,False,True,1.0,16.0,True,1.0,True,True,False,False,True,False,none,True,True,False,16.0,20.0,3.0,False,True
5,5.0,5.0,5.0,5.0,5.0,5.0,5.0,5.0,5.0,5.0,5.0,5.0,5.0,5.0,,,,,,,0.3830781125011118,0.4573492636843567,"[0.64836795 0.46073298 0.64872521 0.63893511 0.67226891 0.47902571
 0.41176471 0.55829228 0.36056338 0.48988764 0.44508671 0.49035813
 0.74782609 0.38554217 0.20875421 0.06779661 0.44357977 0.03
 0.19487179 0.37614679 0.5617284  0.38795987 0.3984375  0.11940299
 0.07643312 0.72727273 0.32727273 0.27218935 0.42857143 0.44666667
 0.18333333 0.27272727 0.4137931  0.09356725 0.35227273 0.37956204
 0.42009132 0.33333333 0.1981982  0.17647059 0.03896104 0.42105263
 0.55696203 0.3030303  0.58139535 0.39       0.41509434 0.46511628
 0.17741935 0.47706422]",0.8008218680162184,0.826932126081908,"[0.73753369 0.72157729 0.87336273 0.85450861 0.89579849 0.74229788
 0.82123761 0.84016027 0.75254123 0.800777   0.86152527 0.80038267
 0.95901851 0.79071118 0.66911621 0.67846882 0.81005465 0.63430001
 0.68801488 0.76252795 0.92068437 0.75806064 0.81634927 0.74959789
 0.75381606 0.96557669 0.77695071 0.755073   0.83221595 0.86898578
 0.77483301 0.69720821 0.8640307  0.66123922 0.82537002 0.83955433
 0.80883892 0.78051235 0.79809701 0.75730551 0.59889399 0.89642439
 0.9399693  0.79127334 0.90035573 0.87657193 0.80961064 0.8806831
 0.78340341 0.86569296]",0.4621676891615542,0.5540103281842105,1467.0,0.3419435040500373,0.432048389419615,"[0.55832871 0.45555955 0.58074253 0.59790083 0.67676143 0.27076521
 0.56906318 0.51501057 0.21227621 0.41619156 0.61213947 0.43596378
 0.80199115 0.41343284 0.21527778 0.41532885 0.35314996 0.00757576
 0.13693346 0.24137931 0.59479104 0.39105058 0.27170582 0.18672666
 0.15620999 0.76104746 0.22481752 0.16909621 0.41183724 0.29742033
 0.32175032 0.09965636 0.23287671 0.11829945 0.33854908 0.23244552
 0.29438543 0.27844311 0.21329212 0.08644401 0.04134367 0.59675037
 0.42346939 0.16447368 0.47701149 0.34459459 0.12009238 0.38289963
 0.10891089 0.27101201]",0.7943557104032481,0.8300021876487897,"[0.7399198  0.74347074 0.8276547  0.83981511 0.87977769 0.76313312
 0.8173605  0.85419679 0.71757532 0.7780826  0.85394834 0.82360037
 0.9562869  0.75297298 0.67650818 0.78082019 0.79519595 0.60957728
 0.67598459 0.66731424 0.92131127 0.81533822 0.76213667 0.73061576
 0.74526813 0.95469901 0.80216041 0.75368163 0.87612338 0.8794327
 0.82661599 0.68901137 0.86023204 0.70747998 0.85587432 0.78121889
 0.81201055 0.78487328 0.77745485 0.76264004 0.69346331 0.90970439
 0.91038918 0.72550444 0.84818355 0.84349497 0.73474885 0.83386918
 0.78501533 0.78203844]",0.4576401260792107,0.5669143645714273,7297.0,5.0,[4.999998709130303e-05],/home/carnelutti/Codes/ICD_Coding/Multi_modal_continiuous/Data/Saved/Events_HADM_50.json,/home/carnelutti/Codes/CAML-DR/Github_code/mimicdata/mimic3,/home/carnelutti/Codes/ICD_Coding/Multi_modal_continiuous/,Multi_modal,multi_modal,/home/carnelutti/caml_splits.csv,/home/carnelutti,/home/carnelutti/Codes/CAML-DR/PLM_ICD_DIR/RoBERTa-base-PM-M3-Voc-distill-align/RoBERTa-base-PM-M3-Voc-distill-align-hf,/home/carnelutti/Codes/ICD_Coding/Multi_modal_continiuous/Data/Saved/,/home/carnelutti/Codes/ICD_Coding/Multi_modal_continiuous/Data/Events_HADM_50.json,/home/carnelutti/Codes/ICD_Coding/Multi_modal_continiuous/Data/Saved/token_dicts.json,1.0,5e-05,20.0,768.0,"{'num_items': 658, 'num_flags': 3, 'do_value': True}","{'num_specimens': 85, 'num_organisms': 212, 'num_antibiotics': 31, 'num_interpretations': 4}","{'num_gsn': 3297, 'do_value': True, 'num_routes': 72}",50.0,1.0,False,True,1.0,16.0,True,1.0,True,True,False,False,True,False,none,True,True,False,16.0,20.0,3.0,False,True
6,6.0,6.0,6.0,6.0,6.0,6.0,6.0,6.0,6.0,6.0,6.0,6.0,6.0,,,,,,,,0.3765850350812503,0.4573622155196051,"[0.58632479 0.43829787 0.62256809 0.63111111 0.68764569 0.45089903
 0.47096774 0.5186722  0.4009434  0.46334311 0.64       0.44705882
 0.80108992 0.49824561 0.30046948 0.08163265 0.36842105 0.03960396
 0.22568093 0.37962963 0.52242744 0.26666667 0.45791246 0.1875
 0.12195122 0.83268482 0.32407407 0.08888889 0.4        0.44444444
 0.15686275 0.06282723 0.45333333 0.10869565 0.31343284 0.36065574
 0.28571429 0.33333333 0.21153846 0.1589404  0.04968944 0.46
 0.58394161 0.28947368 0.52238806 0.37554585 0.38565022 0.47368421
 0.03669725 0.50769231]",0.8009000274507463,0.8301301862020181,"[0.73558887 0.722423   0.87310704 0.85138354 0.89608869 0.7332273
 0.82522475 0.8455703  0.74156719 0.79669775 0.86101404 0.80283715
 0.96403162 0.77870102 0.69599255 0.69901892 0.80433585 0.60617018
 0.67846931 0.74331445 0.92347066 0.74958441 0.82940563 0.7435239
 0.76346184 0.97280614 0.77859051 0.74865132 0.83262475 0.85761183
 0.80494505 0.68358331 0.85947614 0.68011794 0.83149472 0.81977016
 0.81622808 0.79016799 0.80119611 0.75872429 0.64220753 0.88639574
 0.95534737 0.75917768 0.89775494 0.89230769 0.81803102 0.86820738
 0.79222868 0.83314499]",0.4620313565098841,0.5571090656556091,1467.0,0.3581817669255852,0.4434710321012917,"[0.56060606 0.45714286 0.58898922 0.62388592 0.68346457 0.23554007
 0.58527828 0.5401158  0.24891641 0.41985168 0.63368056 0.46341463
 0.78329571 0.42625369 0.22372881 0.42887029 0.36101083 0.01017812
 0.17290553 0.24667473 0.59459459 0.3956905  0.31062124 0.16028708
 0.17496962 0.74619289 0.25797101 0.19525802 0.43349754 0.32531825
 0.36683417 0.12631579 0.27807487 0.13358071 0.33568406 0.27804878
 0.29246677 0.30329041 0.24464832 0.0998004  0.03508772 0.59130435
 0.4567474  0.18596491 0.49649369 0.40776699 0.14782609 0.38800705
 0.11737089 0.33557047]",0.802633688555714,0.8359082645100677,"[0.74742107 0.75092938 0.83123075 0.85702886 0.87853074 0.75585066
 0.83367878 0.86508497 0.71603094 0.78635858 0.86712775 0.83518426
 0.95163278 0.75648512 0.67917207 0.78927001 0.79535523 0.622304
 0.69007148 0.69117966 0.92073645 0.81919637 0.78089366 0.74567016
 0.76377054 0.95723445 0.8284508  0.74383232 0.88112172 0.87631729
 0.83313254 0.6988653  0.86479909 0.74103472 0.85258748 0.79839304
 0.8237237  0.79875178 0.766864   0.76208475 0.70608372 0.91054363
 0.91662645 0.73717284 0.86142036 0.86269244 0.75683591 0.84285567
 0.78894191 0.79112423]",0.4616568209918946,0.5757796222588161,7279.0,6.0,[4.677007407632374e-05],/home/carnelutti/Codes/ICD_Coding/Multi_modal_continiuous/Data/Saved/Events_HADM_50.json,/home/carnelutti/Codes/CAML-DR/Github_code/mimicdata/mimic3,/home/carnelutti/Codes/ICD_Coding/Multi_modal_continiuous/,Multi_modal,multi_modal,/home/carnelutti/caml_splits.csv,/home/carnelutti,/home/carnelutti/Codes/CAML-DR/PLM_ICD_DIR/RoBERTa-base-PM-M3-Voc-distill-align/RoBERTa-base-PM-M3-Voc-distill-align-hf,/home/carnelutti/Codes/ICD_Coding/Multi_modal_continiuous/Data/Saved/,/home/carnelutti/Codes/ICD_Coding/Multi_modal_continiuous/Data/Events_HADM_50.json,/home/carnelutti/Codes/ICD_Coding/Multi_modal_continiuous/Data/Saved/token_dicts.json,1.0,5e-05,20.0,768.0,"{'num_items': 658, 'num_flags': 3, 'do_value': True}","{'num_specimens': 85, 'num_organisms': 212, 'num_antibiotics': 31, 'num_interpretations': 4}","{'num_gsn': 3297, 'do_value': True, 'num_routes': 72}",50.0,1.0,False,True,1.0,16.0,True,1.0,True,True,False,False,True,False,none,True,True,False,16.0,20.0,3.0,False,True
7,7.0,7.0,7.0,7.0,7.0,7.0,7.0,7.0,7.0,7.0,7.0,7.0,,,,,,,,,0.3759101844347796,0.4451498597371917,"[0.64357198 0.31016043 0.64926591 0.6144     0.68987342 0.29233512
 0.45791246 0.50226244 0.33522727 0.33064516 0.66407767 0.41042345
 0.73716012 0.48275862 0.28947368 0.10958904 0.32467532 0.
 0.22       0.36199095 0.53908356 0.35947712 0.3902439  0.13333333
 0.2972973  0.75652174 0.37554585 0.27218935 0.44186047 0.42465753
 0.14705882 0.24786325 0.42307692 0.12871287 0.32835821 0.21978022
 0.39800995 0.43283582 0.25       0.2208589  0.03870968 0.48076923
 0.53617021 0.20689655 0.61935484 0.47142857 0.33333333 0.38181818
 0.01904762 0.49541284]",0.8010166523363297,0.8287901816827823,"[0.75080675 0.72980019 0.87861133 0.85240285 0.89630511 0.74206379
 0.83290104 0.85225048 0.73190377 0.77841665 0.84928169 0.80763403
 0.95549251 0.79575472 0.69597949 0.66098458 0.81799864 0.60862805
 0.7063088  0.74541772 0.92058223 0.73222747 0.82969102 0.73153818
 0.75955971 0.96747303 0.79114694 0.74287305 0.83892023 0.85486498
 0.82412196 0.71050849 0.85346458 0.67894443 0.85767508 0.81219284
 0.80761377 0.80580051 0.7993854  0.76166915 0.61132385 0.87947456
 0.93782671 0.76576463 0.90772332 0.89234061 0.79106046 0.86539523
 0.78951267 0.84121535]",0.4658486707566462,0.5651300544331335,1467.0,0.3738218317628082,0.4537986712111455,"[0.56788732 0.47635976 0.59739491 0.61443598 0.68732216 0.28853755
 0.58834001 0.52661753 0.29150253 0.4376392  0.64781491 0.4919852
 0.78310502 0.43745428 0.25556353 0.43661231 0.38558559 0.01769912
 0.18097876 0.26491647 0.6039783  0.41906653 0.31408308 0.14319809
 0.17766497 0.7569386  0.28257888 0.22222222 0.45241038 0.36183395
 0.34663342 0.15128593 0.29847239 0.17123288 0.39676113 0.29015544
 0.32258065 0.37587658 0.24290221 0.10505051 0.035      0.60588235
 0.44495413 0.18068536 0.53015428 0.38107417 0.18103448 0.45060659
 0.12682927 0.34219269]",0.8104460334984916,0.8415467165372459,"[0.75310645 0.74949716 0.83733491 0.85108446 0.88669344 0.77700684
 0.83893189 0.85958618 0.72852624 0.79649513 0.87367413 0.8393791
 0.95771885 0.76246414 0.69168326 0.79189494 0.80160068 0.63375896
 0.70400009 0.70221429 0.92823057 0.83198981 0.78210728 0.74717582
 0.77291153 0.96027495 0.82779813 0.75042834 0.88853701 0.87994769
 0.83656082 0.7117356  0.87137234 0.75671452 0.86751431 0.8210551
 0.83264654 0.81085039 0.77770776 0.7646297  0.72144882 0.90849066
 0.9182157  0.75143288 0.86263701 0.86423155 0.74857255 0.87317107
 0.80769221 0.80956989]",0.4712738242150007,0.5892488667320689,7293.0,7.0,[3.7971245593370564e-05],/home/carnelutti/Codes/ICD_Coding/Multi_modal_continiuous/Data/Saved/Events_HADM_50.json,/home/carnelutti/Codes/CAML-DR/Github_code/mimicdata/mimic3,/home/carnelutti/Codes/ICD_Coding/Multi_modal_continiuous/,Multi_modal,multi_modal,/home/carnelutti/caml_splits.csv,/home/carnelutti,/home/carnelutti/Codes/CAML-DR/PLM_ICD_DIR/RoBERTa-base-PM-M3-Voc-distill-align/RoBERTa-base-PM-M3-Voc-distill-align-hf,/home/carnelutti/Codes/ICD_Coding/Multi_modal_continiuous/Data/Saved/,/home/carnelutti/Codes/ICD_Coding/Multi_modal_continiuous/Data/Events_HADM_50.json,/home/carnelutti/Codes/ICD_Coding/Multi_modal_continiuous/Data/Saved/token_dicts.json,1.0,5e-05,20.0,768.0,"{'num_items': 658, 'num_flags': 3, 'do_value': True}","{'num_specimens': 85, 'num_organisms': 212, 'num_antibiotics': 31, 'num_interpretations': 4}","{'num_gsn': 3297, 'do_value': True, 'num_routes': 72}",50.0,1.0,False,True,1.0,16.0,True,1.0,True,True,False,False,True,False,none,True,True,False,16.0,20.0,3.0,False,True
8,8.0,8.0,8.0,8.0,8.0,8.0,8.0,8.0,8.0,8.0,8.0,,,,,,,,,,0.3960869568825183,0.4743589743589743,"[0.68379447 0.45454545 0.66768293 0.63573883 0.70684932 0.47328244
 0.51733333 0.50462963 0.34210526 0.48648649 0.63539446 0.48863636
 0.74853801 0.44609665 0.34024896 0.05714286 0.43362832 0.04651163
 0.24175824 0.36575875 0.51105651 0.35249042 0.44247788 0.25
 0.2244898  0.82644628 0.3062201  0.36363636 0.43478261 0.384
 0.13793103 0.13541667 0.34579439 0.19246862 0.38356164 0.39316239
 0.43049327 0.3862069  0.18181818 0.2        0.04733728 0.47169811
 0.54135338 0.27488152 0.64634146 0.35294118 0.37735849 0.38888889
 0.12068966 0.42424242]",0.8060791699185259,0.8376145915825775,"[0.74770141 0.72333869 0.88182538 0.85258434 0.89829716 0.73971191
 0.82224069 0.84993823 0.74246862 0.80227489 0.86188766 0.82222179
 0.95555512 0.79399694 0.68924489 0.67643658 0.8138092  0.61589637
 0.69933032 0.76588676 0.91541823 0.74881991 0.81762801 0.72782042
 0.77756273 0.9707374  0.77732381 0.77149839 0.84672826 0.85059781
 0.8245529  0.72123527 0.85021688 0.69699681 0.85357262 0.85760067
 0.82176038 0.78122495 0.80400794 0.78386885 0.62315283 0.86691352
 0.94294007 0.78063073 0.91435573 0.88720509 0.81787274 0.87281931
 0.79432389 0.84992537]",0.4770279481935924,0.5769024394175046,1467.0,0.3897687447085009,0.465399751925639,"[0.60993163 0.4683908  0.59053435 0.61894587 0.69381599 0.33313504
 0.60644576 0.53474576 0.29063756 0.44609241 0.65306122 0.51382913
 0.7792356  0.45619117 0.26432749 0.45772152 0.39672429 0.00750939
 0.19350074 0.26789838 0.58421673 0.42224317 0.32335329 0.18815331
 0.23444976 0.75972927 0.31283422 0.23592493 0.51219512 0.39035591
 0.37283951 0.18983051 0.33218786 0.1951952  0.42441054 0.28497409
 0.34146341 0.37516869 0.25081433 0.14312618 0.04030227 0.61516035
 0.46546227 0.20580475 0.54143646 0.42007001 0.18295218 0.4626087
 0.10282776 0.39567233]",0.8179982828349925,0.8462017371618674,"[0.77494001 0.76777969 0.84105186 0.86243857 0.89119308 0.78000211
 0.84535428 0.85831862 0.73868237 0.79979486 0.87074796 0.85722554
 0.95890851 0.78076967 0.68179846 0.80657268 0.80418277 0.65295433
 0.70193873 0.70774263 0.92858751 0.82878913 0.79066537 0.77041966
 0.78401925 0.96338085 0.83876829 0.75547115 0.89902955 0.88678665
 0.85427985 0.7288372  0.87691785 0.76522127 0.8745943  0.79291688
 0.84837343 0.82974486 0.79800595 0.7765195  0.74609944 0.9131853
 0.9226319  0.75307018 0.87519725 0.8816216  0.75028956 0.85479874
 0.8022529  0.82704203]",0.4773778568495962,0.598787046874362,7307.0,8.0,[2.5962661838921717e-05],/home/carnelutti/Codes/ICD_Coding/Multi_modal_continiuous/Data/Saved/Events_HADM_50.json,/home/carnelutti/Codes/CAML-DR/Github_code/mimicdata/mimic3,/home/carnelutti/Codes/ICD_Coding/Multi_modal_continiuous/,Multi_modal,multi_modal,/home/carnelutti/caml_splits.csv,/home/carnelutti,/home/carnelutti/Codes/CAML-DR/PLM_ICD_DIR/RoBERTa-base-PM-M3-Voc-distill-align/RoBERTa-base-PM-M3-Voc-distill-align-hf,/home/carnelutti/Codes/ICD_Coding/Multi_modal_continiuous/Data/Saved/,/home/carnelutti/Codes/ICD_Coding/Multi_modal_continiuous/Data/Events_HADM_50.json,/home/carnelutti/Codes/ICD_Coding/Multi_modal_continiuous/Data/Saved/token_dicts.json,1.0,5e-05,20.0,768.0,"{'num_items': 658, 'num_flags': 3, 'do_value': True}","{'num_specimens': 85, 'num_organisms': 212, 'num_antibiotics': 31, 'num_interpretations': 4}","{'num_gsn': 3297, 'do_value': True, 'num_routes': 72}",50.0,1.0,False,True,1.0,16.0,True,1.0,True,True,False,False,True,False,none,True,True,False,16.0,20.0,3.0,False,True
9,9.0,9.0,9.0,9.0,9.0,9.0,9.0,9.0,9.0,9.0,,,,,,,,,,,0.4040083222164367,0.4803881372147054,"[0.66666667 0.36065574 0.6616085  0.63157895 0.71650212 0.52955083
 0.54084507 0.58718861 0.36516854 0.44966443 0.65853659 0.5026455
 0.78651685 0.46715328 0.3326226  0.17204301 0.42162162 0.03
 0.21993127 0.38738739 0.54237288 0.36431227 0.432      0.05128205
 0.26605505 0.85258964 0.30917874 0.31055901 0.44554455 0.3828125
 0.16216216 0.22857143 0.34545455 0.16267943 0.42285714 0.33333333
 0.44444444 0.39705882 0.22641509 0.13333333 0.05988024 0.48598131
 0.57983193 0.24806202 0.61077844 0.48120301 0.36956522 0.45801527
 0.10619469 0.5       ]",0.8075368610192705,0.8387554694592311,"[0.74925876 0.73650203 0.87656303 0.84917336 0.90026216 0.75646602
 0.82784787 0.85974787 0.74639737 0.8010101  0.85974892 0.8227668
 0.95847846 0.78014433 0.6922072  0.68016819 0.81723758 0.61971882
 0.69891576 0.76793962 0.92498014 0.75177125 0.82385709 0.73256815
 0.78096406 0.9744856  0.77543528 0.77457313 0.83849781 0.86121418
 0.82033326 0.71875588 0.86141141 0.70374934 0.85845063 0.83003831
 0.82927716 0.7802006  0.81799742 0.76159165 0.6125205  0.86415917
 0.94863087 0.78543458 0.92160474 0.90170087 0.82644508 0.85538399
 0.79504346 0.84521322]",0.4816632583503749,0.5822347562885768,1467.0,0.4066843797579363,0.4807896735003796,"[0.62517241 0.49157509 0.59716535 0.62161185 0.71683522 0.36107987
 0.62034962 0.57408907 0.29565217 0.43473193 0.67050596 0.55121951
 0.77112676 0.45434298 0.28335171 0.47736626 0.386679   0.02002503
 0.21241379 0.2735426  0.59850661 0.44837758 0.39147287 0.20296465
 0.28106852 0.75107666 0.33602151 0.24343015 0.51628468 0.43458476
 0.39650873 0.16610169 0.33114035 0.23042836 0.47138965 0.28266667
 0.41315789 0.37202797 0.24918033 0.19577735 0.05339806 0.61383285
 0.50732807 0.25063939 0.51040222 0.42379182 0.1980198  0.49310345
 0.16317016 0.36952998]",0.826696767688893,0.8519493237593999,"[0.78011096 0.77355237 0.85291465 0.86659247 0.90146505 0.79340573
 0.8555432  0.87089924 0.74702458 0.80729292 0.87700356 0.86981046
 0.95557279 0.77903215 0.69438254 0.81720767 0.80630766 0.67496988
 0.71507756 0.71694349 0.93141433 0.83583471 0.81279868 0.77245743
 0.80661242 0.96728604 0.84218658 0.77309785 0.89975601 0.89291494
 0.84197424 0.73065211 0.87639225 0.76857042 0.88519183 0.84095924
 0.85246029 0.83582317 0.80322507 0.79460737 0.76917594 0.9066736
 0.92523558 0.76840701 0.86438896 0.88824854 0.77919027 0.8696591
 0.81262815 0.83190732]",0.4873783746745238,0.6131224527921074,7297.0,9.0,[1.3964089269893315e-05],/home/carnelutti/Codes/ICD_Coding/Multi_modal_continiuous/Data/Saved/Events_HADM_50.json,/home/carnelutti/Codes/CAML-DR/Github_code/mimicdata/mimic3,/home/carnelutti/Codes/ICD_Coding/Multi_modal_continiuous/,Multi_modal,multi_modal,/home/carnelutti/caml_splits.csv,/home/carnelutti,/home/carnelutti/Codes/CAML-DR/PLM_ICD_DIR/RoBERTa-base-PM-M3-Voc-distill-align/RoBERTa-base-PM-M3-Voc-distill-align-hf,/home/carnelutti/Codes/ICD_Coding/Multi_modal_continiuous/Data/Saved/,/home/carnelutti/Codes/ICD_Coding/Multi_modal_continiuous/Data/Events_HADM_50.json,/home/carnelutti/Codes/ICD_Coding/Multi_modal_continiuous/Data/Saved/token_dicts.json,1.0,5e-05,20.0,768.0,"{'num_items': 658, 'num_flags': 3, 'do_value': True}","{'num_specimens': 85, 'num_organisms': 212, 'num_antibiotics': 31, 'num_interpretations': 4}","{'num_gsn': 3297, 'do_value': True, 'num_routes': 72}",50.0,1.0,False,True,1.0,16.0,True,1.0,True,True,False,False,True,False,none,True,True,False,16.0,20.0,3.0,False,True
10,10.0,10.0,10.0,10.0,10.0,10.0,10.0,10.0,10.0,,,,,,,,,,,,0.4096422276228057,0.4747223157186133,"[0.64573991 0.42411642 0.64114833 0.6380789  0.71724138 0.50245098
 0.48026316 0.56466302 0.37470726 0.42446043 0.65560166 0.48876404
 0.77011494 0.45255474 0.34962406 0.15730337 0.34567901 0.039801
 0.23178808 0.38565022 0.52906977 0.38853503 0.40851064 0.13513514
 0.28215768 0.83471074 0.32579186 0.3373494  0.45685279 0.43771044
 0.18421053 0.23111111 0.46616541 0.18099548 0.425      0.28571429
 0.46376812 0.40601504 0.23300971 0.20930233 0.05882353 0.5
 0.55776892 0.28363636 0.61728395 0.47482014 0.39800995 0.42622951
 0.18487395 0.46979866]",0.8072382537853164,0.8391475182079566,"[0.74771077 0.73880188 0.87674174 0.8546901  0.90091634 0.75283428
 0.82443991 0.85699851 0.74226249 0.80127342 0.86052223 0.81470759
 0.95633389 0.78640542 0.68411392 0.68665032 0.8173463  0.61534973
 0.69991496 0.77181165 0.92242651 0.75332249 0.81866528 0.72612027
 0.77828264 0.97280614 0.77812989 0.77593417 0.83604502 0.85989487
 0.82329599 0.71637058 0.86180625 0.68829823 0.86191525 0.82965524
 0.82678859 0.78137637 0.8207222  0.76618778 0.6174242  0.87807216
 0.95024921 0.78677715 0.90716206 0.89764073 0.82481798 0.8580632
 0.80101163 0.85282516]",0.474573960463531,0.5767989590958063,1467.0,0.4226413070602972,0.4920271274901003,"[0.63764094 0.50145349 0.60682111 0.6287796  0.71432936 0.38154192
 0.62316176 0.57244656 0.3120407  0.4558992  0.66942833 0.5456775
 0.77972028 0.47238372 0.27068558 0.51593625 0.38746439 0.05084746
 0.21820709 0.28070175 0.63272727 0.48423006 0.36935167 0.27147402
 0.27954545 0.75979557 0.34214186 0.29590489 0.5210084  0.46635731
 0.40143369 0.21913043 0.3850385  0.22766571 0.47058824 0.34285714
 0.40990371 0.40109141 0.2364532  0.19294991 0.07843137 0.61695906
 0.50953984 0.2467986  0.57858136 0.4621118  0.20450607 0.50993377
 0.17703349 0.41335453]",0.8342488600250829,0.8563908916497922,"[0.78679818 0.77814701 0.86053342 0.87061414 0.90095862 0.79618029
 0.85757873 0.87400153 0.74752884 0.81201931 0.88312373 0.86671692
 0.95292456 0.78601207 0.70363154 0.82794031 0.81333978 0.67831569
 0.71419524 0.71427499 0.93728211 0.84771022 0.80944296 0.78951482
 0.81974292 0.96229186 0.85140164 0.80149117 0.90264739 0.8988982
 0.85804068 0.76127209 0.88745807 0.79397849 0.88890945 0.83482394
 0.86853264 0.82886108 0.81617154 0.80431949 0.78108585 0.92148453
 0.9373658  0.77756121 0.88399376 0.89605508 0.78926147 0.87165785
 0.82305917 0.84329259]",0.4939547635366689,0.6231192873178426,7295.0,10.0,[5.192610123340946e-06],/home/carnelutti/Codes/ICD_Coding/Multi_modal_continiuous/Data/Saved/Events_HADM_50.json,/home/carnelutti/Codes/CAML-DR/Github_code/mimicdata/mimic3,/home/carnelutti/Codes/ICD_Coding/Multi_modal_continiuous/,Multi_modal,multi_modal,/home/carnelutti/caml_splits.csv,/home/carnelutti,/home/carnelutti/Codes/CAML-DR/PLM_ICD_DIR/RoBERTa-base-PM-M3-Voc-distill-align/RoBERTa-base-PM-M3-Voc-distill-align-hf,/home/carnelutti/Codes/ICD_Coding/Multi_modal_continiuous/Data/Saved/,/home/carnelutti/Codes/ICD_Coding/Multi_modal_continiuous/Data/Events_HADM_50.json,/home/carnelutti/Codes/ICD_Coding/Multi_modal_continiuous/Data/Saved/token_dicts.json,1.0,5e-05,20.0,768.0,"{'num_items': 658, 'num_flags': 3, 'do_value': True}","{'num_specimens': 85, 'num_organisms': 212, 'num_antibiotics': 31, 'num_interpretations': 4}","{'num_gsn': 3297, 'do_value': True, 'num_routes': 72}",50.0,1.0,False,True,1.0,16.0,True,1.0,True,True,False,False,True,False,none,True,True,False,16.0,20.0,3.0,False,True
11,11.0,11.0,11.0,11.0,11.0,11.0,11.0,11.0,,,,,,,,,,,,,0.4114886085018018,0.4771254925532626,"[0.66993693 0.4118896  0.64454976 0.64309764 0.71875    0.48110831
 0.48734177 0.54275093 0.37799043 0.41176471 0.65271967 0.47536232
 0.77419355 0.48275862 0.35621521 0.11494253 0.34939759 0.07511737
 0.24528302 0.39473684 0.53488372 0.37671233 0.41201717 0.20765027
 0.25116279 0.83471074 0.3255814  0.3190184  0.45128205 0.41992883
 0.20779221 0.25423729 0.44787645 0.2248996  0.43478261 0.3030303
 0.4587156  0.42424242 0.23300971 0.15189873 0.08333333 0.50943396
 0.54474708 0.26022305 0.61728395 0.48175182 0.4        0.41025641
 0.19834711 0.48571429]",0.8069623862862672,0.8379803176149903,"[0.74756476 0.7345368  0.87719264 0.85392189 0.90089913 0.74844557
 0.82227846 0.85386906 0.74213943 0.79950358 0.85890118 0.81553477
 0.95742183 0.78510724 0.68653733 0.69085494 0.81301915 0.61490837
 0.69849588 0.77059276 0.92095108 0.75638496 0.8177268  0.72596507
 0.77879389 0.97349016 0.77699217 0.77978223 0.83391246 0.85780767
 0.82238023 0.71943336 0.85955956 0.70017994 0.86236464 0.82439503
 0.82997907 0.78102008 0.82022599 0.75870641 0.61861831 0.87581218
 0.94848651 0.78568632 0.91202372 0.89965983 0.82306426 0.85579303
 0.80467295 0.85252665]",0.4736196319018405,0.5776235136759319,1467.0,0.4301063110221982,0.4973530690901456,"[0.63958513 0.5003663  0.60443038 0.62745098 0.73178017 0.39398998
 0.63970246 0.58828218 0.32703003 0.4516129  0.69597677 0.57371993
 0.7747958  0.45621781 0.27901907 0.51165147 0.42651297 0.03883495
 0.25109856 0.30666667 0.60448642 0.46679317 0.38582677 0.27659574
 0.30819672 0.76793249 0.33557047 0.27696405 0.5508982  0.46327684
 0.41647059 0.22539683 0.37486688 0.21592443 0.48612946 0.28496042
 0.41193182 0.41758242 0.2796748  0.22103387 0.0631068  0.63597122
 0.5115258  0.25985091 0.5679677  0.48557692 0.24080268 0.53242321
 0.19385343 0.425     ]",0.8380130244655303,0.8592279688870561,"[0.79036986 0.7860546  0.86230609 0.87471915 0.90860709 0.80325666
 0.86045438 0.88454274 0.75438496 0.81919855 0.88325799 0.87045714
 0.95470515 0.78455951 0.71107792 0.8279709  0.82441063 0.68256372
 0.71386254 0.73070439 0.93620507 0.85598775 0.82398295 0.80536426
 0.81501463 0.96495023 0.85697551 0.78646065 0.90720617 0.90379228
 0.85870859 0.75949715 0.89492294 0.79791944 0.89415423 0.84094041
 0.86321446 0.82759928 0.81976511 0.802269   0.7834787  0.930456
 0.93241138 0.78288453 0.88919103 0.90544399 0.7955878  0.88719663
 0.81850519 0.83310187]",0.4982306953778632,0.6291334299650866,7291.0,11.0,[1.999998791327834e-06],/home/carnelutti/Codes/ICD_Coding/Multi_modal_continiuous/Data/Saved/Events_HADM_50.json,/home/carnelutti/Codes/CAML-DR/Github_code/mimicdata/mimic3,/home/carnelutti/Codes/ICD_Coding/Multi_modal_continiuous/,Multi_modal,multi_modal,/home/carnelutti/caml_splits.csv,/home/carnelutti,/home/carnelutti/Codes/CAML-DR/PLM_ICD_DIR/RoBERTa-base-PM-M3-Voc-distill-align/RoBERTa-base-PM-M3-Voc-distill-align-hf,/home/carnelutti/Codes/ICD_Coding/Multi_modal_continiuous/Data/Saved/,/home/carnelutti/Codes/ICD_Coding/Multi_modal_continiuous/Data/Events_HADM_50.json,/home/carnelutti/Codes/ICD_Coding/Multi_modal_continiuous/Data/Saved/token_dicts.json,1.0,5e-05,20.0,768.0,"{'num_items': 658, 'num_flags': 3, 'do_value': True}","{'num_specimens': 85, 'num_organisms': 212, 'num_antibiotics': 31, 'num_interpretations': 4}","{'num_gsn': 3297, 'do_value': True, 'num_routes': 72}",50.0,1.0,False,True,1.0,16.0,True,1.0,True,True,False,False,True,False,none,True,True,False,16.0,20.0,3.0,False,True
12,12.0,12.0,12.0,12.0,12.0,12.0,12.0,,,,,,,,,,,,,,0.4093070401108825,0.471736204576043,"[0.6547534  0.40860215 0.62745098 0.63589744 0.72054795 0.46571798
 0.485623   0.56115108 0.36049383 0.43661972 0.65254237 0.48587571
 0.76246334 0.47686833 0.35036496 0.15730337 0.39325843 0.04878049
 0.23564955 0.38297872 0.53025937 0.37671233 0.4137931  0.22485207
 0.25       0.83471074 0.32258065 0.35294118 0.43979058 0.42957746
 0.18666667 0.22608696 0.4296875  0.21259843 0.425      0.29411765
 0.46153846 0.42335766 0.22857143 0.15483871 0.04938272 0.51923077
 0.56540084 0.2519084  0.62111801 0.45205479 0.3814433  0.41025641
 0.20472441 0.48920863]",0.8065588457988025,0.837510382808832,"[0.74600367 0.7339953  0.87696444 0.85353156 0.89943337 0.7464525
 0.82356274 0.85353964 0.73823529 0.80066045 0.86063548 0.81630784
 0.95698352 0.78434124 0.68618133 0.68330413 0.8134178  0.61558053
 0.69624767 0.7750834  0.92186471 0.75640718 0.81554799 0.72742536
 0.77857478 0.97370704 0.77715799 0.78090819 0.83453929 0.85860132
 0.825325   0.71729741 0.85834168 0.69788183 0.86269806 0.82873961
 0.83210393 0.78350525 0.81840657 0.75911773 0.61751586 0.87399613
 0.94806103 0.78372841 0.91135178 0.89854055 0.81502374 0.85557828
 0.80457419 0.85095949]",0.4734832992501705,0.5772591371027568,1467.0,0.4334123414092726,0.4992478963437337,"[0.65396605 0.48489315 0.62075472 0.62966993 0.7265234  0.38105607
 0.64292237 0.58866995 0.32336656 0.44323671 0.67867376 0.55575868
 0.76633314 0.46743849 0.29764454 0.53067332 0.37706511 0.05569007
 0.25124378 0.29588432 0.61404527 0.50969529 0.39613527 0.29308566
 0.32484076 0.75873828 0.35466667 0.31011827 0.56532067 0.45979615
 0.40193705 0.2265861  0.4004171  0.22194199 0.47258486 0.29032258
 0.46008119 0.41935484 0.27027027 0.19889503 0.10599078 0.62371889
 0.5125523  0.25742574 0.56551724 0.45301205 0.26623377 0.52173913
 0.20547945 0.43865031]",0.8399626160008467,0.8597806933825057,"[0.79885418 0.78304781 0.86038636 0.87522476 0.90978169 0.80513327
 0.86324962 0.87844022 0.75124744 0.81062946 0.88231174 0.87354737
 0.95874679 0.79496649 0.71549829 0.83583585 0.81327072 0.69661891
 0.72735802 0.72351651 0.93399899 0.85496363 0.81901023 0.80264353
 0.82558593 0.9686266  0.85772341 0.79612264 0.91235488 0.90623902
 0.86217585 0.74877781 0.89615436 0.79944247 0.89968483 0.83746403
 0.8740848  0.84324492 0.82563567 0.80764007 0.78786874 0.91989299
 0.93478848 0.7856843  0.88824038 0.89974191 0.79347623 0.8863934
 0.83103811 0.84176708]",0.4999177631578947,0.6308462707121962,7296.0,12.0,[1.9233283889794216e-06],/home/carnelutti/Codes/ICD_Coding/Multi_modal_continiuous/Data/Saved/Events_HADM_50.json,/home/carnelutti/Codes/CAML-DR/Github_code/mimicdata/mimic3,/home/carnelutti/Codes/ICD_Coding/Multi_modal_continiuous/,Multi_modal,multi_modal,/home/carnelutti/caml_splits.csv,/home/carnelutti,/home/carnelutti/Codes/CAML-DR/PLM_ICD_DIR/RoBERTa-base-PM-M3-Voc-distill-align/RoBERTa-base-PM-M3-Voc-distill-align-hf,/home/carnelutti/Codes/ICD_Coding/Multi_modal_continiuous/Data/Saved/,/home/carnelutti/Codes/ICD_Coding/Multi_modal_continiuous/Data/Events_HADM_50.json,/home/carnelutti/Codes/ICD_Coding/Multi_modal_continiuous/Data/Saved/token_dicts.json,1.0,5e-05,20.0,768.0,"{'num_items': 658, 'num_flags': 3, 'do_value': True}","{'num_specimens': 85, 'num_organisms': 212, 'num_antibiotics': 31, 'num_interpretations': 4}","{'num_gsn': 3297, 'do_value': True, 'num_routes': 72}",50.0,1.0,False,True,1.0,16.0,True,1.0,True,True,False,False,True,False,none,True,True,False,16.0,20.0,3.0,False,True
13,13.0,13.0,13.0,13.0,13.0,13.0,,,,,,,,,,,,,,,0.4119532280587987,0.4745965331739391,"[0.65517241 0.40692641 0.64296754 0.63893511 0.72096128 0.4764268
 0.48387097 0.56272401 0.36538462 0.44912281 0.65671642 0.48044693
 0.7638484  0.46975089 0.34469697 0.14736842 0.39053254 0.07511737
 0.24855491 0.4        0.52513966 0.38487973 0.40983607 0.20731707
 0.25663717 0.82987552 0.33484163 0.36781609 0.45360825 0.42611684
 0.18421053 0.24137931 0.43243243 0.20392157 0.43373494 0.31372549
 0.46363636 0.41428571 0.22222222 0.17391304 0.07272727 0.51428571
 0.56451613 0.24427481 0.6097561  0.46478873 0.3880597  0.41025641
 0.19512195 0.47482014]",0.806674006511616,0.8377242035453991,"[0.74732892 0.73262026 0.87678573 0.85450364 0.90026954 0.74463663
 0.82412933 0.85357765 0.73891213 0.80064318 0.86041222 0.81711182
 0.95767229 0.78397033 0.68894441 0.69092502 0.81617935 0.61540237
 0.69560457 0.77415778 0.92135399 0.75797619 0.81794084 0.72371466
 0.77851218 0.97405183 0.77643943 0.77639817 0.83584062 0.8551845
 0.82634849 0.71696808 0.85513291 0.69723151 0.86382877 0.8294964
 0.83105745 0.7824898  0.820078   0.76116244 0.61644143 0.87471246
 0.94797745 0.78172156 0.91113043 0.89920992 0.8151567  0.85654975
 0.80554066 0.85026652]",0.4743012951601908,0.5771347205413176,1467.0,0.4367103721736531,0.5006036937111512,"[0.64390756 0.50483991 0.61162274 0.63886875 0.72213967 0.38882804
 0.64170134 0.58570268 0.33424658 0.46953405 0.68427569 0.57575758
 0.76404494 0.47819767 0.27692308 0.52437811 0.36831683 0.04368932
 0.24102252 0.28162816 0.60884354 0.4934334  0.42035815 0.26968716
 0.34937238 0.77249576 0.35408022 0.29128739 0.54830918 0.46703911
 0.42298289 0.24107143 0.39578947 0.25653798 0.50659631 0.3255814
 0.45103093 0.45135135 0.28282828 0.21189591 0.08232446 0.61200586
 0.51592357 0.25349087 0.57336957 0.48883666 0.23115578 0.53355705
 0.21412301 0.43053435]",0.8409581056139547,0.86055189372994,"[0.79682753 0.78611604 0.86162824 0.87577219 0.91019316 0.80962946
 0.86372539 0.88032291 0.76500123 0.81920599 0.88269151 0.87349454
 0.95976461 0.79007801 0.71156926 0.84056298 0.82179266 0.6946517
 0.72328104 0.72319748 0.93738484 0.85183008 0.81875402 0.8060908
 0.82923603 0.96816395 0.85557626 0.79259746 0.90531395 0.90217331
 0.86354931 0.75868009 0.89472668 0.80514008 0.89290142 0.82605705
 0.86210549 0.84048063 0.82662897 0.81351612 0.78685667 0.91631411
 0.93652155 0.78489074 0.8965801  0.90425933 0.80330988 0.89581619
 0.8354494  0.84749484]",0.5003850385038504,0.6304753623078961,7272.0,13.0,[1.706173492719505e-06],/home/carnelutti/Codes/ICD_Coding/Multi_modal_continiuous/Data/Saved/Events_HADM_50.json,/home/carnelutti/Codes/CAML-DR/Github_code/mimicdata/mimic3,/home/carnelutti/Codes/ICD_Coding/Multi_modal_continiuous/,Multi_modal,multi_modal,/home/carnelutti/caml_splits.csv,/home/carnelutti,/home/carnelutti/Codes/CAML-DR/PLM_ICD_DIR/RoBERTa-base-PM-M3-Voc-distill-align/RoBERTa-base-PM-M3-Voc-distill-align-hf,/home/carnelutti/Codes/ICD_Coding/Multi_modal_continiuous/Data/Saved/,/home/carnelutti/Codes/ICD_Coding/Multi_modal_continiuous/Data/Events_HADM_50.json,/home/carnelutti/Codes/ICD_Coding/Multi_modal_continiuous/Data/Saved/token_dicts.json,1.0,5e-05,20.0,768.0,"{'num_items': 658, 'num_flags': 3, 'do_value': True}","{'num_specimens': 85, 'num_organisms': 212, 'num_antibiotics': 31, 'num_interpretations': 4}","{'num_gsn': 3297, 'do_value': True, 'num_routes': 72}",50.0,1.0,False,True,1.0,16.0,True,1.0,True,True,False,False,True,False,none,True,True,False,16.0,20.0,3.0,False,True
14,14.0,14.0,14.0,14.0,14.0,,,,,,,,,,,,,,,,0.4102106376572597,0.4720513506285103,"[0.6517341  0.40522876 0.62884927 0.6409396  0.71351351 0.47690387
 0.48902821 0.56373429 0.34889435 0.44210526 0.6625     0.48450704
 0.7696793  0.46263345 0.34782609 0.15384615 0.37869822 0.05769231
 0.24561404 0.38655462 0.53005464 0.36236934 0.39830508 0.19753086
 0.23584906 0.825      0.32407407 0.33333333 0.45405405 0.40972222
 0.2195122  0.24137931 0.42911877 0.23938224 0.425      0.2970297
 0.46363636 0.42028986 0.24299065 0.15384615 0.08383234 0.51923077
 0.5503876  0.26217228 0.62111801 0.48888889 0.37681159 0.40677966
 0.192      0.49635036]",0.8063883615390098,0.8373277737343352,"[0.74568733 0.73404702 0.87692595 0.85333516 0.89936943 0.74391466
 0.82510304 0.85302018 0.73818299 0.80032807 0.86149939 0.81597155
 0.9592181  0.78141429 0.68866027 0.68728101 0.81310613 0.61362477
 0.69790593 0.77333755 0.92201793 0.75768284 0.81665112 0.722466
 0.77813136 0.97346791 0.77661446 0.77619401 0.83858638 0.85617914
 0.82387057 0.71677048 0.85660105 0.70079114 0.86505371 0.83071102
 0.8313765  0.78083302 0.81968626 0.76101341 0.61753623 0.87485371
 0.94904115 0.78284036 0.91006324 0.8988478  0.81138335 0.85548625
 0.80389695 0.84883795]",0.4725289706884799,0.575717304911389,1467.0,0.4355562283227078,0.5011533002129169,"[0.64958735 0.48720801 0.62754942 0.62979031 0.72868217 0.39764832
 0.63814292 0.59045327 0.33333333 0.47314286 0.67795211 0.5788207
 0.77400468 0.46947674 0.28276237 0.53197674 0.38526912 0.03846154
 0.24984539 0.30802603 0.6119144  0.49953227 0.39810427 0.29350105
 0.31096912 0.75838349 0.35836627 0.33036849 0.56367925 0.47764449
 0.42568371 0.22629969 0.4080402  0.23443223 0.47718383 0.27322404
 0.43678161 0.40673212 0.30569106 0.22018349 0.11188811 0.61979914
 0.5        0.25168539 0.56486486 0.47961631 0.23701299 0.53109244
 0.19545455 0.41754917]",0.8392632040236367,0.8592487115675104,"[0.79438556 0.77974054 0.86457954 0.87275498 0.90813556 0.80969958
 0.85994112 0.87879163 0.758318   0.81141309 0.88373446 0.8647151
 0.96233794 0.79322178 0.7075906  0.84035022 0.80166287 0.69215903
 0.72465181 0.7288582  0.9372607  0.85330807 0.81140767 0.79684882
 0.82390411 0.97019049 0.86031788 0.79783607 0.90239792 0.90548076
 0.85395097 0.75617007 0.89468934 0.801925   0.88422873 0.83713459
 0.87447867 0.83480751 0.822627   0.81066161 0.79150327 0.92478122
 0.94005389 0.77818638 0.90430833 0.90277428 0.80037275 0.88602673
 0.82936819 0.83911756]",0.5001508295625943,0.6293387731965339,7293.0,14.0,[1.3815778174789077e-06],/home/carnelutti/Codes/ICD_Coding/Multi_modal_continiuous/Data/Saved/Events_HADM_50.json,/home/carnelutti/Codes/CAML-DR/Github_code/mimicdata/mimic3,/home/carnelutti/Codes/ICD_Coding/Multi_modal_continiuous/,Multi_modal,multi_modal,/home/carnelutti/caml_splits.csv,/home/carnelutti,/home/carnelutti/Codes/CAML-DR/PLM_ICD_DIR/RoBERTa-base-PM-M3-Voc-distill-align/RoBERTa-base-PM-M3-Voc-distill-align-hf,/home/carnelutti/Codes/ICD_Coding/Multi_modal_continiuous/Data/Saved/,/home/carnelutti/Codes/ICD_Coding/Multi_modal_continiuous/Data/Events_HADM_50.json,/home/carnelutti/Codes/ICD_Coding/Multi_modal_continiuous/Data/Saved/token_dicts.json,1.0,5e-05,20.0,768.0,"{'num_items': 658, 'num_flags': 3, 'do_value': True}","{'num_specimens': 85, 'num_organisms': 212, 'num_antibiotics': 31, 'num_interpretations': 4}","{'num_gsn': 3297, 'do_value': True, 'num_routes': 72}",50.0,1.0,False,True,1.0,16.0,True,1.0,True,True,False,False,True,False,none,True,True,False,16.0,20.0,3.0,False,True
15,15.0,15.0,15.0,15.0,,,,,,,,,,,,,,,,,0.4120324641768451,0.4755467196819085,"[0.65957447 0.40268456 0.64536741 0.63157895 0.72391017 0.49394673
 0.49844237 0.55147059 0.35849057 0.44912281 0.65822785 0.4815864
 0.76832845 0.47017544 0.35842294 0.14117647 0.38857143 0.07476636
 0.24855491 0.39495798 0.53221289 0.37800687 0.40517241 0.21468927
 0.24770642 0.82987552 0.32258065 0.36571429 0.44680851 0.41258741
 0.20512821 0.25833333 0.42911877 0.2109375  0.425      0.28282828
 0.45454545 0.4057971  0.21153846 0.19277108 0.08433735 0.51428571
 0.55335968 0.23574144 0.625      0.45517241 0.3960396  0.41025641
 0.19672131 0.5       ]",0.8061695452142302,0.8376224260704543,"[0.74577156 0.73153421 0.87726963 0.85299704 0.89945551 0.74443098
 0.82385233 0.85223148 0.73821068 0.80060865 0.86049634 0.81820185
 0.95930028 0.78110385 0.68677249 0.68403994 0.81351202 0.6164167
 0.69723625 0.77317259 0.92184769 0.75857624 0.81644805 0.72334076
 0.77826178 0.97417974 0.77553662 0.77827889 0.83579974 0.855839
 0.82403218 0.71621533 0.85616172 0.69932915 0.8619225  0.82956181
 0.83234641 0.77966615 0.81976461 0.76202683 0.61671131 0.87496469
 0.94926149 0.7843018  0.90977866 0.89911116 0.81282051 0.85300133
 0.80400277 0.84877399]",0.4747102931152011,0.5756914613550281,1467.0,0.4371546183028383,0.5022841993319652,"[0.63798531 0.49321267 0.62801014 0.63688761 0.7292984  0.40086674
 0.64126394 0.583971   0.3382273  0.43111639 0.6907131  0.56912585
 0.77915927 0.46814815 0.28903654 0.53115727 0.382643   0.04121212
 0.26520681 0.30685528 0.61962134 0.49168207 0.40508806 0.27089947
 0.34957627 0.77386071 0.35245902 0.32010582 0.56971154 0.46532438
 0.39460784 0.2015748  0.3987667  0.24289406 0.4753004  0.3027027
 0.45128205 0.44148936 0.28618968 0.21414914 0.08252427 0.64809384
 0.51319958 0.27570621 0.59920107 0.48536585 0.20826446 0.51448041
 0.22377622 0.43573668]",0.8416739558252037,0.8619531291087195,"[0.79231298 0.78091406 0.86561598 0.87691038 0.91125009 0.81053744
 0.85974149 0.88164089 0.76075024 0.8130196  0.88737666 0.87284843
 0.96473572 0.79640642 0.71666656 0.83669168 0.81551518 0.69630365
 0.72721931 0.73718584 0.94023385 0.84848279 0.81524075 0.79503177
 0.8317163  0.96792225 0.86373239 0.79118816 0.9167066  0.90407373
 0.85809431 0.75255218 0.89640923 0.80923354 0.89761592 0.82442345
 0.87285968 0.84586766 0.83431216 0.81116595 0.78570474 0.9198146
 0.94083197 0.7858323  0.90311698 0.89807815 0.80223878 0.8949568
 0.83174627 0.84087192]",0.5017640573318634,0.6313990334087496,7256.0,15.0,[9.989339726123395e-07],/home/carnelutti/Codes/ICD_Coding/Multi_modal_continiuous/Data/Saved/Events_HADM_50.json,/home/carnelutti/Codes/CAML-DR/Github_code/mimicdata/mimic3,/home/carnelutti/Codes/ICD_Coding/Multi_modal_continiuous/,Multi_modal,multi_modal,/home/carnelutti/caml_splits.csv,/home/carnelutti,/home/carnelutti/Codes/CAML-DR/PLM_ICD_DIR/RoBERTa-base-PM-M3-Voc-distill-align/RoBERTa-base-PM-M3-Voc-distill-align-hf,/home/carnelutti/Codes/ICD_Coding/Multi_modal_continiuous/Data/Saved/,/home/carnelutti/Codes/ICD_Coding/Multi_modal_continiuous/Data/Events_HADM_50.json,/home/carnelutti/Codes/ICD_Coding/Multi_modal_continiuous/Data/Saved/token_dicts.json,1.0,5e-05,20.0,768.0,"{'num_items': 658, 'num_flags': 3, 'do_value': True}","{'num_specimens': 85, 'num_organisms': 212, 'num_antibiotics': 31, 'num_interpretations': 4}","{'num_gsn': 3297, 'do_value': True, 'num_routes': 72}",50.0,1.0,False,True,1.0,16.0,True,1.0,True,True,False,False,True,False,none,True,True,False,16.0,20.0,3.0,False,True
16,16.0,16.0,16.0,,,,,,,,,,,,,,,,,,0.4117889265219973,0.4759836820634294,"[0.66387142 0.39461883 0.64297254 0.63261944 0.71978752 0.50414201
 0.4789644  0.56       0.37788018 0.44982699 0.65838509 0.48333333
 0.76106195 0.47349823 0.35701275 0.13636364 0.39772727 0.0754717
 0.24858757 0.38866397 0.53038674 0.37414966 0.40343348 0.20809249
 0.24434389 0.82987552 0.32579186 0.3583815  0.44791667 0.41237113
 0.18421053 0.26446281 0.42307692 0.21455939 0.43209877 0.28282828
 0.44748858 0.40875912 0.22429907 0.18518519 0.09580838 0.51923077
 0.5511811  0.26181818 0.61728395 0.46478873 0.38679245 0.40677966
 0.19354839 0.48571429]",0.8062183169533498,0.8376397259062032,"[0.7457491  0.73146728 0.87776452 0.85325311 0.89922433 0.74426252
 0.82352077 0.85243103 0.73940438 0.7998446  0.86061606 0.81732055
 0.95835323 0.78260764 0.68799399 0.68679047 0.81259151 0.61741887
 0.69776242 0.77436398 0.9205879  0.75738948 0.81560288 0.72065297
 0.77788617 0.97369592 0.77640719 0.77823559 0.83602458 0.85584931
 0.82444516 0.71627649 0.85612835 0.69786716 0.86275604 0.82902924
 0.83209117 0.78015606 0.81864162 0.76174069 0.61674695 0.87498487
 0.94825857 0.78471436 0.9118419  0.89896851 0.8139158  0.85338992
 0.80426378 0.84962687]",0.4740286298568508,0.5762654898141708,1467.0,0.4368232234639411,0.4998379158930834,"[0.646405   0.49703704 0.61965679 0.62648009 0.71971706 0.39243243
 0.63119266 0.58982512 0.3397642  0.45971564 0.6839934  0.56587735
 0.77122642 0.45601173 0.29399368 0.5176004  0.38425492 0.04545455
 0.26455026 0.3030303  0.62607697 0.5075188  0.39848197 0.30166503
 0.3299389  0.75304348 0.34199726 0.3055199  0.57981221 0.48414376
 0.43065693 0.22720478 0.40588235 0.2816568  0.48476821 0.30612245
 0.44840764 0.43947368 0.28082192 0.21989529 0.09976247 0.6173913
 0.49406688 0.24471635 0.57142857 0.48629321 0.2038835  0.52188552
 0.239819   0.40060698]",0.8413021069390239,0.8608882282445256,"[0.79680714 0.79327344 0.86590919 0.86978195 0.90821129 0.80554266
 0.85998676 0.87877267 0.7566338  0.82098714 0.89030669 0.87152477
 0.96400988 0.78886729 0.7163731  0.83799927 0.81625563 0.69979465
 0.72805089 0.72792334 0.93821797 0.85060361 0.81362261 0.80406975
 0.8286429  0.96742697 0.85266049 0.79741888 0.90716087 0.90775898
 0.86197336 0.76061112 0.89421411 0.80414794 0.89390538 0.8453047
 0.86903481 0.84803573 0.82992988 0.81357009 0.79293922 0.91481226
 0.93903671 0.78074496 0.89849169 0.89722533 0.78927519 0.87764348
 0.84008664 0.84952817]",0.5013694878115584,0.6334822768748204,7302.0,16.0,[6.164675581296259e-07],/home/carnelutti/Codes/ICD_Coding/Multi_modal_continiuous/Data/Saved/Events_HADM_50.json,/home/carnelutti/Codes/CAML-DR/Github_code/mimicdata/mimic3,/home/carnelutti/Codes/ICD_Coding/Multi_modal_continiuous/,Multi_modal,multi_modal,/home/carnelutti/caml_splits.csv,/home/carnelutti,/home/carnelutti/Codes/CAML-DR/PLM_ICD_DIR/RoBERTa-base-PM-M3-Voc-distill-align/RoBERTa-base-PM-M3-Voc-distill-align-hf,/home/carnelutti/Codes/ICD_Coding/Multi_modal_continiuous/Data/Saved/,/home/carnelutti/Codes/ICD_Coding/Multi_modal_continiuous/Data/Events_HADM_50.json,/home/carnelutti/Codes/ICD_Coding/Multi_modal_continiuous/Data/Saved/token_dicts.json,1.0,5e-05,20.0,768.0,"{'num_items': 658, 'num_flags': 3, 'do_value': True}","{'num_specimens': 85, 'num_organisms': 212, 'num_antibiotics': 31, 'num_interpretations': 4}","{'num_gsn': 3297, 'do_value': True, 'num_routes': 72}",50.0,1.0,False,True,1.0,16.0,True,1.0,True,True,False,False,True,False,none,True,True,False,16.0,20.0,3.0,False,True
17,17.0,17.0,,,,,,,,,,,,,,,,,,,0.4115545966729804,0.4742811922975468,"[0.66480056 0.40879121 0.63739837 0.63245033 0.71862616 0.49097473
 0.48231511 0.55898367 0.36448598 0.43816254 0.66386555 0.46892655
 0.76106195 0.47017544 0.3540146  0.15053763 0.38372093 0.07476636
 0.24225352 0.38174274 0.53072626 0.38095238 0.4        0.20930233
 0.24434389 0.82987552 0.32727273 0.3583815  0.44444444 0.40955631
 0.20253165 0.27642276 0.41984733 0.21132075 0.43209877 0.28282828
 0.4516129  0.4057971  0.22641509 0.18518519 0.08433735 0.51923077
 0.5511811  0.25735294 0.61728395 0.47482014 0.39622642 0.40677966
 0.19354839 0.5       ]",0.8062453120291657,0.8374437837562578,"[0.74614031 0.73200574 0.87759406 0.85291251 0.8994014  0.74412906
 0.82322278 0.85242469 0.7390998  0.7996374  0.86066136 0.81769549
 0.9586076  0.78199887 0.68852636 0.68582691 0.81314237 0.61707064
 0.69756577 0.77413028 0.92062195 0.75766506 0.81626146 0.72142192
 0.77751578 0.97369592 0.77637494 0.77808711 0.83635162 0.85566893
 0.8247145  0.71622003 0.8554777  0.69891842 0.86248786 0.82918808
 0.83223155 0.78042328 0.81905077 0.76208048 0.61622246 0.87452076
 0.9477951  0.78484022 0.91198419 0.899177   0.81586578 0.85229574
 0.80397455 0.84933902]",0.4736196319018405,0.5757055390659674,1467.0,0.4372298616204015,0.5015543736095355,"[0.65026664 0.48893888 0.61056628 0.63105056 0.72966507 0.37652036
 0.63985033 0.59952419 0.33922997 0.46902142 0.69756098 0.57596095
 0.77294118 0.47398844 0.28481345 0.52719255 0.39960823 0.06205251
 0.27990431 0.29796356 0.60889139 0.50182482 0.42557252 0.28979592
 0.31862217 0.76738197 0.34691196 0.31876607 0.55329341 0.46767241
 0.38653367 0.22507123 0.3996004  0.26634383 0.48930481 0.30810811
 0.44050633 0.41975309 0.28289474 0.20577617 0.1030445  0.62108262
 0.50819672 0.265625   0.56207367 0.47800238 0.22435897 0.53700516
 0.20861678 0.42424242]",0.8415382173259411,0.8611206475433522,"[0.79700644 0.78583557 0.86189342 0.86950659 0.91044231 0.80489419
 0.86198675 0.88379739 0.76612336 0.81452532 0.88415731 0.86876527
 0.96379655 0.79825866 0.7150195  0.83701221 0.81205445 0.70611688
 0.73560979 0.72770193 0.93379779 0.85146403 0.82130568 0.80174146
 0.82498892 0.97249634 0.85819614 0.80350094 0.90549772 0.90701696
 0.86090015 0.75324974 0.90198496 0.80504721 0.89669982 0.83400083
 0.87313833 0.84216578 0.8277147  0.81394075 0.78631056 0.92114675
 0.93481081 0.78639865 0.89503075 0.90152184 0.79823557 0.87973673
 0.83545447 0.84491261]",0.5016986301369862,0.6324695772056724,7300.0,17.0,[2.9237717506831564e-07],/home/carnelutti/Codes/ICD_Coding/Multi_modal_continiuous/Data/Saved/Events_HADM_50.json,/home/carnelutti/Codes/CAML-DR/Github_code/mimicdata/mimic3,/home/carnelutti/Codes/ICD_Coding/Multi_modal_continiuous/,Multi_modal,multi_modal,/home/carnelutti/caml_splits.csv,/home/carnelutti,/home/carnelutti/Codes/CAML-DR/PLM_ICD_DIR/RoBERTa-base-PM-M3-Voc-distill-align/RoBERTa-base-PM-M3-Voc-distill-align-hf,/home/carnelutti/Codes/ICD_Coding/Multi_modal_continiuous/Data/Saved/,/home/carnelutti/Codes/ICD_Coding/Multi_modal_continiuous/Data/Events_HADM_50.json,/home/carnelutti/Codes/ICD_Coding/Multi_modal_continiuous/Data/Saved/token_dicts.json,1.0,5e-05,20.0,768.0,"{'num_items': 658, 'num_flags': 3, 'do_value': True}","{'num_specimens': 85, 'num_organisms': 212, 'num_antibiotics': 31, 'num_interpretations': 4}","{'num_gsn': 3297, 'do_value': True, 'num_routes': 72}",50.0,1.0,False,True,1.0,16.0,True,1.0,True,True,False,False,True,False,none,True,True,False,16.0,20.0,3.0,False,True
18,18.0,,,,,,,,,,,,,,,,,,,,0.4122398034728469,0.4753623188405797,"[0.66198173 0.41048035 0.63621533 0.6345515  0.71862616 0.49880668
 0.48101266 0.55797101 0.36448598 0.45070423 0.66388309 0.47323944
 0.76832845 0.47017544 0.35036496 0.15555556 0.39306358 0.07476636
 0.24571429 0.38842975 0.53005464 0.37671233 0.40336134 0.20930233
 0.24215247 0.83471074 0.32727273 0.36781609 0.45263158 0.41237113
 0.17948718 0.27642276 0.42307692 0.21722846 0.43209877 0.28282828
 0.4516129  0.39416058 0.22641509 0.18518519 0.08433735 0.51923077
 0.54054054 0.25925926 0.61728395 0.47482014 0.4        0.40336134
 0.19354839 0.49635036]",0.8062217405853057,0.8375751393076065,"[0.74608041 0.73207571 0.87756381 0.85293737 0.89927352 0.74427674
 0.82335709 0.85245003 0.73873062 0.79975395 0.86067754 0.81759886
 0.95853324 0.782781   0.68797439 0.68647512 0.81305539 0.61711923
 0.69739569 0.77427233 0.9205879  0.75823399 0.81661819 0.72077995
 0.77708279 0.97360694 0.77645785 0.77800049 0.83639931 0.85519481
 0.82509158 0.71586247 0.85541097 0.69852725 0.8627053  0.82950575
 0.83216774 0.78046782 0.8192597  0.76229508 0.6164567  0.87440978
 0.94753677 0.78516887 0.91144664 0.89904532 0.81464387 0.85264342
 0.80385462 0.84924307]",0.474573960463531,0.5763039919453485,1467.0,0.4386294855170968,0.5036842338417922,"[0.65419598 0.50577281 0.61098901 0.62922966 0.73677991 0.40337909
 0.63725035 0.58214431 0.34368308 0.47887324 0.69869707 0.56658596
 0.77659574 0.46734398 0.27630181 0.5441104  0.40273705 0.05973716
 0.26643192 0.27556512 0.61981567 0.51235133 0.4082397  0.30421377
 0.32708333 0.75962361 0.35573123 0.29086229 0.53477218 0.48883929
 0.41025641 0.24817518 0.38853503 0.27956989 0.48404255 0.31443299
 0.43599493 0.41991925 0.27620632 0.2254025  0.08571429 0.62038405
 0.51883746 0.26315789 0.55302013 0.4876905  0.22585925 0.50993377
 0.23503326 0.43137255]",0.8430299719700717,0.8624107973829978,"[0.79907376 0.78952779 0.86388175 0.87129798 0.91335159 0.81215558
 0.86665272 0.8837036  0.76172003 0.8250469  0.89540732 0.87161183
 0.96296173 0.79668364 0.70946439 0.84766799 0.8252586  0.7063243
 0.7295686  0.72666765 0.94010164 0.85729505 0.81687878 0.79724987
 0.83147353 0.96911346 0.8614404  0.79385213 0.90785638 0.9078181
 0.8568003  0.75591848 0.89463311 0.81074796 0.89953787 0.83066973
 0.87106489 0.84900869 0.82706319 0.81974953 0.79294815 0.91798089
 0.93832167 0.78370288 0.89771271 0.90586217 0.7974738  0.89017898
 0.8327405  0.83827598]",0.5031532766657527,0.6333887114346405,7294.0,18.0,[7.597854420719033e-08],/home/carnelutti/Codes/ICD_Coding/Multi_modal_continiuous/Data/Saved/Events_HADM_50.json,/home/carnelutti/Codes/CAML-DR/Github_code/mimicdata/mimic3,/home/carnelutti/Codes/ICD_Coding/Multi_modal_continiuous/,Multi_modal,multi_modal,/home/carnelutti/caml_splits.csv,/home/carnelutti,/home/carnelutti/Codes/CAML-DR/PLM_ICD_DIR/RoBERTa-base-PM-M3-Voc-distill-align/RoBERTa-base-PM-M3-Voc-distill-align-hf,/home/carnelutti/Codes/ICD_Coding/Multi_modal_continiuous/Data/Saved/,/home/carnelutti/Codes/ICD_Coding/Multi_modal_continiuous/Data/Events_HADM_50.json,/home/carnelutti/Codes/ICD_Coding/Multi_modal_continiuous/Data/Saved/token_dicts.json,1.0,5e-05,20.0,768.0,"{'num_items': 658, 'num_flags': 3, 'do_value': True}","{'num_specimens': 85, 'num_organisms': 212, 'num_antibiotics': 31, 'num_interpretations': 4}","{'num_gsn': 3297, 'do_value': True, 'num_routes': 72}",50.0,1.0,False,True,1.0,16.0,True,1.0,True,True,False,False,True,False,none,True,True,False,16.0,20.0,3.0,False,True
19,,,,,,,,,,,,,,,,,,,,,0.41220004539001665,0.4752553542009884,"[0.65915493 0.41137856 0.63843648 0.63681592 0.71618037 0.49880668
 0.48101266 0.56057866 0.36363636 0.44912281 0.66527197 0.47619048
 0.76832845 0.47017544 0.35100548 0.15555556 0.39306358 0.07476636
 0.24571429 0.38842975 0.53005464 0.37671233 0.39662447 0.21052632
 0.24215247 0.83471074 0.32876712 0.36781609 0.45263158 0.41237113
 0.17948718 0.27530364 0.42307692 0.21804511 0.43209877 0.28282828
 0.4516129  0.39416058 0.22641509 0.18518519 0.08433735 0.51923077
 0.54474708 0.25925926 0.61728395 0.47482014 0.4        0.40336134
 0.19354839 0.48920863]",0.8061931966975444,0.8375802726552237,"[0.74593816 0.73204225 0.87754182 0.85299456 0.89922925 0.74426689
 0.82324797 0.85248171 0.73880138 0.79979496 0.86063548 0.81759499
 0.9584628  0.78283745 0.68790581 0.68658024 0.81305539 0.61717592
 0.69731066 0.77431816 0.9205425  0.75817176 0.81652489 0.72027202
 0.77701497 0.97359026 0.776421   0.77801287 0.83641975 0.85519996
 0.82498384 0.71585777 0.85532755 0.69846369 0.86275604 0.8297113
 0.83207203 0.78053908 0.81923358 0.76211624 0.61640578 0.87431898
 0.94741521 0.78506398 0.9113913  0.89903435 0.81473884 0.85261274
 0.80398866 0.84924307]",0.47443762781186094,0.576031402000093,1467.0,0.4441730171204707,0.5065771970794288,"[0.65562457 0.50997783 0.61426307 0.64025927 0.72716418 0.38987614
 0.65243071 0.59235412 0.36102236 0.46342891 0.69575957 0.58454106
 0.76600838 0.46501458 0.28647497 0.53393214 0.38342967 0.07646356
 0.26159334 0.31149302 0.61284821 0.51558074 0.40228789 0.299389
 0.33646813 0.74499565 0.37066667 0.32129514 0.5744186  0.47619048
 0.4029304  0.22416303 0.41084463 0.25151149 0.49868766 0.33333333
 0.44705882 0.4386423  0.29351536 0.26548673 0.11876485 0.63703704
 0.50365726 0.25494505 0.57608696 0.50400916 0.24675325 0.52559727
 0.21719457 0.43317972]",0.8449777383889406,0.8641568187097625,"[0.79957373 0.78966135 0.86189641 0.87649828 0.91100979 0.81075513
 0.86903508 0.88321459 0.76453427 0.82339415 0.89030688 0.87613263
 0.95617067 0.80081089 0.71222778 0.84504131 0.82991146 0.71383975
 0.72758874 0.73210921 0.93506909 0.86431577 0.83347345 0.80243423
 0.82745641 0.96635745 0.86088666 0.80518773 0.91678859 0.91074828
 0.8709949  0.76635941 0.89972958 0.80163129 0.90666314 0.83654824
 0.87905291 0.84307163 0.8261814  0.81596236 0.79825851 0.9210178
 0.93314438 0.78923184 0.89730385 0.90705441 0.80638027 0.87844417
 0.83260445 0.84282261]",0.5039846111569113,0.6369777103637941,7278.0,19.0,[2.003021680872143e-10],/home/carnelutti/Codes/ICD_Coding/Multi_modal_continiuous/Data/Saved/Events_HADM_50.json,/home/carnelutti/Codes/CAML-DR/Github_code/mimicdata/mimic3,/home/carnelutti/Codes/ICD_Coding/Multi_modal_continiuous/,Multi_modal,multi_modal,/home/carnelutti/caml_splits.csv,/home/carnelutti,/home/carnelutti/Codes/CAML-DR/PLM_ICD_DIR/RoBERTa-base-PM-M3-Voc-distill-align/RoBERTa-base-PM-M3-Voc-distill-align-hf,/home/carnelutti/Codes/ICD_Coding/Multi_modal_continiuous/Data/Saved/,/home/carnelutti/Codes/ICD_Coding/Multi_modal_continiuous/Data/Events_HADM_50.json,/home/carnelutti/Codes/ICD_Coding/Multi_modal_continiuous/Data/Saved/token_dicts.json,1.0,5e-05,20.0,768.0,"{'num_items': 658, 'num_flags': 3, 'do_value': True}","{'num_specimens': 85, 'num_organisms': 212, 'num_antibiotics': 31, 'num_interpretations': 4}","{'num_gsn': 3297, 'do_value': True, 'num_routes': 72}",50.0,1.0,False,True,1.0,16.0,True,1.0,True,True,False,False,True,False,none,True,True,False,16.0,20.0,3.0,False,True
